{
    "train_accuracy": [
        0.7061224579811096,
        0.7551020383834839,
        0.7836734652519226,
        0.7918367385864258,
        0.7877551317214966,
        0.8326530456542969,
        0.8326530456542969,
        0.8367347121238708,
        0.8367347121238708,
        0.8530611991882324
    ],
    "val_accuracy": [
        0.7358490824699402,
        0.6792452931404114,
        0.698113203048706,
        0.7169811129570007,
        0.7358490824699402,
        0.698113203048706,
        0.7169811129570007,
        0.7169811129570007,
        0.7169811129570007,
        0.7547169923782349
    ],
    "train_loss": [
        0.984483003616333,
        0.8400681018829346,
        0.7986005544662476,
        0.7497925162315369,
        0.7141522169113159,
        0.6498503684997559,
        0.6621683835983276,
        0.5814501643180847,
        0.599261462688446,
        0.5487701892852783
    ],
    "val_loss": [
        0.9551063179969788,
        0.9812930226325989,
        0.9114651083946228,
        0.8605557084083557,
        0.866756796836853,
        0.8518416285514832,
        0.8502797484397888,
        0.8244431614875793,
        0.8527641892433167,
        0.8093745112419128
    ],
    "communication_cost": 25.957305908203125,
    "size_model": 12.978652954101562
}