{
    "train_accuracy": [
        0.8355408310890198,
        0.8388521075248718,
        0.8598234057426453,
        0.868653416633606,
        0.8653421401977539,
        0.8642383813858032,
        0.8841059803962708,
        0.8962472677230835,
        0.8907284736633301,
        0.8951435089111328
    ],
    "val_accuracy": [
        0.7886598110198975,
        0.7938144207000732,
        0.7783505320549011,
        0.7835051417350769,
        0.8041236996650696,
        0.8092783689498901,
        0.7989690899848938,
        0.8298969268798828,
        0.8195876479148865,
        0.8298969268798828
    ],
    "train_loss": [
        0.6090962886810303,
        0.5608043074607849,
        0.5335775017738342,
        0.5072450041770935,
        0.4912128448486328,
        0.48924729228019714,
        0.46294519305229187,
        0.4384995102882385,
        0.43212613463401794,
        0.4091074466705322
    ],
    "val_loss": [
        0.6895197629928589,
        0.6728751063346863,
        0.6572729349136353,
        0.6503974795341492,
        0.6404501795768738,
        0.6577549576759338,
        0.6371693015098572,
        0.6234214901924133,
        0.61858069896698,
        0.6278427839279175
    ],
    "communication_cost": 25.957305908203125,
    "size_model": 12.978652954101562
}