{
    "train_accuracy": [
        0.8520971536636353,
        0.8730684518814087,
        0.8818984627723694,
        0.887417197227478,
        0.887417197227478,
        0.8730684518814087,
        0.8741722106933594,
        0.8807947039604187,
        0.8973509669303894,
        0.9128035306930542
    ],
    "val_accuracy": [
        0.8092783689498901,
        0.8092783689498901,
        0.8041236996650696,
        0.8195876479148865,
        0.8195876479148865,
        0.7989690899848938,
        0.8092783689498901,
        0.7938144207000732,
        0.7886598110198975,
        0.8092783689498901
    ],
    "train_loss": [
        0.551042377948761,
        0.4925890564918518,
        0.4776321053504944,
        0.46434372663497925,
        0.45610496401786804,
        0.4706293046474457,
        0.4698718190193176,
        0.4419420659542084,
        0.41679129004478455,
        0.3756813704967499
    ],
    "val_loss": [
        0.6302900314331055,
        0.6212759017944336,
        0.6225976347923279,
        0.6297740936279297,
        0.6458744406700134,
        0.702021598815918,
        0.637117862701416,
        0.6440683007240295,
        0.6416578888893127,
        0.6347678899765015
    ],
    "communication_cost": 25.957305908203125,
    "size_model": 12.978652954101562
}