{
    "train_accuracy": [
        0.7030927538871765,
        0.7546391487121582,
        0.777319610118866,
        0.7938144207000732,
        0.7958762645721436,
        0.7793814539909363,
        0.8061855435371399,
        0.8041236996650696,
        0.800000011920929,
        0.8020618557929993
    ],
    "val_accuracy": [
        0.6730769276618958,
        0.7307692170143127,
        0.7211538553237915,
        0.7115384340286255,
        0.7115384340286255,
        0.682692289352417,
        0.6442307829856873,
        0.6346153616905212,
        0.567307710647583,
        0.5769230723381042
    ],
    "train_loss": [
        0.8583183288574219,
        0.7360769510269165,
        0.718786358833313,
        0.6927404403686523,
        0.6656421422958374,
        0.6740303635597229,
        0.6369982957839966,
        0.641961932182312,
        0.6323022842407227,
        0.6377547383308411
    ],
    "val_loss": [
        0.9236875176429749,
        0.8410438895225525,
        0.8283442258834839,
        0.823697030544281,
        0.8268385529518127,
        0.8508198261260986,
        0.9132046103477478,
        0.942939817905426,
        1.0199408531188965,
        0.9801257252693176
    ],
    "communication_cost": 25.957305908203125,
    "size_model": 12.978652954101562
}