{
    "train_accuracy": [
        0.6742209792137146,
        0.6968838572502136,
        0.7110481858253479,
        0.7308781743049622,
        0.7167139053344727,
        0.7252124547958374,
        0.7507082223892212,
        0.779036819934845,
        0.7932011485099792,
        0.7733711004257202
    ],
    "val_accuracy": [
        0.7236841917037964,
        0.6315789222717285,
        0.6447368264198303,
        0.6315789222717285,
        0.6710526347160339,
        0.6842105388641357,
        0.6973684430122375,
        0.7105262875556946,
        0.6973684430122375,
        0.6973684430122375
    ],
    "train_loss": [
        0.9246534705162048,
        0.874676525592804,
        0.8312690854072571,
        0.7889158129692078,
        0.7819129824638367,
        0.7681840658187866,
        0.7104700803756714,
        0.6816973090171814,
        0.6495797634124756,
        0.6375338435173035
    ],
    "val_loss": [
        0.986993670463562,
        1.0188169479370117,
        0.9651628732681274,
        0.9497284889221191,
        0.9367636442184448,
        0.8657073974609375,
        0.8184799551963806,
        0.8065040707588196,
        0.8223075866699219,
        0.8693709969520569
    ],
    "communication_cost": 25.957305908203125,
    "size_model": 12.978652954101562
}