{
    "train_accuracy": [
        0.5576131939888,
        0.5823045372962952,
        0.604938268661499,
        0.5946502089500427,
        0.5905349850654602,
        0.6172839403152466,
        0.6502057909965515,
        0.6584362387657166,
        0.693415641784668,
        0.7160493731498718
    ],
    "val_accuracy": [
        0.5384615659713745,
        0.5384615659713745,
        0.5384615659713745,
        0.5384615659713745,
        0.567307710647583,
        0.6538461446762085,
        0.6538461446762085,
        0.6730769276618958,
        0.6730769276618958,
        0.6634615659713745
    ],
    "train_loss": [
        1.1490159034729004,
        1.0907776355743408,
        1.0464954376220703,
        1.0313624143600464,
        1.0183892250061035,
        0.9473415613174438,
        0.9139611124992371,
        0.9012851119041443,
        0.8647162318229675,
        0.8188183307647705
    ],
    "val_loss": [
        1.199052333831787,
        1.14103102684021,
        1.1253467798233032,
        1.1038296222686768,
        1.062584400177002,
        1.038820505142212,
        1.001528263092041,
        0.9871018528938293,
        0.9612019658088684,
        0.9762337803840637
    ],
    "communication_cost": 25.957305908203125,
    "size_model": 12.978652954101562
}