{
    "train_accuracy": [
        0.6164948344230652,
        0.6948453783988953,
        0.692783534526825,
        0.6824742555618286,
        0.7237113118171692,
        0.7402061820030212,
        0.7649484276771545,
        0.7546391487121582,
        0.7711340188980103,
        0.7711340188980103
    ],
    "val_accuracy": [
        0.5480769276618958,
        0.5480769276618958,
        0.5961538553237915,
        0.5865384340286255,
        0.567307710647583,
        0.6538461446762085,
        0.692307710647583,
        0.6730769276618958,
        0.692307710647583,
        0.6538461446762085
    ],
    "train_loss": [
        1.007378339767456,
        0.8954479098320007,
        0.8931000232696533,
        0.8685901761054993,
        0.8114343881607056,
        0.7869402766227722,
        0.7552340030670166,
        0.7668196558952332,
        0.7159717082977295,
        0.7339189648628235
    ],
    "val_loss": [
        1.1443405151367188,
        1.0511627197265625,
        1.043664813041687,
        1.0782426595687866,
        1.0364017486572266,
        0.996261477470398,
        0.9683657288551331,
        0.9669102430343628,
        0.9402567148208618,
        0.9448876976966858
    ],
    "communication_cost": 25.957305908203125,
    "size_model": 12.978652954101562
}