{
    "train_accuracy": [
        0.5495750904083252,
        0.5949008464813232,
        0.5949008464813232,
        0.5949008464813232,
        0.5949008464813232,
        0.5949008464813232,
        0.597733736038208,
        0.5949008464813232,
        0.5949008464813232,
        0.5949008464813232
    ],
    "val_accuracy": [
        0.6315789222717285,
        0.6315789222717285,
        0.6315789222717285,
        0.6315789222717285,
        0.6315789222717285,
        0.6315789222717285,
        0.6315789222717285,
        0.6315789222717285,
        0.6315789222717285,
        0.6315789222717285
    ],
    "train_loss": [
        1.425729751586914,
        1.2883015871047974,
        1.2343692779541016,
        1.2433806657791138,
        1.2209149599075317,
        1.2186468839645386,
        1.219368815422058,
        1.1975682973861694,
        1.1980894804000854,
        1.1810625791549683
    ],
    "val_loss": [
        1.2478286027908325,
        1.2967722415924072,
        1.2480236291885376,
        1.2513736486434937,
        1.2484900951385498,
        1.2383898496627808,
        1.2395703792572021,
        1.225736379623413,
        1.2277072668075562,
        1.2180408239364624
    ],
    "communication_cost": 25.957305908203125,
    "size_model": 12.978652954101562
}