{
    "train_accuracy": [
        0.6152263283729553,
        0.6995884776115417,
        0.748971164226532,
        0.7572016716003418,
        0.7654321193695068,
        0.7633745074272156,
        0.7860082387924194,
        0.806584358215332,
        0.8353909254074097,
        0.8415637612342834
    ],
    "val_accuracy": [
        0.6442307829856873,
        0.6730769276618958,
        0.6730769276618958,
        0.7019230723381042,
        0.692307710647583,
        0.692307710647583,
        0.7115384340286255,
        0.7115384340286255,
        0.682692289352417,
        0.6730769276618958
    ],
    "train_loss": [
        0.930446445941925,
        0.8183833360671997,
        0.7470455765724182,
        0.7185764312744141,
        0.7101425528526306,
        0.6827977895736694,
        0.6504364013671875,
        0.6214479804039001,
        0.570683479309082,
        0.5391860604286194
    ],
    "val_loss": [
        0.9309173822402954,
        0.8824889063835144,
        0.851935625076294,
        0.8289439678192139,
        0.8149486184120178,
        0.8122208714485168,
        0.8012696504592896,
        0.7821753025054932,
        0.8080494999885559,
        0.796062171459198
    ],
    "communication_cost": 25.957305908203125,
    "size_model": 12.978652954101562
}