{
    "1": {
        "loss": 1.5127888480758052,
        "loss_val": 1.5022303981041485,
        "loss_test": 1.5127888480758052,
        "val_accuracy": 0.34370502416700466,
        "test_accuracy": 0.3263328012337785,
        "test_f1-score": 0.21939514973968405,
        "CV": 0.4660832718220041
    },
    "2": {
        "loss": 1.1739415029524216,
        "loss_val": 1.1574341325459456,
        "loss_test": 1.1739415029524216,
        "val_accuracy": 0.5780657000707309,
        "test_accuracy": 0.5686591338360252,
        "test_f1-score": 0.41125298015694056,
        "CV": 0.6804437024243528
    },
    "3": {
        "loss": 0.9929990969682547,
        "loss_val": 0.9777949913638089,
        "loss_test": 0.9929990969682547,
        "val_accuracy": 0.6575494945434452,
        "test_accuracy": 0.6736672097916364,
        "test_f1-score": 0.5072851839474924,
        "CV": 0.5773801570774397
    },
    "4": {
        "loss": 0.928489104611423,
        "loss_val": 0.8968806414111173,
        "loss_test": 0.928489104611423,
        "val_accuracy": 0.6981008626725254,
        "test_accuracy": 0.7124394282385683,
        "test_f1-score": 0.5500235449270762,
        "CV": 0.49429466122903487
    },
    "5": {
        "loss": 0.8976589555886719,
        "loss_val": 0.8846581662028594,
        "loss_test": 0.8976589555886719,
        "val_accuracy": 0.6997162432971024,
        "test_accuracy": 0.7043618787086068,
        "test_f1-score": 0.5401925304690455,
        "CV": 0.5189166417861735
    }
}