{
    "train_accuracy": [
        0.6810699701309204,
        0.7139917612075806,
        0.7448559403419495,
        0.7798354029655457,
        0.798353910446167,
        0.8353909254074097,
        0.8497942090034485,
        0.8436213731765747,
        0.8477365970611572,
        0.8703703880310059
    ],
    "val_accuracy": [
        0.7211538553237915,
        0.6538461446762085,
        0.692307710647583,
        0.7211538553237915,
        0.7211538553237915,
        0.7307692170143127,
        0.7115384340286255,
        0.7211538553237915,
        0.692307710647583,
        0.7211538553237915
    ],
    "train_loss": [
        0.8206338286399841,
        0.7725841999053955,
        0.7000616192817688,
        0.6612035632133484,
        0.6147788763046265,
        0.5707977414131165,
        0.5522493720054626,
        0.5184503197669983,
        0.49616435170173645,
        0.4760960638523102
    ],
    "val_loss": [
        0.8418656587600708,
        0.8835789561271667,
        0.8342887163162231,
        0.7966238260269165,
        0.765740156173706,
        0.7598788738250732,
        0.7562723755836487,
        0.8049231171607971,
        0.7884191274642944,
        0.7516123056411743
    ],
    "communication_cost": 25.957305908203125,
    "size_model": 12.978652954101562
}