{
    "train_accuracy": [
        0.7880794405937195,
        0.815673291683197,
        0.8256070613861084,
        0.8443708419799805,
        0.8520971536636353,
        0.8642383813858032,
        0.8631346821784973,
        0.8697571754455566,
        0.8631346821784973,
        0.8818984627723694
    ],
    "val_accuracy": [
        0.8041236996650696,
        0.8092783689498901,
        0.7938144207000732,
        0.8144329786300659,
        0.8195876479148865,
        0.7938144207000732,
        0.8041236996650696,
        0.8092783689498901,
        0.8247422575950623,
        0.8144329786300659
    ],
    "train_loss": [
        0.7293122410774231,
        0.6442746520042419,
        0.6074938178062439,
        0.5718308091163635,
        0.5623520016670227,
        0.5333906412124634,
        0.5404444336891174,
        0.5100181102752686,
        0.5050614476203918,
        0.48108023405075073
    ],
    "val_loss": [
        0.7766726613044739,
        0.7223063111305237,
        0.7155532836914062,
        0.676395833492279,
        0.6681350469589233,
        0.6868419051170349,
        0.671455442905426,
        0.6534940004348755,
        0.6652846932411194,
        0.6497467756271362
    ],
    "communication_cost": 25.957305908203125,
    "size_model": 12.978652954101562
}