{
    "train_accuracy": [
        0.8592965006828308,
        0.876884400844574,
        0.8994975090026855,
        0.9070351719856262,
        0.8944723606109619,
        0.8894472122192383,
        0.8994975090026855,
        0.8919597864151001,
        0.9120603203773499,
        0.9321607947349548
    ],
    "val_accuracy": [
        0.8117647171020508,
        0.9058823585510254,
        0.9176470637321472,
        0.8705882430076599,
        0.8235294222831726,
        0.8117647171020508,
        0.8117647171020508,
        0.8941176533699036,
        0.929411768913269,
        0.929411768913269
    ],
    "train_loss": [
        0.6216478943824768,
        0.4929232895374298,
        0.4309587776660919,
        0.3971487879753113,
        0.39777007699012756,
        0.40977245569229126,
        0.4134525954723358,
        0.4377410411834717,
        0.3915514647960663,
        0.3505879342556
    ],
    "val_loss": [
        0.5636557340621948,
        0.48951977491378784,
        0.45688432455062866,
        0.4974219501018524,
        0.557689905166626,
        0.581277072429657,
        0.5718019008636475,
        0.4490460157394409,
        0.4234568774700165,
        0.4119293987751007
    ],
    "communication_cost": 25.957305908203125,
    "size_model": 12.978652954101562
}