{
    "train_accuracy": [
        0.6175637245178223,
        0.6118980050086975,
        0.643059492111206,
        0.6628895401954651,
        0.6883852481842041,
        0.6997166872024536,
        0.7280453443527222,
        0.7195467352867126,
        0.7337110638618469,
        0.7365438938140869
    ],
    "val_accuracy": [
        0.6710526347160339,
        0.6578947305679321,
        0.6710526347160339,
        0.6973684430122375,
        0.7236841917037964,
        0.7105262875556946,
        0.6447368264198303,
        0.6842105388641357,
        0.6578947305679321,
        0.6842105388641357
    ],
    "train_loss": [
        1.1880378723144531,
        1.139901041984558,
        1.0742602348327637,
        1.0192224979400635,
        0.9549405574798584,
        0.9026615619659424,
        0.87498539686203,
        0.8443248867988586,
        0.8373657464981079,
        0.7941785454750061
    ],
    "val_loss": [
        1.240636944770813,
        1.134315848350525,
        1.1449517011642456,
        1.090749740600586,
        1.0370639562606812,
        1.0448534488677979,
        1.049245834350586,
        0.9780899882316589,
        1.053217887878418,
        0.9817501902580261
    ],
    "communication_cost": 25.957305908203125,
    "size_model": 12.978652954101562
}