{
    "train_accuracy": [
        0.6855524182319641,
        0.7138810157775879,
        0.7648725509643555,
        0.7620396614074707,
        0.756373941898346,
        0.7903682589530945,
        0.7960339784622192,
        0.8158640265464783,
        0.821529746055603,
        0.8668555021286011
    ],
    "val_accuracy": [
        0.7894737124443054,
        0.8157894611358643,
        0.7894737124443054,
        0.7763158082962036,
        0.7631579041481018,
        0.6842105388641357,
        0.8289473652839661,
        0.8157894611358643,
        0.7631579041481018,
        0.7894737124443054
    ],
    "train_loss": [
        0.8260404467582703,
        0.7625642418861389,
        0.7232124209403992,
        0.7213209271430969,
        0.7177813053131104,
        0.7037216424942017,
        0.6560147404670715,
        0.5962114930152893,
        0.5665959715843201,
        0.5244989395141602
    ],
    "val_loss": [
        0.771662712097168,
        0.8321314454078674,
        0.7848518490791321,
        0.7497519254684448,
        0.814366340637207,
        0.9434142112731934,
        0.7324855327606201,
        0.7143046855926514,
        0.7422782182693481,
        0.7438313961029053
    ],
    "communication_cost": 25.957305908203125,
    "size_model": 12.978652954101562
}