{
    "train_accuracy": [
        0.5761317014694214,
        0.5781893134117126,
        0.5802469253540039,
        0.5823045372962952,
        0.5925925970077515,
        0.5802469253540039,
        0.588477373123169,
        0.5781893134117126,
        0.5843621492385864,
        0.596707820892334
    ],
    "val_accuracy": [
        0.5384615659713745,
        0.5384615659713745,
        0.5384615659713745,
        0.5384615659713745,
        0.5384615659713745,
        0.5384615659713745,
        0.5384615659713745,
        0.5384615659713745,
        0.5384615659713745,
        0.5384615659713745
    ],
    "train_loss": [
        1.3740402460098267,
        1.1705918312072754,
        1.1600466966629028,
        1.1443204879760742,
        1.123552918434143,
        1.1224887371063232,
        1.1074565649032593,
        1.092763900756836,
        1.0864362716674805,
        1.0755220651626587
    ],
    "val_loss": [
        1.270493745803833,
        1.2562609910964966,
        1.230730414390564,
        1.2162138223648071,
        1.1979889869689941,
        1.1909093856811523,
        1.1834884881973267,
        1.1632351875305176,
        1.1583789587020874,
        1.1363519430160522
    ],
    "communication_cost": 25.957305908203125,
    "size_model": 12.978652954101562
}