{
    "train_accuracy": [
        0.8316583037376404,
        0.8542713522911072,
        0.8743718862533569,
        0.8819095492362976,
        0.8869346976280212,
        0.8844221234321594,
        0.8793969750404358,
        0.8969849348068237,
        0.8844221234321594,
        0.8844221234321594
    ],
    "val_accuracy": [
        0.7882353067398071,
        0.7882353067398071,
        0.8352941274642944,
        0.8705882430076599,
        0.8588235378265381,
        0.8705882430076599,
        0.8823529481887817,
        0.9058823585510254,
        0.8941176533699036,
        0.9058823585510254
    ],
    "train_loss": [
        0.6762213110923767,
        0.549649715423584,
        0.49955078959465027,
        0.4743196368217468,
        0.4566192924976349,
        0.4426489472389221,
        0.4313884675502777,
        0.40859997272491455,
        0.4279879927635193,
        0.4117819666862488
    ],
    "val_loss": [
        0.6406672596931458,
        0.5808053612709045,
        0.542859673500061,
        0.5096500515937805,
        0.4970017075538635,
        0.4923427700996399,
        0.48182418942451477,
        0.45921581983566284,
        0.4536961317062378,
        0.44871750473976135
    ],
    "communication_cost": 25.957305908203125,
    "size_model": 12.978652954101562
}