{
    "train_accuracy": [
        0.48785871267318726,
        0.5452538728713989,
        0.6092715263366699,
        0.687637984752655,
        0.7185430526733398,
        0.759381890296936,
        0.7847682237625122,
        0.7913907170295715,
        0.8178808093070984,
        0.8245033025741577
    ],
    "val_accuracy": [
        0.5360824465751648,
        0.6288659572601318,
        0.6546391844749451,
        0.7268041372299194,
        0.7731958627700806,
        0.7525773048400879,
        0.7783505320549011,
        0.7783505320549011,
        0.7835051417350769,
        0.8247422575950623
    ],
    "train_loss": [
        1.3592432737350464,
        1.190104603767395,
        1.0753498077392578,
        0.9526087641716003,
        0.8755517601966858,
        0.791358470916748,
        0.7269052267074585,
        0.6994472146034241,
        0.6538401246070862,
        0.6385732889175415
    ],
    "val_loss": [
        1.2941893339157104,
        1.2250492572784424,
        1.1251325607299805,
        0.9767757058143616,
        0.917506217956543,
        0.8914183974266052,
        0.840987503528595,
        0.8066614866256714,
        0.7986593842506409,
        0.7427897453308105
    ],
    "communication_cost": 25.957305908203125,
    "size_model": 12.978652954101562
}