{
    "train_accuracy": [
        0.8542713522911072,
        0.876884400844574,
        0.9045225977897644,
        0.9195979833602905,
        0.9170854091644287,
        0.927135705947876,
        0.909547746181488,
        0.9170854091644287,
        0.947236180305481,
        0.9648241400718689
    ],
    "val_accuracy": [
        0.8117647171020508,
        0.929411768913269,
        0.8941176533699036,
        0.8588235378265381,
        0.8705882430076599,
        0.8588235378265381,
        0.9058823585510254,
        0.929411768913269,
        0.929411768913269,
        0.8941176533699036
    ],
    "train_loss": [
        0.595422625541687,
        0.4815917909145355,
        0.3984001874923706,
        0.34403032064437866,
        0.3578256070613861,
        0.3503342568874359,
        0.3616623878479004,
        0.35033801198005676,
        0.3051973581314087,
        0.27713119983673096
    ],
    "val_loss": [
        0.5353295803070068,
        0.45004695653915405,
        0.44175153970718384,
        0.4471418559551239,
        0.4524363875389099,
        0.44408857822418213,
        0.4120163917541504,
        0.4039486050605774,
        0.3998457193374634,
        0.44852134585380554
    ],
    "communication_cost": 25.957305908203125,
    "size_model": 12.978652954101562
}