{
    "train_accuracy": [
        0.6008230447769165,
        0.6419752836227417,
        0.6810699701309204,
        0.7242798209190369,
        0.748971164226532,
        0.7448559403419495,
        0.7613168954849243,
        0.7654321193695068,
        0.790123462677002,
        0.7839506268501282
    ],
    "val_accuracy": [
        0.6153846383094788,
        0.6730769276618958,
        0.6730769276618958,
        0.6730769276618958,
        0.75,
        0.75,
        0.7403846383094788,
        0.75,
        0.7211538553237915,
        0.7307692170143127
    ],
    "train_loss": [
        1.0514650344848633,
        0.9201818108558655,
        0.8567403554916382,
        0.8096933364868164,
        0.7759572863578796,
        0.7587854266166687,
        0.7387260794639587,
        0.7141880393028259,
        0.6761459112167358,
        0.6695232391357422
    ],
    "val_loss": [
        1.129189133644104,
        0.9844580292701721,
        0.9530836343765259,
        0.9106130599975586,
        0.8845130205154419,
        0.8297504782676697,
        0.8302110433578491,
        0.7863181233406067,
        0.8279112577438354,
        0.7987692952156067
    ],
    "communication_cost": 25.957305908203125,
    "size_model": 12.978652954101562
}