{
    "train_accuracy": [
        0.6758794188499451,
        0.7964823842048645,
        0.8266331553459167,
        0.8467336893081665,
        0.8844221234321594,
        0.8894472122192383,
        0.909547746181488,
        0.909547746181488,
        0.9145728349685669,
        0.909547746181488
    ],
    "val_accuracy": [
        0.729411780834198,
        0.729411780834198,
        0.7882353067398071,
        0.8117647171020508,
        0.8117647171020508,
        0.8117647171020508,
        0.8117647171020508,
        0.8117647171020508,
        0.8117647171020508,
        0.8235294222831726
    ],
    "train_loss": [
        1.0254369974136353,
        0.7044738531112671,
        0.6589987874031067,
        0.5993494987487793,
        0.5063834190368652,
        0.4577772319316864,
        0.44571441411972046,
        0.42313340306282043,
        0.4021041691303253,
        0.39352285861968994
    ],
    "val_loss": [
        0.8757152557373047,
        0.7646808624267578,
        0.7105570435523987,
        0.6601852178573608,
        0.6387718915939331,
        0.6428739428520203,
        0.6356470584869385,
        0.5822529196739197,
        0.604566752910614,
        0.5727193355560303
    ],
    "communication_cost": 25.957305908203125,
    "size_model": 12.978652954101562
}