{
    "train_accuracy": [
        0.7306122183799744,
        0.7591836452484131,
        0.8244897723197937,
        0.8244897723197937,
        0.8408163189888,
        0.8530611991882324,
        0.8693877458572388,
        0.8816326260566711,
        0.8816326260566711,
        0.8775510191917419
    ],
    "val_accuracy": [
        0.698113203048706,
        0.698113203048706,
        0.7169811129570007,
        0.7358490824699402,
        0.7169811129570007,
        0.7169811129570007,
        0.7169811129570007,
        0.698113203048706,
        0.7169811129570007,
        0.698113203048706
    ],
    "train_loss": [
        0.862916111946106,
        0.7974099516868591,
        0.6860458850860596,
        0.6286620497703552,
        0.6228328943252563,
        0.5584592223167419,
        0.5298601388931274,
        0.4932219386100769,
        0.4955211281776428,
        0.5049477219581604
    ],
    "val_loss": [
        0.9031745195388794,
        0.8880114555358887,
        0.8721646070480347,
        0.819694459438324,
        0.818157970905304,
        0.8107379674911499,
        0.8340266942977905,
        0.8328354358673096,
        0.7967573404312134,
        0.821479856967926
    ],
    "communication_cost": 25.957305908203125,
    "size_model": 12.978652954101562
}