{
    "train_accuracy": [
        0.7361809015274048,
        0.7814070582389832,
        0.7788944840431213,
        0.7814070582389832,
        0.7814070582389832,
        0.786432147026062,
        0.7914572954177856,
        0.80402010679245,
        0.8241205811500549,
        0.8442211151123047
    ],
    "val_accuracy": [
        0.729411780834198,
        0.729411780834198,
        0.729411780834198,
        0.729411780834198,
        0.729411780834198,
        0.729411780834198,
        0.7411764860153198,
        0.7529411911964417,
        0.7529411911964417,
        0.7882353067398071
    ],
    "train_loss": [
        1.2195826768875122,
        0.7964796423912048,
        0.7543348073959351,
        0.730132520198822,
        0.7139384150505066,
        0.7033445239067078,
        0.6967198848724365,
        0.6690594553947449,
        0.6473729014396667,
        0.6018170118331909
    ],
    "val_loss": [
        1.0181843042373657,
        0.9277034997940063,
        0.8718875646591187,
        0.880791962146759,
        0.8510735630989075,
        0.8402009010314941,
        0.8171975612640381,
        0.7828155755996704,
        0.757670521736145,
        0.7065587043762207
    ],
    "communication_cost": 25.957305908203125,
    "size_model": 12.978652954101562
}