{
    "train_accuracy": [
        0.6401765942573547,
        0.748344361782074,
        0.7803531885147095,
        0.8002207279205322,
        0.8112582564353943,
        0.8222957849502563,
        0.8322295546531677,
        0.8322295546531677,
        0.8410596251487732,
        0.8443708419799805
    ],
    "val_accuracy": [
        0.6958763003349304,
        0.7371134161949158,
        0.7680412530899048,
        0.7886598110198975,
        0.7886598110198975,
        0.8298969268798828,
        0.8402062058448792,
        0.8041236996650696,
        0.8144329786300659,
        0.8247422575950623
    ],
    "train_loss": [
        1.0520349740982056,
        0.7981488704681396,
        0.7317640781402588,
        0.6785585284233093,
        0.6356415152549744,
        0.6173142790794373,
        0.6017866134643555,
        0.5850756764411926,
        0.5764849185943604,
        0.5507916808128357
    ],
    "val_loss": [
        0.9840242862701416,
        0.9078148007392883,
        0.8465918302536011,
        0.7760437726974487,
        0.7379465103149414,
        0.7047428488731384,
        0.6877446174621582,
        0.6822817921638489,
        0.6808122992515564,
        0.6571531295776367
    ],
    "communication_cost": 25.957305908203125,
    "size_model": 12.978652954101562
}