{
    "train_accuracy": [
        0.4693877696990967,
        0.5918367505073547,
        0.6122449040412903,
        0.6326530575752258,
        0.6489796042442322,
        0.6612244844436646,
        0.6530612111091614,
        0.7061224579811096,
        0.7428571581840515,
        0.7142857313156128
    ],
    "val_accuracy": [
        0.4150943458080292,
        0.4716981053352356,
        0.5094339847564697,
        0.49056604504585266,
        0.4716981053352356,
        0.5849056839942932,
        0.6792452931404114,
        0.6603773832321167,
        0.6415094137191772,
        0.6415094137191772
    ],
    "train_loss": [
        1.3775798082351685,
        1.2763930559158325,
        1.1867281198501587,
        1.1065471172332764,
        1.062900424003601,
        1.0554625988006592,
        1.0131590366363525,
        0.9308508634567261,
        0.9049763083457947,
        0.878186047077179
    ],
    "val_loss": [
        1.4147672653198242,
        1.3656032085418701,
        1.301448941230774,
        1.2886747121810913,
        1.3042157888412476,
        1.1988824605941772,
        1.1063086986541748,
        1.078290581703186,
        1.0870561599731445,
        1.0954077243804932
    ],
    "communication_cost": 25.957305908203125,
    "size_model": 12.978652954101562
}