{
    "train_accuracy": [
        0.4804123640060425,
        0.49690720438957214,
        0.49484536051750183,
        0.5030927658081055,
        0.5216494798660278,
        0.5072165131568909,
        0.5360824465751648,
        0.5711340308189392,
        0.5958762764930725,
        0.6144329905509949
    ],
    "val_accuracy": [
        0.39423078298568726,
        0.39423078298568726,
        0.4134615361690521,
        0.42307692766189575,
        0.4326923191547394,
        0.45192307233810425,
        0.45192307233810425,
        0.4615384638309479,
        0.4326923191547394,
        0.4615384638309479
    ],
    "train_loss": [
        1.4370477199554443,
        1.287731409072876,
        1.2985384464263916,
        1.2586896419525146,
        1.2267096042633057,
        1.2227774858474731,
        1.2034024000167847,
        1.1711736917495728,
        1.151078701019287,
        1.0984464883804321
    ],
    "val_loss": [
        1.41389799118042,
        1.3509140014648438,
        1.341389775276184,
        1.3276159763336182,
        1.3167062997817993,
        1.3194200992584229,
        1.3123366832733154,
        1.30525541305542,
        1.2913953065872192,
        1.2803001403808594
    ],
    "communication_cost": 25.957305908203125,
    "size_model": 12.978652954101562
}