{
    "train_accuracy": [
        0.6742268204689026,
        0.7257732152938843,
        0.7175257802009583,
        0.7422680258750916,
        0.7711340188980103,
        0.7670103311538696,
        0.7958762645721436,
        0.8020618557929993,
        0.830927848815918,
        0.8103092908859253
    ],
    "val_accuracy": [
        0.6634615659713745,
        0.7115384340286255,
        0.7788461446762085,
        0.75,
        0.7884615659713745,
        0.7307692170143127,
        0.75,
        0.75,
        0.7596153616905212,
        0.75
    ],
    "train_loss": [
        0.8916308283805847,
        0.8119776844978333,
        0.7988386750221252,
        0.7466972470283508,
        0.7159442901611328,
        0.6885011196136475,
        0.6540169715881348,
        0.6445707678794861,
        0.5795494318008423,
        0.6001261472702026
    ],
    "val_loss": [
        0.9709960222244263,
        0.8906940817832947,
        0.8862048387527466,
        0.8955495357513428,
        0.8719155788421631,
        0.8833484649658203,
        0.8428158164024353,
        0.8421849608421326,
        0.8003221154212952,
        0.8314418792724609
    ],
    "communication_cost": 25.957305908203125,
    "size_model": 12.978652954101562
}