{
    "train_accuracy": [
        0.6816326379776001,
        0.6857143044471741,
        0.718367338180542,
        0.7591836452484131,
        0.7428571581840515,
        0.7551020383834839,
        0.7632653117179871,
        0.7795918583869934,
        0.7673469185829163,
        0.800000011920929
    ],
    "val_accuracy": [
        0.6415094137191772,
        0.6603773832321167,
        0.6603773832321167,
        0.6603773832321167,
        0.6603773832321167,
        0.6603773832321167,
        0.6037735939025879,
        0.6603773832321167,
        0.698113203048706,
        0.698113203048706
    ],
    "train_loss": [
        0.9948645830154419,
        0.9340787529945374,
        0.8618002533912659,
        0.8227464556694031,
        0.7762910723686218,
        0.7328433394432068,
        0.7409752607345581,
        0.7564029693603516,
        0.7761968970298767,
        0.6967215538024902
    ],
    "val_loss": [
        1.1405384540557861,
        1.029523491859436,
        0.990649938583374,
        1.0095444917678833,
        1.0406078100204468,
        1.076193928718567,
        1.1010737419128418,
        1.0380135774612427,
        0.9153265357017517,
        0.9181078672409058
    ],
    "communication_cost": 25.957305908203125,
    "size_model": 12.978652954101562
}