{
    "train_accuracy": [
        0.7082152962684631,
        0.7733711004257202,
        0.7648725509643555,
        0.7960339784622192,
        0.8158640265464783,
        0.8073654174804688,
        0.8413597941398621,
        0.8271954655647278,
        0.8356940746307373,
        0.8640226721763611
    ],
    "val_accuracy": [
        0.8289473652839661,
        0.8157894611358643,
        0.8026315569877625,
        0.8289473652839661,
        0.8289473652839661,
        0.8552631735801697,
        0.8421052694320679,
        0.8157894611358643,
        0.7631579041481018,
        0.7105262875556946
    ],
    "train_loss": [
        0.7954495549201965,
        0.7291848659515381,
        0.7016211748123169,
        0.6270003914833069,
        0.5945477485656738,
        0.5898920297622681,
        0.565812349319458,
        0.5484272241592407,
        0.5628392696380615,
        0.5173866152763367
    ],
    "val_loss": [
        0.6976197957992554,
        0.7990402579307556,
        0.692230761051178,
        0.6853923201560974,
        0.6865029335021973,
        0.691262423992157,
        0.6583821177482605,
        0.6685448884963989,
        0.7754117250442505,
        0.8300210237503052
    ],
    "communication_cost": 25.957305908203125,
    "size_model": 12.978652954101562
}