{
    "train_accuracy": [
        0.5072165131568909,
        0.5525773167610168,
        0.5711340308189392,
        0.5835051536560059,
        0.5938144326210022,
        0.6020618677139282,
        0.6000000238418579,
        0.6020618677139282,
        0.6371133923530579,
        0.6845360994338989
    ],
    "val_accuracy": [
        0.38461539149284363,
        0.45192307233810425,
        0.4423076808452606,
        0.4615384638309479,
        0.49038460850715637,
        0.49038460850715637,
        0.4711538553237915,
        0.5096153616905212,
        0.5384615659713745,
        0.557692289352417
    ],
    "train_loss": [
        1.2117927074432373,
        1.1546692848205566,
        1.1248092651367188,
        1.0932224988937378,
        1.067859172821045,
        1.0490280389785767,
        1.056119441986084,
        1.061237096786499,
        0.9774824976921082,
        0.9341112375259399
    ],
    "val_loss": [
        1.261074185371399,
        1.246751308441162,
        1.229753017425537,
        1.2067011594772339,
        1.174421787261963,
        1.1992030143737793,
        1.2030317783355713,
        1.1417994499206543,
        1.1095092296600342,
        1.0974791049957275
    ],
    "communication_cost": 25.957305908203125,
    "size_model": 12.978652954101562
}