{
    "train_accuracy": [
        0.4244897961616516,
        0.45306122303009033,
        0.4571428596973419,
        0.45306122303009033,
        0.45306122303009033,
        0.48163264989852905,
        0.5265306234359741,
        0.5510203838348389,
        0.5673469305038452,
        0.5795918107032776
    ],
    "val_accuracy": [
        0.3962264060974121,
        0.3962264060974121,
        0.3962264060974121,
        0.3962264060974121,
        0.3962264060974121,
        0.4150943458080292,
        0.4528301954269409,
        0.4528301954269409,
        0.4528301954269409,
        0.4528301954269409
    ],
    "train_loss": [
        1.5306707620620728,
        1.431026577949524,
        1.4293946027755737,
        1.4069459438323975,
        1.3848390579223633,
        1.361151099205017,
        1.334066390991211,
        1.3094066381454468,
        1.267261028289795,
        1.2372040748596191
    ],
    "val_loss": [
        1.5435353517532349,
        1.5045195817947388,
        1.5076597929000854,
        1.4949439764022827,
        1.4809682369232178,
        1.4611543416976929,
        1.4365267753601074,
        1.3990423679351807,
        1.3639863729476929,
        1.3269784450531006
    ],
    "communication_cost": 25.957305908203125,
    "size_model": 12.978652954101562
}