{
    "train_accuracy": [
        0.73243647813797,
        0.7623318433761597,
        0.7668161392211914,
        0.7727952003479004,
        0.7817638516426086,
        0.7952167391777039,
        0.7982062697410583,
        0.8116592168807983,
        0.8101644515991211,
        0.8355754613876343
    ],
    "val_accuracy": [
        0.692307710647583,
        0.6853147149085999,
        0.6853147149085999,
        0.692307710647583,
        0.6783216595649719,
        0.7132866978645325,
        0.7342657446861267,
        0.7272727489471436,
        0.7132866978645325,
        0.7062937021255493
    ],
    "train_loss": [
        0.8571860194206238,
        0.7629446983337402,
        0.7193371653556824,
        0.7208050489425659,
        0.6935244202613831,
        0.6644188165664673,
        0.6654675602912903,
        0.6492462754249573,
        0.6291001439094543,
        0.6042395830154419
    ],
    "val_loss": [
        0.9552184343338013,
        0.9894429445266724,
        1.001259207725525,
        0.9522329568862915,
        0.9290375709533691,
        0.9340555667877197,
        0.9177617430686951,
        0.9236893057823181,
        0.8879042863845825,
        0.9697940945625305
    ],
    "communication_cost": 25.957305908203125,
    "size_model": 12.978652954101562
}