{
    "train_accuracy": [
        0.5656108856201172,
        0.7058823704719543,
        0.7058823704719543,
        0.7058823704719543,
        0.7058823704719543,
        0.7058823704719543,
        0.7058823704719543,
        0.7058823704719543,
        0.7058823704719543,
        0.7058823704719543
    ],
    "val_accuracy": [
        0.8541666865348816,
        0.8541666865348816,
        0.8541666865348816,
        0.8541666865348816,
        0.8541666865348816,
        0.8541666865348816,
        0.8541666865348816,
        0.8541666865348816,
        0.8541666865348816,
        0.8541666865348816
    ],
    "train_loss": [
        1.519571304321289,
        1.2699029445648193,
        1.1373530626296997,
        1.1001543998718262,
        1.10606050491333,
        1.1124814748764038,
        1.0925308465957642,
        1.0974441766738892,
        1.0667319297790527,
        1.0702637434005737
    ],
    "val_loss": [
        1.4353305101394653,
        1.0445281267166138,
        0.9455568790435791,
        1.0778499841690063,
        1.0595320463180542,
        0.9905967116355896,
        1.0101566314697266,
        1.023545265197754,
        0.9964831471443176,
        0.9854744076728821
    ],
    "communication_cost": 25.957305908203125,
    "size_model": 12.978652954101562
}