{
    "train_accuracy": [
        0.7716981172561646,
        0.8094339370727539,
        0.8150943517684937,
        0.8113207817077637,
        0.8264151215553284,
        0.8320754766464233,
        0.8415094614028931,
        0.8433962464332581,
        0.854716956615448,
        0.8566038012504578
    ],
    "val_accuracy": [
        0.780701756477356,
        0.7368420958518982,
        0.7017543911933899,
        0.719298243522644,
        0.7368420958518982,
        0.7456140518188477,
        0.7456140518188477,
        0.7543859481811523,
        0.7280701994895935,
        0.7017543911933899
    ],
    "train_loss": [
        0.7827326655387878,
        0.685655951499939,
        0.6608815789222717,
        0.6460344791412354,
        0.6180511116981506,
        0.6071364879608154,
        0.595149576663971,
        0.5800402760505676,
        0.5621892213821411,
        0.547683835029602
    ],
    "val_loss": [
        0.8135011792182922,
        0.8166561722755432,
        0.8180336952209473,
        0.8104743361473083,
        0.7742555737495422,
        0.7853214740753174,
        0.7645218372344971,
        0.747683048248291,
        0.7831831574440002,
        0.835138738155365
    ],
    "communication_cost": 25.957305908203125,
    "size_model": 12.978652954101562
}