{
    "train_accuracy": [
        0.766153872013092,
        0.8030769228935242,
        0.818461537361145,
        0.8461538553237915,
        0.8646153807640076,
        0.873846173286438,
        0.8615384697914124,
        0.8830769062042236,
        0.873846173286438,
        0.9015384912490845
    ],
    "val_accuracy": [
        0.5571428537368774,
        0.699999988079071,
        0.6714285612106323,
        0.6571428775787354,
        0.6571428775787354,
        0.6857143044471741,
        0.6714285612106323,
        0.6857143044471741,
        0.6714285612106323,
        0.6857143044471741
    ],
    "train_loss": [
        0.8482087850570679,
        0.6917336583137512,
        0.624455451965332,
        0.5688464045524597,
        0.5470297336578369,
        0.5261865258216858,
        0.5212919116020203,
        0.5158445835113525,
        0.4884086847305298,
        0.45290133357048035
    ],
    "val_loss": [
        1.0929555892944336,
        0.8620226383209229,
        0.9011588096618652,
        0.9365066289901733,
        0.9153462052345276,
        0.9024513363838196,
        0.9615229964256287,
        0.9084143042564392,
        0.8842370510101318,
        0.8632605075836182
    ],
    "communication_cost": 25.957305908203125,
    "size_model": 12.978652954101562
}