{
    "train_accuracy": [
        0.7200000286102295,
        0.7753846049308777,
        0.7723076939582825,
        0.7938461303710938,
        0.7876923084259033,
        0.7846153974533081,
        0.7846153974533081,
        0.7876923084259033,
        0.7846153974533081,
        0.7599999904632568
    ],
    "val_accuracy": [
        0.5428571701049805,
        0.6142857074737549,
        0.6000000238418579,
        0.6000000238418579,
        0.5571428537368774,
        0.5571428537368774,
        0.5714285969734192,
        0.5571428537368774,
        0.6000000238418579,
        0.6428571343421936
    ],
    "train_loss": [
        0.995193600654602,
        0.8412299156188965,
        0.7933277487754822,
        0.7791049480438232,
        0.7523388862609863,
        0.7624129056930542,
        0.7548531889915466,
        0.754046618938446,
        0.7763306498527527,
        0.7923381328582764
    ],
    "val_loss": [
        1.292325735092163,
        1.242264747619629,
        1.2638860940933228,
        1.2602949142456055,
        1.3207120895385742,
        1.350791096687317,
        1.3209447860717773,
        1.3351753950119019,
        1.184165358543396,
        1.043913722038269
    ],
    "communication_cost": 25.957305908203125,
    "size_model": 12.978652954101562
}