{
    "train_accuracy": [
        0.7159940004348755,
        0.71898353099823,
        0.7354260087013245,
        0.7593423128128052,
        0.7638266086578369,
        0.7608370780944824,
        0.7683109045028687,
        0.7638266086578369,
        0.7877429127693176,
        0.7817638516426086
    ],
    "val_accuracy": [
        0.6783216595649719,
        0.6503496766090393,
        0.6433566212654114,
        0.6293706297874451,
        0.6223776340484619,
        0.6713286638259888,
        0.6643356680870056,
        0.692307710647583,
        0.7132866978645325,
        0.6853147149085999
    ],
    "train_loss": [
        0.8952165246009827,
        0.8234806656837463,
        0.8138553500175476,
        0.7644429802894592,
        0.7564714550971985,
        0.7370301485061646,
        0.7317991852760315,
        0.7265762090682983,
        0.7001259922981262,
        0.7013888955116272
    ],
    "val_loss": [
        1.0653091669082642,
        1.099798560142517,
        1.073306679725647,
        1.0828617811203003,
        1.0783807039260864,
        1.0024102926254272,
        0.9681709408760071,
        0.9475831985473633,
        0.9485650658607483,
        0.9624544978141785
    ],
    "communication_cost": 25.957305908203125,
    "size_model": 12.978652954101562
}