{
    "train_accuracy": [
        0.7375565767288208,
        0.7963801026344299,
        0.7918552160263062,
        0.814479649066925,
        0.8235294222831726,
        0.8280543088912964,
        0.8325791954994202,
        0.8280543088912964,
        0.8506787419319153,
        0.8506787419319153
    ],
    "val_accuracy": [
        0.6666666865348816,
        0.7708333134651184,
        0.7083333134651184,
        0.7291666865348816,
        0.6875,
        0.75,
        0.7291666865348816,
        0.7083333134651184,
        0.6666666865348816,
        0.6875
    ],
    "train_loss": [
        0.9113935828208923,
        0.7249603867530823,
        0.7004772424697876,
        0.6563966274261475,
        0.6493638157844543,
        0.627331554889679,
        0.614626944065094,
        0.5831254720687866,
        0.560284435749054,
        0.549485445022583
    ],
    "val_loss": [
        1.1015430688858032,
        0.889376699924469,
        1.0172300338745117,
        0.9319003224372864,
        1.021976351737976,
        0.9461546540260315,
        0.9733195304870605,
        0.9769085049629211,
        1.0395421981811523,
        0.9716437458992004
    ],
    "communication_cost": 25.957305908203125,
    "size_model": 12.978652954101562
}