{
    "train_accuracy": [
        0.5652951598167419,
        0.5474060773849487,
        0.5831842422485352,
        0.5974955558776855,
        0.613595724105835,
        0.6422182321548462,
        0.6225402355194092,
        0.6618962287902832,
        0.672629714012146,
        0.6511628031730652
    ],
    "val_accuracy": [
        0.5166666507720947,
        0.5166666507720947,
        0.6166666746139526,
        0.550000011920929,
        0.5416666865348816,
        0.5416666865348816,
        0.5583333373069763,
        0.5249999761581421,
        0.5666666626930237,
        0.574999988079071
    ],
    "train_loss": [
        1.166537880897522,
        1.1135884523391724,
        1.0676937103271484,
        1.0344303846359253,
        0.9966555237770081,
        0.977743923664093,
        0.9615882635116577,
        0.9150843620300293,
        0.9132303595542908,
        0.9038751721382141
    ],
    "val_loss": [
        1.2925461530685425,
        1.247389554977417,
        1.1799448728561401,
        1.1972655057907104,
        1.1608281135559082,
        1.1531513929367065,
        1.1522424221038818,
        1.1767733097076416,
        1.1482200622558594,
        1.120883822441101
    ],
    "communication_cost": 25.957305908203125,
    "size_model": 12.978652954101562
}