{
    "1": {
        "loss": 1.3507809885883022,
        "loss_val": 1.3599793652500536,
        "loss_test": 1.3507809885883022,
        "val_accuracy": 0.5348066253569519,
        "test_accuracy": 0.5275081012241277,
        "test_f1-score": 0.47261260199757155,
        "CV": 0.41491627488549504
    },
    "2": {
        "loss": 1.2814409956577142,
        "loss_val": 1.2663390227506075,
        "loss_test": 1.2814409956577142,
        "val_accuracy": 0.5412225246815233,
        "test_accuracy": 0.5663430409138257,
        "test_f1-score": 0.5065242104027005,
        "CV": 0.3862113139718295
    },
    "3": {
        "loss": 1.1363505541699603,
        "loss_val": 1.0677898169335425,
        "loss_test": 1.1363505541699603,
        "val_accuracy": 0.636929416540757,
        "test_accuracy": 0.6294498418527128,
        "test_f1-score": 0.5756094565003573,
        "CV": 0.3630872094211935
    },
    "4": {
        "loss": 1.095803387921219,
        "loss_val": 1.0847032947833484,
        "loss_test": 1.095803387921219,
        "val_accuracy": 0.6369859900289369,
        "test_accuracy": 0.6310679565355616,
        "test_f1-score": 0.5731545513172049,
        "CV": 0.36428309081747445
    },
    "5": {
        "loss": 1.031309417922134,
        "loss_val": 1.0323380040890964,
        "loss_test": 1.031309417922134,
        "val_accuracy": 0.6758322636672207,
        "test_accuracy": 0.6715210361773913,
        "test_f1-score": 0.6094453501907456,
        "CV": 0.3472305033805838
    }
}