{
    "train_accuracy": [
        0.6958855390548706,
        0.7191413044929504,
        0.7549194693565369,
        0.7728086113929749,
        0.7656529545783997,
        0.7745974659919739,
        0.7942754626274109,
        0.8067978620529175,
        0.8175312876701355,
        0.8139534592628479
    ],
    "val_accuracy": [
        0.6499999761581421,
        0.6666666865348816,
        0.6666666865348816,
        0.6833333373069763,
        0.675000011920929,
        0.675000011920929,
        0.675000011920929,
        0.675000011920929,
        0.675000011920929,
        0.675000011920929
    ],
    "train_loss": [
        0.8839252591133118,
        0.8155205845832825,
        0.7470219135284424,
        0.698917806148529,
        0.6879969835281372,
        0.6811701655387878,
        0.6503642201423645,
        0.6295575499534607,
        0.6147463917732239,
        0.6126226782798767
    ],
    "val_loss": [
        1.0036438703536987,
        1.006338357925415,
        0.97337406873703,
        0.9413373470306396,
        0.9317140579223633,
        0.9304328560829163,
        0.9345418214797974,
        0.960919976234436,
        0.9311431646347046,
        0.9579287171363831
    ],
    "communication_cost": 25.957305908203125,
    "size_model": 12.978652954101562
}