{
    "train_accuracy": [
        0.7815384864807129,
        0.8215384483337402,
        0.7969231009483337,
        0.8092307448387146,
        0.8246153593063354,
        0.8307692408561707,
        0.8276923298835754,
        0.8276923298835754,
        0.8430769443511963,
        0.8307692408561707
    ],
    "val_accuracy": [
        0.6428571343421936,
        0.6857143044471741,
        0.7285714149475098,
        0.699999988079071,
        0.7285714149475098,
        0.699999988079071,
        0.7428571581840515,
        0.7142857313156128,
        0.699999988079071,
        0.699999988079071
    ],
    "train_loss": [
        0.8308159112930298,
        0.7101529836654663,
        0.6712695956230164,
        0.6575490832328796,
        0.6411466598510742,
        0.6086022853851318,
        0.5986185073852539,
        0.5932876467704773,
        0.5868685841560364,
        0.5755499005317688
    ],
    "val_loss": [
        1.1140460968017578,
        0.9910523295402527,
        0.9179925918579102,
        0.9146401286125183,
        0.8992232084274292,
        0.8992135524749756,
        0.8717687726020813,
        0.8889436721801758,
        0.8527258038520813,
        0.8447266221046448
    ],
    "communication_cost": 25.957305908203125,
    "size_model": 12.978652954101562
}