{
    "train_accuracy": [
        0.7782805562019348,
        0.814479649066925,
        0.814479649066925,
        0.8325791954994202,
        0.8552036285400391,
        0.8325791954994202,
        0.8597285151481628,
        0.8642534017562866,
        0.877828061580658,
        0.8823529481887817
    ],
    "val_accuracy": [
        0.6875,
        0.8958333134651184,
        0.7083333134651184,
        0.8333333134651184,
        0.7083333134651184,
        0.875,
        0.7916666865348816,
        0.75,
        0.7916666865348816,
        0.7708333134651184
    ],
    "train_loss": [
        0.7720037698745728,
        0.6623356938362122,
        0.6341407895088196,
        0.5873259902000427,
        0.5505753755569458,
        0.5345445275306702,
        0.5090671181678772,
        0.49437806010246277,
        0.4622405171394348,
        0.44519591331481934
    ],
    "val_loss": [
        1.1221916675567627,
        0.6318939328193665,
        0.9424498081207275,
        0.6834853291511536,
        0.8929087519645691,
        0.6727375984191895,
        0.7517017722129822,
        0.7973811030387878,
        0.7184482216835022,
        0.8219296932220459
    ],
    "communication_cost": 25.957305908203125,
    "size_model": 12.978652954101562
}