{
    "train_accuracy": [
        0.7754716873168945,
        0.8150943517684937,
        0.8301886916160583,
        0.8301886916160583,
        0.8377358317375183,
        0.8396226167678833,
        0.852830171585083,
        0.8792452812194824,
        0.8698112964630127,
        0.8811320662498474
    ],
    "val_accuracy": [
        0.8157894611358643,
        0.8157894611358643,
        0.8157894611358643,
        0.8157894611358643,
        0.8245614171028137,
        0.8070175647735596,
        0.8421052694320679,
        0.8421052694320679,
        0.8070175647735596,
        0.8070175647735596
    ],
    "train_loss": [
        0.7270411252975464,
        0.6397658586502075,
        0.6060449481010437,
        0.5956317782402039,
        0.5798574090003967,
        0.5498455762863159,
        0.5311166048049927,
        0.4926353693008423,
        0.509753406047821,
        0.487565815448761
    ],
    "val_loss": [
        0.7166244983673096,
        0.6765302419662476,
        0.6643726825714111,
        0.6482919454574585,
        0.6478005647659302,
        0.6657616496086121,
        0.6168997287750244,
        0.6365166902542114,
        0.6377525329589844,
        0.6591702103614807
    ],
    "communication_cost": 25.957305908203125,
    "size_model": 12.978652954101562
}