{
    "train_accuracy": [
        0.7433962225914001,
        0.7811321020126343,
        0.7509434223175049,
        0.7528302073478699,
        0.7886792421340942,
        0.8037735819816589,
        0.7905660271644592,
        0.8075471520423889,
        0.8094339370727539,
        0.8283019065856934
    ],
    "val_accuracy": [
        0.6929824352264404,
        0.6052631735801697,
        0.640350878238678,
        0.6578947305679321,
        0.6578947305679321,
        0.640350878238678,
        0.640350878238678,
        0.6491228342056274,
        0.6666666865348816,
        0.6842105388641357
    ],
    "train_loss": [
        0.8433815240859985,
        0.7841898798942566,
        0.7927981615066528,
        0.7782062292098999,
        0.7355018854141235,
        0.7130060195922852,
        0.7108374834060669,
        0.676471471786499,
        0.6612830758094788,
        0.6208656430244446
    ],
    "val_loss": [
        0.9347747564315796,
        1.0226784944534302,
        0.9876829981803894,
        0.9788407683372498,
        0.9381360411643982,
        0.9491486549377441,
        0.9438470005989075,
        0.9736066460609436,
        0.8923196196556091,
        0.9125951528549194
    ],
    "communication_cost": 25.957305908203125,
    "size_model": 12.978652954101562
}