{
    "train_accuracy": [
        0.7918552160263062,
        0.7918552160263062,
        0.8235294222831726,
        0.8461538553237915,
        0.8552036285400391,
        0.8597285151481628,
        0.8868778347969055,
        0.877828061580658,
        0.8914027214050293,
        0.9004524946212769
    ],
    "val_accuracy": [
        0.6875,
        0.9375,
        0.7916666865348816,
        0.875,
        0.875,
        0.875,
        0.875,
        0.875,
        0.875,
        0.875
    ],
    "train_loss": [
        0.7264944314956665,
        0.6404598951339722,
        0.562812864780426,
        0.5332829356193542,
        0.5052565336227417,
        0.4640684425830841,
        0.4574125111103058,
        0.4295511245727539,
        0.39559683203697205,
        0.3934096693992615
    ],
    "val_loss": [
        0.9751333594322205,
        0.5430262088775635,
        0.7187437415122986,
        0.6217513084411621,
        0.6537249684333801,
        0.5832594633102417,
        0.5681259036064148,
        0.6239003539085388,
        0.5448042750358582,
        0.532663881778717
    ],
    "communication_cost": 25.957305908203125,
    "size_model": 12.978652954101562
}