{
    "train_accuracy": [
        0.6716980934143066,
        0.7245283126831055,
        0.7283018827438354,
        0.7264150977134705,
        0.7377358675003052,
        0.7452830076217651,
        0.7622641324996948,
        0.7603773474693298,
        0.7792452573776245,
        0.7584905624389648
    ],
    "val_accuracy": [
        0.6491228342056274,
        0.6315789222717285,
        0.6140350699424744,
        0.6315789222717285,
        0.640350878238678,
        0.6491228342056274,
        0.6491228342056274,
        0.6491228342056274,
        0.6491228342056274,
        0.6491228342056274
    ],
    "train_loss": [
        1.0555415153503418,
        0.9080505967140198,
        0.8777442574501038,
        0.8751897215843201,
        0.8541581034660339,
        0.8399226665496826,
        0.8124984502792358,
        0.7990130186080933,
        0.7554934620857239,
        0.770986020565033
    ],
    "val_loss": [
        0.9989425539970398,
        1.0153203010559082,
        1.0394277572631836,
        0.9930022358894348,
        0.9935863614082336,
        0.9770243167877197,
        0.971843957901001,
        0.9595150947570801,
        0.9445390105247498,
        0.9511044025421143
    ],
    "communication_cost": 25.957305908203125,
    "size_model": 12.978652954101562
}