{
    "train_accuracy": [
        0.372307687997818,
        0.4738461673259735,
        0.48923078179359436,
        0.5415384769439697,
        0.6215384602546692,
        0.6523076891899109,
        0.7353846430778503,
        0.7569230794906616,
        0.7507692575454712,
        0.763076901435852
    ],
    "val_accuracy": [
        0.4285714328289032,
        0.44285714626312256,
        0.5428571701049805,
        0.6142857074737549,
        0.6285714507102966,
        0.5571428537368774,
        0.5571428537368774,
        0.5714285969734192,
        0.5714285969734192,
        0.5714285969734192
    ],
    "train_loss": [
        1.4880174398422241,
        1.3412506580352783,
        1.3216524124145508,
        1.2850285768508911,
        1.205622911453247,
        1.1025089025497437,
        0.9714810848236084,
        0.880435049533844,
        0.8924948573112488,
        0.8329595327377319
    ],
    "val_loss": [
        1.504692792892456,
        1.4858782291412354,
        1.479466199874878,
        1.4471111297607422,
        1.358843207359314,
        1.3019779920578003,
        1.2820947170257568,
        1.1882871389389038,
        1.191991925239563,
        1.1835205554962158
    ],
    "communication_cost": 25.957305908203125,
    "size_model": 12.978652954101562
}