{
    "train_accuracy": [
        0.3736920654773712,
        0.4005979001522064,
        0.41106128692626953,
        0.5500747561454773,
        0.6083707213401794,
        0.6487294435501099,
        0.6412556171417236,
        0.6666666865348816,
        0.6756352782249451,
        0.695067286491394
    ],
    "val_accuracy": [
        0.4335664212703705,
        0.4335664212703705,
        0.4755244851112366,
        0.5314685106277466,
        0.5804196000099182,
        0.5734265446662903,
        0.5804196000099182,
        0.5874125957489014,
        0.5804196000099182,
        0.5944055914878845
    ],
    "train_loss": [
        1.5526270866394043,
        1.5172532796859741,
        1.4488860368728638,
        1.24897038936615,
        1.1302642822265625,
        1.0583093166351318,
        1.0270274877548218,
        1.024497628211975,
        0.986171305179596,
        0.9544272422790527
    ],
    "val_loss": [
        1.5150861740112305,
        1.5056284666061401,
        1.420526385307312,
        1.3214004039764404,
        1.268803358078003,
        1.277681827545166,
        1.2921037673950195,
        1.2877768278121948,
        1.2679859399795532,
        1.296256184577942
    ],
    "communication_cost": 25.957305908203125,
    "size_model": 12.978652954101562
}