{
    "train_accuracy": [
        0.7732864618301392,
        0.803163468837738,
        0.8277680277824402,
        0.8347979187965393,
        0.8506151437759399,
        0.8523725867271423,
        0.8699472546577454,
        0.8752197027206421,
        0.862917423248291,
        0.8875219821929932
    ],
    "val_accuracy": [
        0.6967213153839111,
        0.6803278923034668,
        0.688524603843689,
        0.6967213153839111,
        0.6803278923034668,
        0.6967213153839111,
        0.7377049326896667,
        0.7131147384643555,
        0.7540983557701111,
        0.7049180269241333
    ],
    "train_loss": [
        0.7699874639511108,
        0.6672389507293701,
        0.6162277460098267,
        0.586546003818512,
        0.5688430666923523,
        0.5422136783599854,
        0.5111033916473389,
        0.5242570638656616,
        0.5042660236358643,
        0.48329105973243713
    ],
    "val_loss": [
        0.9467637538909912,
        0.9131309986114502,
        0.8961324095726013,
        0.8945823907852173,
        0.9180489778518677,
        0.8768740296363831,
        0.8592322468757629,
        0.8718703389167786,
        0.8141310811042786,
        0.8637906908988953
    ],
    "communication_cost": 25.957305908203125,
    "size_model": 12.978652954101562
}