{
    "train_accuracy": [
        0.6797853112220764,
        0.6869409680366516,
        0.722719132900238,
        0.7352415323257446,
        0.742397129535675,
        0.7549194693565369,
        0.7531306147575378,
        0.7549194693565369,
        0.7763863801956177,
        0.7781752943992615
    ],
    "val_accuracy": [
        0.6499999761581421,
        0.6416666507720947,
        0.699999988079071,
        0.6583333611488342,
        0.7166666388511658,
        0.699999988079071,
        0.6416666507720947,
        0.6333333253860474,
        0.675000011920929,
        0.6333333253860474
    ],
    "train_loss": [
        0.8981929421424866,
        0.8654239177703857,
        0.8074121475219727,
        0.7832065224647522,
        0.772114634513855,
        0.7408021688461304,
        0.7439276576042175,
        0.724605143070221,
        0.7031444907188416,
        0.6832523941993713
    ],
    "val_loss": [
        1.0218697786331177,
        1.036122441291809,
        0.9541432857513428,
        0.9779516458511353,
        0.9428275227546692,
        0.9416394829750061,
        0.9751930236816406,
        0.9767922163009644,
        0.9290573000907898,
        0.9442397952079773
    ],
    "communication_cost": 25.957305908203125,
    "size_model": 12.978652954101562
}