{
    "train_accuracy": [
        0.3760984241962433,
        0.40949034690856934,
        0.45869946479797363,
        0.5413005352020264,
        0.61687171459198,
        0.6906853914260864,
        0.6906853914260864,
        0.7029876708984375,
        0.7047451734542847,
        0.7293497323989868
    ],
    "val_accuracy": [
        0.35245901346206665,
        0.5,
        0.49180328845977783,
        0.6803278923034668,
        0.6721311211585999,
        0.7131147384643555,
        0.6639344096183777,
        0.6393442749977112,
        0.6557376980781555,
        0.6803278923034668
    ],
    "train_loss": [
        1.4886326789855957,
        1.3955821990966797,
        1.363869071006775,
        1.2482913732528687,
        1.1002755165100098,
        1.0001691579818726,
        0.983483612537384,
        0.9718783497810364,
        0.9023873209953308,
        0.8851029872894287
    ],
    "val_loss": [
        1.4441208839416504,
        1.400797963142395,
        1.3680322170257568,
        1.1958305835723877,
        1.1160047054290771,
        1.064955234527588,
        1.1032133102416992,
        1.120465636253357,
        1.0617252588272095,
        1.0314185619354248
    ],
    "communication_cost": 25.957305908203125,
    "size_model": 12.978652954101562
}