{
    "train_accuracy": [
        0.7375565767288208,
        0.7828054428100586,
        0.7963801026344299,
        0.7918552160263062,
        0.8009049892425537,
        0.7918552160263062,
        0.8099547624588013,
        0.8099547624588013,
        0.8054298758506775,
        0.8416289687156677
    ],
    "val_accuracy": [
        0.7708333134651184,
        0.7291666865348816,
        0.75,
        0.7708333134651184,
        0.7708333134651184,
        0.7083333134651184,
        0.7083333134651184,
        0.7708333134651184,
        0.7916666865348816,
        0.7083333134651184
    ],
    "train_loss": [
        1.0210564136505127,
        0.8386496901512146,
        0.7905416488647461,
        0.7787935137748718,
        0.7382223010063171,
        0.7225759029388428,
        0.7217418551445007,
        0.7013108134269714,
        0.6986755132675171,
        0.6748267412185669
    ],
    "val_loss": [
        0.9464252591133118,
        0.9740921854972839,
        0.9924917817115784,
        0.9186928272247314,
        0.8684659600257874,
        0.9871201515197754,
        0.9731380343437195,
        0.880379855632782,
        0.890160322189331,
        0.9651999473571777
    ],
    "communication_cost": 25.957305908203125,
    "size_model": 12.978652954101562
}