{
    "train_accuracy": [
        0.688927948474884,
        0.7082601189613342,
        0.7117750644683838,
        0.7170474529266357,
        0.7223198413848877,
        0.7434095144271851,
        0.7451669573783875,
        0.7451669573783875,
        0.753954291343689,
        0.7592267394065857
    ],
    "val_accuracy": [
        0.6393442749977112,
        0.6393442749977112,
        0.631147563457489,
        0.6639344096183777,
        0.6475409865379333,
        0.6393442749977112,
        0.6639344096183777,
        0.6721311211585999,
        0.6639344096183777,
        0.6803278923034668
    ],
    "train_loss": [
        1.0022411346435547,
        0.9351043105125427,
        0.9200682044029236,
        0.8814994096755981,
        0.8782545328140259,
        0.8500159382820129,
        0.8258134126663208,
        0.8092134594917297,
        0.7948427200317383,
        0.7794684171676636
    ],
    "val_loss": [
        1.173373818397522,
        1.153430461883545,
        1.1400940418243408,
        1.0875990390777588,
        1.102012276649475,
        1.1061383485794067,
        1.052790641784668,
        1.062211036682129,
        1.0631645917892456,
        1.0344794988632202
    ],
    "communication_cost": 25.957305908203125,
    "size_model": 12.978652954101562
}