{
    "train_accuracy": [
        0.6606875658035278,
        0.6741405129432678,
        0.6995515823364258,
        0.6860986351966858,
        0.71898353099823,
        0.7249626517295837,
        0.7473841309547424,
        0.7548580169677734,
        0.7563527822494507,
        0.7458893656730652
    ],
    "val_accuracy": [
        0.6433566212654114,
        0.6363636255264282,
        0.6433566212654114,
        0.6573426723480225,
        0.6503496766090393,
        0.6363636255264282,
        0.6433566212654114,
        0.6293706297874451,
        0.6783216595649719,
        0.6643356680870056
    ],
    "train_loss": [
        0.988086998462677,
        0.9507949948310852,
        0.9099685549736023,
        0.9168434143066406,
        0.8777706623077393,
        0.8496415019035339,
        0.8156636953353882,
        0.7921180129051208,
        0.7806362509727478,
        0.7845337390899658
    ],
    "val_loss": [
        1.1487840414047241,
        1.1164642572402954,
        1.096112847328186,
        1.0831949710845947,
        1.0924807786941528,
        1.101772427558899,
        1.088282823562622,
        1.058391809463501,
        1.0201361179351807,
        1.0001589059829712
    ],
    "communication_cost": 25.957305908203125,
    "size_model": 12.978652954101562
}