{
    "train_accuracy": [
        0.5994020700454712,
        0.6397608518600464,
        0.6442451477050781,
        0.6681614518165588,
        0.6696562170982361,
        0.6846038699150085,
        0.7055306434631348,
        0.6831091046333313,
        0.7040358781814575,
        0.7354260087013245
    ],
    "val_accuracy": [
        0.5384615659713745,
        0.559440553188324,
        0.5804196000099182,
        0.5944055914878845,
        0.559440553188324,
        0.5664335489273071,
        0.5734265446662903,
        0.5804196000099182,
        0.5944055914878845,
        0.5804196000099182
    ],
    "train_loss": [
        1.132436752319336,
        1.0182713270187378,
        1.0105382204055786,
        0.9730974435806274,
        0.9592911005020142,
        0.9209121465682983,
        0.9018277525901794,
        0.8743457794189453,
        0.8832686543464661,
        0.8287721276283264
    ],
    "val_loss": [
        1.3022311925888062,
        1.3164950609207153,
        1.273028016090393,
        1.2235722541809082,
        1.221665859222412,
        1.2117286920547485,
        1.2377749681472778,
        1.2186551094055176,
        1.1926391124725342,
        1.176118016242981
    ],
    "communication_cost": 25.957305908203125,
    "size_model": 12.978652954101562
}