{
    "train_accuracy": [
        0.32830187678337097,
        0.3641509413719177,
        0.44905659556388855,
        0.501886785030365,
        0.6075471639633179,
        0.645283043384552,
        0.6943396329879761,
        0.7358490824699402,
        0.7433962225914001,
        0.7396226525306702
    ],
    "val_accuracy": [
        0.3333333432674408,
        0.45614033937454224,
        0.640350878238678,
        0.640350878238678,
        0.6666666865348816,
        0.5877193212509155,
        0.6315789222717285,
        0.6140350699424744,
        0.6228070259094238,
        0.6315789222717285
    ],
    "train_loss": [
        1.4859700202941895,
        1.3797348737716675,
        1.3415054082870483,
        1.2729142904281616,
        1.1679737567901611,
        1.085341453552246,
        0.9850256443023682,
        0.9199478030204773,
        0.8739694356918335,
        0.8709344863891602
    ],
    "val_loss": [
        1.3983112573623657,
        1.3496484756469727,
        1.3172225952148438,
        1.2019468545913696,
        1.0895025730133057,
        1.154605746269226,
        1.056868076324463,
        1.048772931098938,
        1.0415772199630737,
        1.0352938175201416
    ],
    "communication_cost": 25.957305908203125,
    "size_model": 12.978652954101562
}