{
    "train_accuracy": [
        0.375670850276947,
        0.38998210430145264,
        0.42933809757232666,
        0.40250447392463684,
        0.39534884691238403,
        0.5134168267250061,
        0.5277280807495117,
        0.5026833415031433,
        0.5670840740203857,
        0.5635062456130981
    ],
    "val_accuracy": [
        0.38333332538604736,
        0.38333332538604736,
        0.4166666567325592,
        0.4333333373069763,
        0.5416666865348816,
        0.5666666626930237,
        0.6000000238418579,
        0.550000011920929,
        0.625,
        0.6166666746139526
    ],
    "train_loss": [
        1.531970739364624,
        1.4624099731445312,
        1.4461944103240967,
        1.401625156402588,
        1.3387887477874756,
        1.2341487407684326,
        1.1948492527008057,
        1.156476378440857,
        1.104213833808899,
        1.098628044128418
    ],
    "val_loss": [
        1.4959309101104736,
        1.5000369548797607,
        1.4746803045272827,
        1.4602835178375244,
        1.3722292184829712,
        1.3024271726608276,
        1.248244047164917,
        1.2181061506271362,
        1.1730042695999146,
        1.165719747543335
    ],
    "communication_cost": 25.957305908203125,
    "size_model": 12.978652954101562
}