{
    "train_accuracy": [
        0.731107234954834,
        0.748681902885437,
        0.753954291343689,
        0.7557117938995361,
        0.7574692368507385,
        0.7820737957954407,
        0.7978910207748413,
        0.7891036868095398,
        0.8119508028030396,
        0.8295254707336426
    ],
    "val_accuracy": [
        0.6393442749977112,
        0.6721311211585999,
        0.6721311211585999,
        0.6721311211585999,
        0.6721311211585999,
        0.6721311211585999,
        0.6967213153839111,
        0.6967213153839111,
        0.7049180269241333,
        0.7049180269241333
    ],
    "train_loss": [
        0.894681990146637,
        0.810117244720459,
        0.7783721089363098,
        0.7584953904151917,
        0.7458539009094238,
        0.7167186737060547,
        0.7152472138404846,
        0.6904601454734802,
        0.6681411862373352,
        0.6468508839607239
    ],
    "val_loss": [
        1.0689128637313843,
        1.0082592964172363,
        1.0007096529006958,
        0.9950937032699585,
        1.0023674964904785,
        0.9941694140434265,
        0.9445793032646179,
        0.9466509222984314,
        0.8907812833786011,
        0.8710847496986389
    ],
    "communication_cost": 25.957305908203125,
    "size_model": 12.978652954101562
}