{
    "train_accuracy": [
        0.6100178956985474,
        0.6261180639266968,
        0.6887298822402954,
        0.6672629714012146,
        0.6940966248512268,
        0.7334526181221008,
        0.71198570728302,
        0.731663703918457,
        0.7406082153320312,
        0.731663703918457
    ],
    "val_accuracy": [
        0.5583333373069763,
        0.5916666388511658,
        0.6083333492279053,
        0.6083333492279053,
        0.6000000238418579,
        0.5833333134651184,
        0.6499999761581421,
        0.625,
        0.6333333253860474,
        0.625
    ],
    "train_loss": [
        0.9995808601379395,
        0.9862945079803467,
        0.9159542918205261,
        0.9208751916885376,
        0.8644350171089172,
        0.8307284712791443,
        0.8442026376724243,
        0.8123565912246704,
        0.7793321013450623,
        0.7671282887458801
    ],
    "val_loss": [
        1.1851463317871094,
        1.1433885097503662,
        1.12968909740448,
        1.0809251070022583,
        1.0927859544754028,
        1.1084617376327515,
        1.0387051105499268,
        1.0508910417556763,
        1.0492554903030396,
        1.0378851890563965
    ],
    "communication_cost": 25.957305908203125,
    "size_model": 12.978652954101562
}