{
    "train_accuracy": [
        0.7599999904632568,
        0.7723076939582825,
        0.8030769228935242,
        0.8215384483337402,
        0.8215384483337402,
        0.8369230628013611,
        0.8153846263885498,
        0.8399999737739563,
        0.8430769443511963,
        0.8646153807640076
    ],
    "val_accuracy": [
        0.5714285969734192,
        0.6714285612106323,
        0.6857143044471741,
        0.6857143044471741,
        0.6571428775787354,
        0.6571428775787354,
        0.6428571343421936,
        0.6571428775787354,
        0.6571428775787354,
        0.6714285612106323
    ],
    "train_loss": [
        0.8183613419532776,
        0.737399697303772,
        0.6662197113037109,
        0.6200674772262573,
        0.6150277256965637,
        0.5915985107421875,
        0.5804550051689148,
        0.5594401955604553,
        0.5411980748176575,
        0.5187848806381226
    ],
    "val_loss": [
        1.2451051473617554,
        0.9415310621261597,
        0.928678035736084,
        0.9464165568351746,
        0.9837719798088074,
        0.9983583688735962,
        0.9934718608856201,
        0.9904049634933472,
        0.9688353538513184,
        0.9343166947364807
    ],
    "communication_cost": 25.957305908203125,
    "size_model": 12.978652954101562
}