{
    "train_accuracy": [
        0.7557117938995361,
        0.7803163528442383,
        0.803163468837738,
        0.8014059662818909,
        0.8119508028030396,
        0.8347979187965393,
        0.8383128046989441,
        0.8506151437759399,
        0.8558875322341919,
        0.8664323091506958
    ],
    "val_accuracy": [
        0.6967213153839111,
        0.6967213153839111,
        0.6967213153839111,
        0.6967213153839111,
        0.7049180269241333,
        0.7131147384643555,
        0.7131147384643555,
        0.7131147384643555,
        0.7131147384643555,
        0.7131147384643555
    ],
    "train_loss": [
        0.8122677803039551,
        0.69743412733078,
        0.6593425273895264,
        0.6587504744529724,
        0.6221063733100891,
        0.6082916855812073,
        0.5789119601249695,
        0.5599512457847595,
        0.5471212863922119,
        0.5221413373947144
    ],
    "val_loss": [
        0.9581184983253479,
        0.9020711183547974,
        0.9208368062973022,
        0.8818824291229248,
        0.8606040477752686,
        0.8500611186027527,
        0.8684776425361633,
        0.8622550368309021,
        0.8694220781326294,
        0.871863067150116
    ],
    "communication_cost": 25.957305908203125,
    "size_model": 12.978652954101562
}