{
    "train_accuracy": [
        0.4296296238899231,
        0.4691357910633087,
        0.4839506149291992,
        0.47654321789741516,
        0.4888888895511627,
        0.5012345910072327,
        0.5432098507881165,
        0.5703703761100769,
        0.565432071685791,
        0.6469135880470276
    ],
    "val_accuracy": [
        0.4137931168079376,
        0.4137931168079376,
        0.4137931168079376,
        0.4367816150188446,
        0.4597701132297516,
        0.5287356376647949,
        0.5862069129943848,
        0.5862069129943848,
        0.6436781883239746,
        0.7126436829566956
    ],
    "train_loss": [
        1.5209200382232666,
        1.3954464197158813,
        1.3527419567108154,
        1.3310683965682983,
        1.3041484355926514,
        1.280720591545105,
        1.239453911781311,
        1.2011346817016602,
        1.1534885168075562,
        1.0625154972076416
    ],
    "val_loss": [
        1.4847980737686157,
        1.4115391969680786,
        1.3843145370483398,
        1.374266266822815,
        1.3505672216415405,
        1.3291587829589844,
        1.3027335405349731,
        1.2720410823822021,
        1.2092747688293457,
        1.0602633953094482
    ],
    "communication_cost": 25.957305908203125,
    "size_model": 12.978652954101562
}