{
    "train_accuracy": [
        0.8009950518608093,
        0.8706467747688293,
        0.8706467747688293,
        0.8756219148635864,
        0.8805969953536987,
        0.8905472755432129,
        0.8805969953536987,
        0.9004974961280823,
        0.9004974961280823,
        0.9203979969024658
    ],
    "val_accuracy": [
        0.8139534592628479,
        0.8372092843055725,
        0.8139534592628479,
        0.7906976938247681,
        0.8604651093482971,
        0.8604651093482971,
        0.8837209343910217,
        0.8837209343910217,
        0.8837209343910217,
        0.8604651093482971
    ],
    "train_loss": [
        0.7542763352394104,
        0.5483326315879822,
        0.5410726070404053,
        0.5192546844482422,
        0.4763864576816559,
        0.4724947512149811,
        0.46408164501190186,
        0.42863786220550537,
        0.4238246977329254,
        0.39610111713409424
    ],
    "val_loss": [
        0.6400855779647827,
        0.7029294967651367,
        0.6220517754554749,
        0.5790683627128601,
        0.5985874533653259,
        0.5603432059288025,
        0.5470579266548157,
        0.5323203802108765,
        0.5364844799041748,
        0.5430229902267456
    ],
    "communication_cost": 25.957305908203125,
    "size_model": 12.978652954101562
}