{
    "train_accuracy": [
        0.479657381772995,
        0.5695931315422058,
        0.597430408000946,
        0.5952890515327454,
        0.6552462577819824,
        0.6295503377914429,
        0.6723768711090088,
        0.6509636044502258,
        0.6873661875724792,
        0.680942177772522
    ],
    "val_accuracy": [
        0.5899999737739563,
        0.550000011920929,
        0.5899999737739563,
        0.6200000047683716,
        0.6100000143051147,
        0.6100000143051147,
        0.6100000143051147,
        0.6200000047683716,
        0.6200000047683716,
        0.6200000047683716
    ],
    "train_loss": [
        1.3572038412094116,
        1.1814205646514893,
        1.103454351425171,
        1.079755425453186,
        1.0173938274383545,
        1.0286595821380615,
        0.9742096662521362,
        0.9755159020423889,
        0.9368792772293091,
        0.9265604019165039
    ],
    "val_loss": [
        1.3396152257919312,
        1.2315220832824707,
        1.170502781867981,
        1.153831958770752,
        1.1396156549453735,
        1.1239597797393799,
        1.107865333557129,
        1.1028722524642944,
        1.0908881425857544,
        1.077346682548523
    ],
    "communication_cost": 25.957305908203125,
    "size_model": 12.978652954101562
}