{
    "train_accuracy": [
        0.739130437374115,
        0.7591972947120667,
        0.782608687877655,
        0.7792642116546631,
        0.8026756048202515,
        0.7926421165466309,
        0.7993311285972595,
        0.8026756048202515,
        0.8193979859352112,
        0.829431414604187
    ],
    "val_accuracy": [
        0.8125,
        0.71875,
        0.765625,
        0.78125,
        0.765625,
        0.765625,
        0.78125,
        0.765625,
        0.734375,
        0.734375
    ],
    "train_loss": [
        0.8723191618919373,
        0.8330609798431396,
        0.7865162491798401,
        0.7625478506088257,
        0.7319600582122803,
        0.7286000847816467,
        0.71206134557724,
        0.7047868371009827,
        0.6811648607254028,
        0.6567601561546326
    ],
    "val_loss": [
        0.8296308517456055,
        0.8823239803314209,
        0.9070176482200623,
        0.8506916761398315,
        0.8230013251304626,
        0.7920001745223999,
        0.7575699090957642,
        0.7866396903991699,
        0.7838125228881836,
        0.799532949924469
    ],
    "communication_cost": 25.957305908203125,
    "size_model": 12.978652954101562
}