{
    "train_accuracy": [
        0.7993311285972595,
        0.8060200810432434,
        0.8060200810432434,
        0.8193979859352112,
        0.8260869383811951,
        0.829431414604187,
        0.8461538553237915,
        0.8561872839927673,
        0.8628762364387512,
        0.8662207126617432
    ],
    "val_accuracy": [
        0.796875,
        0.734375,
        0.75,
        0.78125,
        0.8125,
        0.8125,
        0.78125,
        0.765625,
        0.8125,
        0.796875
    ],
    "train_loss": [
        0.7701889276504517,
        0.6891728639602661,
        0.6705778241157532,
        0.6480434536933899,
        0.6168718338012695,
        0.5901798605918884,
        0.5623816251754761,
        0.5656608939170837,
        0.5404741168022156,
        0.5018512606620789
    ],
    "val_loss": [
        0.7599457502365112,
        0.8395422101020813,
        0.8229473829269409,
        0.759366512298584,
        0.7392257452011108,
        0.7233110070228577,
        0.7174572944641113,
        0.715699315071106,
        0.7044879794120789,
        0.7082726359367371
    ],
    "communication_cost": 25.957305908203125,
    "size_model": 12.978652954101562
}