{
    "1": {
        "loss": 1.500633373544604,
        "loss_val": 1.4987639899031169,
        "loss_test": 1.500633373544604,
        "val_accuracy": 0.37732516147568224,
        "test_accuracy": 0.38808373487801945,
        "test_f1-score": 0.27688560185764766,
        "CV": 0.3607572998027398
    },
    "2": {
        "loss": 1.1501130470331165,
        "loss_val": 1.144210641030912,
        "loss_test": 1.1501130470331165,
        "val_accuracy": 0.5847171802259681,
        "test_accuracy": 0.5636070929767621,
        "test_f1-score": 0.4707210919109408,
        "CV": 0.6147838178190209
    },
    "3": {
        "loss": 1.081366501280651,
        "loss_val": 1.1108112430226977,
        "loss_test": 1.081366501280651,
        "val_accuracy": 0.5812340265982777,
        "test_accuracy": 0.6054750468803872,
        "test_f1-score": 0.5048850622583607,
        "CV": 0.5643313725407421
    },
    "4": {
        "loss": 1.0038641403262742,
        "loss_val": 1.0280771576072092,
        "loss_test": 1.0038641403262742,
        "val_accuracy": 0.6416963509699382,
        "test_accuracy": 0.6537842084436217,
        "test_f1-score": 0.5512124094837569,
        "CV": 0.5351803530754827
    },
    "5": {
        "loss": 0.9686983857369845,
        "loss_val": 0.9782789422502073,
        "loss_test": 0.9686983857369845,
        "val_accuracy": 0.6792041270629219,
        "test_accuracy": 0.6859903391240684,
        "test_f1-score": 0.5913814790786301,
        "CV": 0.4988690754256411
    }
}