{
    "train_accuracy": [
        0.7761194109916687,
        0.8507462739944458,
        0.8507462739944458,
        0.8507462739944458,
        0.8507462739944458,
        0.8507462739944458,
        0.8507462739944458,
        0.8507462739944458,
        0.8507462739944458,
        0.8507462739944458
    ],
    "val_accuracy": [
        0.7674418687820435,
        0.7674418687820435,
        0.7674418687820435,
        0.7674418687820435,
        0.7674418687820435,
        0.7674418687820435,
        0.7674418687820435,
        0.7674418687820435,
        0.7674418687820435,
        0.7674418687820435
    ],
    "train_loss": [
        1.035518765449524,
        0.8223496079444885,
        0.7385406494140625,
        0.7267264723777771,
        0.7096978425979614,
        0.6888050436973572,
        0.6761437654495239,
        0.6656405329704285,
        0.658458948135376,
        0.6251371502876282
    ],
    "val_loss": [
        0.9462735652923584,
        0.9046703577041626,
        0.9772122502326965,
        0.9196911454200745,
        0.8841003775596619,
        0.895899772644043,
        0.8743927478790283,
        0.8495692610740662,
        0.8532213568687439,
        0.8256598114967346
    ],
    "communication_cost": 25.957305908203125,
    "size_model": 12.978652954101562
}