{
    "train_accuracy": [
        0.7407407164573669,
        0.7851851582527161,
        0.7876543402671814,
        0.800000011920929,
        0.8074073791503906,
        0.8345679044723511,
        0.8271604776382446,
        0.8345679044723511,
        0.8666666746139526,
        0.8567901253700256
    ],
    "val_accuracy": [
        0.7816091775894165,
        0.7701149582862854,
        0.8275862336158752,
        0.8045976758003235,
        0.8160919547080994,
        0.7931034564971924,
        0.8045976758003235,
        0.7816091775894165,
        0.7931034564971924,
        0.7931034564971924
    ],
    "train_loss": [
        0.8082036375999451,
        0.7104809284210205,
        0.6837838888168335,
        0.6572861671447754,
        0.6478755474090576,
        0.5927767753601074,
        0.5626469254493713,
        0.5684103965759277,
        0.5287343859672546,
        0.5185081362724304
    ],
    "val_loss": [
        0.8056257367134094,
        0.8038177490234375,
        0.7271036505699158,
        0.7072355151176453,
        0.7289494276046753,
        0.7346046566963196,
        0.7000256180763245,
        0.7682787775993347,
        0.7254850268363953,
        0.7855786681175232
    ],
    "communication_cost": 25.957305908203125,
    "size_model": 12.978652954101562
}