{
    "train_accuracy": [
        0.586034893989563,
        0.6608479022979736,
        0.665835440158844,
        0.6832917928695679,
        0.7107232213020325,
        0.723192036151886,
        0.7256857752799988,
        0.7581047415733337,
        0.780548632144928,
        0.7980049848556519
    ],
    "val_accuracy": [
        0.5930232405662537,
        0.6511628031730652,
        0.6511628031730652,
        0.5930232405662537,
        0.5581395626068115,
        0.569767415523529,
        0.6395348906517029,
        0.6162790656089783,
        0.6279069781303406,
        0.6395348906517029
    ],
    "train_loss": [
        0.994595468044281,
        0.9080451130867004,
        0.8481464982032776,
        0.809067964553833,
        0.7841367125511169,
        0.7552171349525452,
        0.7449822425842285,
        0.7098326086997986,
        0.6584869027137756,
        0.6388596892356873
    ],
    "val_loss": [
        1.1112102270126343,
        0.9567351937294006,
        0.9851714968681335,
        1.006603717803955,
        1.0141112804412842,
        0.9995887279510498,
        0.9524931907653809,
        0.9549673199653625,
        0.957941472530365,
        0.9172481298446655
    ],
    "communication_cost": 25.957305908203125,
    "size_model": 12.978652954101562
}