{
    "train_accuracy": [
        0.8085106611251831,
        0.8009118437767029,
        0.8328267335891724,
        0.8130698800086975,
        0.8510638475418091,
        0.848024308681488,
        0.8586626052856445,
        0.8586626052856445,
        0.8738601803779602,
        0.8814589381217957
    ],
    "val_accuracy": [
        0.7801418304443359,
        0.7730496525764465,
        0.7943262457847595,
        0.7943262457847595,
        0.8085106611251831,
        0.8014184236526489,
        0.8156028389930725,
        0.7943262457847595,
        0.8085106611251831,
        0.8014184236526489
    ],
    "train_loss": [
        0.6413959860801697,
        0.6457516551017761,
        0.5789754390716553,
        0.5849325656890869,
        0.534926176071167,
        0.5289832353591919,
        0.49854305386543274,
        0.49178802967071533,
        0.4720349609851837,
        0.4565669000148773
    ],
    "val_loss": [
        0.754143476486206,
        0.7951938509941101,
        0.7385756969451904,
        0.7454952001571655,
        0.7329861521720886,
        0.7436631917953491,
        0.7349488735198975,
        0.732395589351654,
        0.7678595781326294,
        0.7781362533569336
    ],
    "communication_cost": 25.957305908203125,
    "size_model": 12.978652954101562
}