{
    "train_accuracy": [
        0.29197078943252563,
        0.44525548815727234,
        0.45985400676727295,
        0.45985400676727295,
        0.45985400676727295,
        0.45985400676727295,
        0.45985400676727295,
        0.45985400676727295,
        0.45985400676727295,
        0.45985400676727295
    ],
    "val_accuracy": [
        0.5517241358757019,
        0.5517241358757019,
        0.5517241358757019,
        0.5517241358757019,
        0.5517241358757019,
        0.5517241358757019,
        0.5517241358757019,
        0.5517241358757019,
        0.5517241358757019,
        0.5517241358757019
    ],
    "train_loss": [
        1.5846843719482422,
        1.5473421812057495,
        1.490158200263977,
        1.4468879699707031,
        1.4440925121307373,
        1.4197918176651,
        1.4199328422546387,
        1.3940743207931519,
        1.3994396924972534,
        1.3971635103225708
    ],
    "val_loss": [
        1.5751851797103882,
        1.545033574104309,
        1.4849306344985962,
        1.4433166980743408,
        1.455572247505188,
        1.4613595008850098,
        1.4451824426651,
        1.4210045337677002,
        1.4141604900360107,
        1.417945146560669
    ],
    "communication_cost": 25.957305908203125,
    "size_model": 12.978652954101562
}