{
    "train_accuracy": [
        0.5585284233093262,
        0.6053511500358582,
        0.6755852699279785,
        0.6889632344245911,
        0.739130437374115,
        0.7224080562591553,
        0.7458193898200989,
        0.7591972947120667,
        0.785953164100647,
        0.7424749135971069
    ],
    "val_accuracy": [
        0.671875,
        0.765625,
        0.734375,
        0.734375,
        0.796875,
        0.765625,
        0.765625,
        0.78125,
        0.78125,
        0.78125
    ],
    "train_loss": [
        1.2323139905929565,
        1.1117197275161743,
        1.0278257131576538,
        0.9689018726348877,
        0.9418590068817139,
        0.9287351369857788,
        0.8879414200782776,
        0.8537698984146118,
        0.8241016864776611,
        0.8349965810775757
    ],
    "val_loss": [
        1.159287929534912,
        1.0523604154586792,
        1.0044276714324951,
        1.0028786659240723,
        0.9831237196922302,
        0.8945168256759644,
        0.8496417999267578,
        0.8355957865715027,
        0.8341221809387207,
        0.8347797393798828
    ],
    "communication_cost": 25.957305908203125,
    "size_model": 12.978652954101562
}