{
    "train_accuracy": [
        0.7424749135971069,
        0.7625418305397034,
        0.7959865927696228,
        0.785953164100647,
        0.7959865927696228,
        0.8193979859352112,
        0.8060200810432434,
        0.8227424621582031,
        0.8160535097122192,
        0.8394649028778076
    ],
    "val_accuracy": [
        0.875,
        0.75,
        0.796875,
        0.828125,
        0.796875,
        0.8125,
        0.78125,
        0.8125,
        0.8125,
        0.796875
    ],
    "train_loss": [
        0.8481122255325317,
        0.7844662070274353,
        0.7688284516334534,
        0.7302774786949158,
        0.6984174251556396,
        0.6831730008125305,
        0.6485556364059448,
        0.6517406702041626,
        0.630702018737793,
        0.594484806060791
    ],
    "val_loss": [
        0.7727408409118652,
        0.8503443598747253,
        0.7981457710266113,
        0.7277060747146606,
        0.731228232383728,
        0.7199894785881042,
        0.7223730683326721,
        0.6881735324859619,
        0.6848291754722595,
        0.6662282943725586
    ],
    "communication_cost": 25.957305908203125,
    "size_model": 12.978652954101562
}