{
    "train_accuracy": [
        0.659528911113739,
        0.6980727910995483,
        0.6937901377677917,
        0.7173447608947754,
        0.7516059875488281,
        0.7494646906852722,
        0.740899384021759,
        0.7558886408805847,
        0.7730192542076111,
        0.7794432640075684
    ],
    "val_accuracy": [
        0.6000000238418579,
        0.6299999952316284,
        0.6499999761581421,
        0.6499999761581421,
        0.6700000166893005,
        0.6100000143051147,
        0.6399999856948853,
        0.6600000262260437,
        0.6700000166893005,
        0.6499999761581421
    ],
    "train_loss": [
        0.9524829983711243,
        0.9079838395118713,
        0.9045647978782654,
        0.8681994080543518,
        0.8185122609138489,
        0.8140749931335449,
        0.8222792148590088,
        0.7886768579483032,
        0.7327163219451904,
        0.7248950004577637
    ],
    "val_loss": [
        1.0761469602584839,
        1.0550082921981812,
        1.0583707094192505,
        1.054234266281128,
        1.0590388774871826,
        1.0750852823257446,
        1.0331201553344727,
        1.0561342239379883,
        1.0221340656280518,
        1.033406376838684
    ],
    "communication_cost": 25.957305908203125,
    "size_model": 12.978652954101562
}