{
    "train_accuracy": [
        0.5183946490287781,
        0.5852842926979065,
        0.5852842926979065,
        0.5852842926979065,
        0.5852842926979065,
        0.5852842926979065,
        0.5852842926979065,
        0.5852842926979065,
        0.5852842926979065,
        0.5886287689208984
    ],
    "val_accuracy": [
        0.671875,
        0.671875,
        0.671875,
        0.671875,
        0.671875,
        0.671875,
        0.671875,
        0.671875,
        0.671875,
        0.671875
    ],
    "train_loss": [
        1.5175236463546753,
        1.3078597784042358,
        1.2630093097686768,
        1.2336512804031372,
        1.2417641878128052,
        1.2226837873458862,
        1.2209670543670654,
        1.2264033555984497,
        1.2133874893188477,
        1.189483880996704
    ],
    "val_loss": [
        1.433079481124878,
        1.1998252868652344,
        1.273672103881836,
        1.2101846933364868,
        1.2203181982040405,
        1.2140235900878906,
        1.1991335153579712,
        1.2020292282104492,
        1.1909191608428955,
        1.1715905666351318
    ],
    "communication_cost": 25.957305908203125,
    "size_model": 12.978652954101562
}