{
    "train_accuracy": [
        0.30192720890045166,
        0.3426124155521393,
        0.3426124155521393,
        0.3447537422180176,
        0.40042826533317566,
        0.5353319048881531,
        0.5546038746833801,
        0.5653104782104492,
        0.597430408000946,
        0.6059957146644592
    ],
    "val_accuracy": [
        0.3799999952316284,
        0.3799999952316284,
        0.3799999952316284,
        0.38999998569488525,
        0.47999998927116394,
        0.5,
        0.5099999904632568,
        0.5899999737739563,
        0.5799999833106995,
        0.5899999737739563
    ],
    "train_loss": [
        1.5793569087982178,
        1.5556155443191528,
        1.5459424257278442,
        1.5164228677749634,
        1.4390013217926025,
        1.281307339668274,
        1.1946247816085815,
        1.169047236442566,
        1.0959848165512085,
        1.0627670288085938
    ],
    "val_loss": [
        1.5706737041473389,
        1.5542619228363037,
        1.5428228378295898,
        1.5183566808700562,
        1.420997977256775,
        1.3272671699523926,
        1.3213921785354614,
        1.2000212669372559,
        1.1746591329574585,
        1.166119933128357
    ],
    "communication_cost": 25.957305908203125,
    "size_model": 12.978652954101562
}