{
    "train_accuracy": [
        0.6109422445297241,
        0.7127659320831299,
        0.7537993788719177,
        0.7857142686843872,
        0.7705166935920715,
        0.7826747894287109,
        0.7933130860328674,
        0.7902735471725464,
        0.802431583404541,
        0.8085106611251831
    ],
    "val_accuracy": [
        0.73758864402771,
        0.73758864402771,
        0.7517730593681335,
        0.7304964661598206,
        0.7446808218955994,
        0.7446808218955994,
        0.758865237236023,
        0.7801418304443359,
        0.7872340679168701,
        0.7801418304443359
    ],
    "train_loss": [
        1.1731231212615967,
        0.9337056279182434,
        0.8726822137832642,
        0.7734072804450989,
        0.7699036598205566,
        0.7494905591011047,
        0.7201502919197083,
        0.7038853764533997,
        0.7054004669189453,
        0.667640745639801
    ],
    "val_loss": [
        1.001575231552124,
        0.9451850056648254,
        0.9080655574798584,
        0.862803041934967,
        0.8534599542617798,
        0.8435882925987244,
        0.8261743783950806,
        0.8150793313980103,
        0.8220329284667969,
        0.8062792420387268
    ],
    "communication_cost": 25.957305908203125,
    "size_model": 12.978652954101562
}