{
    "train_accuracy": [
        0.7086419463157654,
        0.7555555701255798,
        0.760493814945221,
        0.7728394865989685,
        0.7753086686134338,
        0.7679012417793274,
        0.7777777910232544,
        0.7753086686134338,
        0.8024691343307495,
        0.8074073791503906
    ],
    "val_accuracy": [
        0.8045976758003235,
        0.7701149582862854,
        0.7586206793785095,
        0.7586206793785095,
        0.7241379022598267,
        0.7126436829566956,
        0.7126436829566956,
        0.7586206793785095,
        0.7586206793785095,
        0.7701149582862854
    ],
    "train_loss": [
        0.8930798172950745,
        0.8184751868247986,
        0.7980688214302063,
        0.7817525267601013,
        0.7686274647712708,
        0.7626895904541016,
        0.7279605865478516,
        0.7063310146331787,
        0.68781578540802,
        0.6426888704299927
    ],
    "val_loss": [
        0.87367844581604,
        0.86902916431427,
        0.8505685925483704,
        0.8752188086509705,
        0.8993017077445984,
        0.9120169281959534,
        0.8805270195007324,
        0.8317826986312866,
        0.8014938235282898,
        0.7721871733665466
    ],
    "communication_cost": 25.957305908203125,
    "size_model": 12.978652954101562
}