{
    "train_accuracy": [
        0.5635910034179688,
        0.5935162305831909,
        0.6433915495872498,
        0.6458852887153625,
        0.6708229184150696,
        0.7157106995582581,
        0.6957606077194214,
        0.7107232213020325,
        0.7256857752799988,
        0.7281795740127563
    ],
    "val_accuracy": [
        0.5,
        0.6162790656089783,
        0.569767415523529,
        0.604651153087616,
        0.5813953280448914,
        0.604651153087616,
        0.5930232405662537,
        0.6395348906517029,
        0.5813953280448914,
        0.569767415523529
    ],
    "train_loss": [
        1.0548008680343628,
        0.9821405410766602,
        0.9257916212081909,
        0.90257328748703,
        0.8725839853286743,
        0.8516941666603088,
        0.8145339488983154,
        0.7969696521759033,
        0.7542223334312439,
        0.7771408557891846
    ],
    "val_loss": [
        1.1689410209655762,
        1.0953904390335083,
        1.1054744720458984,
        1.0944381952285767,
        1.1253700256347656,
        1.0609588623046875,
        1.0420284271240234,
        1.0300238132476807,
        1.0624545812606812,
        1.067334532737732
    ],
    "communication_cost": 25.957305908203125,
    "size_model": 12.978652954101562
}