{
    "train_accuracy": [
        0.7072368264198303,
        0.7664473652839661,
        0.7763158082962036,
        0.7763158082962036,
        0.8256579041481018,
        0.8223684430122375,
        0.8421052694320679,
        0.8355262875556946,
        0.8322368264198303,
        0.8519737124443054
    ],
    "val_accuracy": [
        0.7230769395828247,
        0.6153846383094788,
        0.5846154093742371,
        0.6615384817123413,
        0.6769230961799622,
        0.7076923251152039,
        0.692307710647583,
        0.7230769395828247,
        0.7076923251152039,
        0.6769230961799622
    ],
    "train_loss": [
        0.8898798227310181,
        0.780976414680481,
        0.7741373181343079,
        0.7136371731758118,
        0.6492254137992859,
        0.6399372220039368,
        0.5937784910202026,
        0.6058544516563416,
        0.6007940769195557,
        0.5965330600738525
    ],
    "val_loss": [
        0.936633288860321,
        1.0846259593963623,
        1.097579836845398,
        1.0177714824676514,
        1.004966139793396,
        0.9835744500160217,
        0.9777745604515076,
        0.9748961329460144,
        0.9781063199043274,
        1.0535755157470703
    ],
    "communication_cost": 25.957305908203125,
    "size_model": 12.978652954101562
}