{
    "train_accuracy": [
        0.6204379796981812,
        0.6277372241020203,
        0.6788321137428284,
        0.6642335653305054,
        0.6642335653305054,
        0.6934306621551514,
        0.6934306621551514,
        0.6934306621551514,
        0.7518247961997986,
        0.7518247961997986
    ],
    "val_accuracy": [
        0.48275861144065857,
        0.6206896305084229,
        0.5862069129943848,
        0.5862069129943848,
        0.5862069129943848,
        0.6206896305084229,
        0.5862069129943848,
        0.5862069129943848,
        0.6206896305084229,
        0.517241358757019
    ],
    "train_loss": [
        1.0773077011108398,
        0.9887315630912781,
        0.9479855895042419,
        0.9143812656402588,
        0.8954783082008362,
        0.893884003162384,
        0.8432703614234924,
        0.8439503312110901,
        0.7910040616989136,
        0.7708794474601746
    ],
    "val_loss": [
        1.2382962703704834,
        1.146834373474121,
        1.1679108142852783,
        1.2068787813186646,
        1.1832389831542969,
        1.1972094774246216,
        1.206641435623169,
        1.2094814777374268,
        1.1957371234893799,
        1.3032805919647217
    ],
    "communication_cost": 25.957305908203125,
    "size_model": 12.978652954101562
}