{
    "train_accuracy": [
        0.5197368264198303,
        0.6414473652839661,
        0.6809210777282715,
        0.6710526347160339,
        0.6875,
        0.6907894611358643,
        0.7072368264198303,
        0.7039473652839661,
        0.7203947305679321,
        0.7335526347160339
    ],
    "val_accuracy": [
        0.4769230782985687,
        0.4923076927661896,
        0.5538461804389954,
        0.5846154093742371,
        0.5692307949066162,
        0.5076923370361328,
        0.5538461804389954,
        0.6000000238418579,
        0.5692307949066162,
        0.5538461804389954
    ],
    "train_loss": [
        1.3397843837738037,
        1.1360528469085693,
        1.0204424858093262,
        1.0153741836547852,
        1.0069079399108887,
        1.008340835571289,
        1.0119335651397705,
        0.9347720742225647,
        0.8896420001983643,
        0.8881775736808777
    ],
    "val_loss": [
        1.3727937936782837,
        1.2564629316329956,
        1.1685245037078857,
        1.1297047138214111,
        1.1900718212127686,
        1.344894528388977,
        1.2192673683166504,
        1.1413817405700684,
        1.161043405532837,
        1.2020443677902222
    ],
    "communication_cost": 25.957305908203125,
    "size_model": 12.978652954101562
}