{
    "train_accuracy": [
        0.6124197244644165,
        0.6252676844596863,
        0.6295503377914429,
        0.638115644454956,
        0.6616702079772949,
        0.6638115644454956,
        0.6616702079772949,
        0.6830835342407227,
        0.6980727910995483,
        0.7237687110900879
    ],
    "val_accuracy": [
        0.550000011920929,
        0.5400000214576721,
        0.5600000023841858,
        0.5600000023841858,
        0.5600000023841858,
        0.5899999737739563,
        0.6000000238418579,
        0.6200000047683716,
        0.6100000143051147,
        0.5899999737739563
    ],
    "train_loss": [
        1.0373133420944214,
        1.0240596532821655,
        0.985882043838501,
        0.9986953139305115,
        0.9816964268684387,
        0.9879785776138306,
        0.9479811787605286,
        0.9371218085289001,
        0.904230535030365,
        0.8624373078346252
    ],
    "val_loss": [
        1.15949285030365,
        1.1435693502426147,
        1.1389261484146118,
        1.123426079750061,
        1.1106730699539185,
        1.091609239578247,
        1.0729838609695435,
        1.0676249265670776,
        1.0563331842422485,
        1.0483464002609253
    ],
    "communication_cost": 25.957305908203125,
    "size_model": 12.978652954101562
}