{
    "train_accuracy": [
        0.6913580298423767,
        0.7333333492279053,
        0.7358024716377258,
        0.7185184955596924,
        0.7382715940475464,
        0.7679012417793274,
        0.7679012417793274,
        0.7654321193695068,
        0.7753086686134338,
        0.780246913433075
    ],
    "val_accuracy": [
        0.8045976758003235,
        0.7586206793785095,
        0.6666666865348816,
        0.7241379022598267,
        0.8045976758003235,
        0.8275862336158752,
        0.8160919547080994,
        0.8160919547080994,
        0.7701149582862854,
        0.7586206793785095
    ],
    "train_loss": [
        0.9294473528862,
        0.8805065155029297,
        0.8911666870117188,
        0.8882747888565063,
        0.8185498714447021,
        0.7792565822601318,
        0.762385368347168,
        0.7878307700157166,
        0.7531864643096924,
        0.7614418864250183
    ],
    "val_loss": [
        0.8849325180053711,
        0.9154642224311829,
        1.0167933702468872,
        0.9527983665466309,
        0.8489543795585632,
        0.8105295300483704,
        0.8009538054466248,
        0.8236865997314453,
        0.8444069027900696,
        0.8640182614326477
    ],
    "communication_cost": 25.957305908203125,
    "size_model": 12.978652954101562
}