{
    "train_accuracy": [
        0.521276593208313,
        0.5258358716964722,
        0.5258358716964722,
        0.5729483366012573,
        0.6717325448989868,
        0.7249240279197693,
        0.7325227856636047,
        0.7689969539642334,
        0.7659574747085571,
        0.781154990196228
    ],
    "val_accuracy": [
        0.5531914830207825,
        0.5531914830207825,
        0.567375898361206,
        0.609929084777832,
        0.716312050819397,
        0.7021276354789734,
        0.7234042286872864,
        0.7092198729515076,
        0.7304964661598206,
        0.73758864402771
    ],
    "train_loss": [
        1.4056075811386108,
        1.2822016477584839,
        1.2420748472213745,
        1.170888066291809,
        1.044883370399475,
        0.907183825969696,
        0.9123958945274353,
        0.8456794619560242,
        0.8204542994499207,
        0.772011399269104
    ],
    "val_loss": [
        1.3325165510177612,
        1.2805700302124023,
        1.2544220685958862,
        1.1720556020736694,
        1.037651538848877,
        1.0170037746429443,
        0.9742206335067749,
        0.9310991168022156,
        0.912872850894928,
        0.8872418999671936
    ],
    "communication_cost": 25.957305908203125,
    "size_model": 12.978652954101562
}