{
    "train_accuracy": [
        0.5333333611488342,
        0.644444465637207,
        0.7111111283302307,
        0.7111111283302307,
        0.7259259223937988,
        0.7358024716377258,
        0.7555555701255798,
        0.7432098984718323,
        0.7555555701255798,
        0.7456790208816528
    ],
    "val_accuracy": [
        0.5862069129943848,
        0.7126436829566956,
        0.8045976758003235,
        0.7931034564971924,
        0.7931034564971924,
        0.7931034564971924,
        0.7816091775894165,
        0.7356321811676025,
        0.7126436829566956,
        0.7471264600753784
    ],
    "train_loss": [
        1.2345842123031616,
        1.0635108947753906,
        0.964672863483429,
        0.9137790203094482,
        0.8965944051742554,
        0.8577078580856323,
        0.8672588467597961,
        0.8647507429122925,
        0.8598761558532715,
        0.8067746162414551
    ],
    "val_loss": [
        1.1733556985855103,
        1.0508109331130981,
        0.9710695147514343,
        0.9242877960205078,
        0.9072989821434021,
        0.8758144974708557,
        0.9054681062698364,
        0.9668614864349365,
        1.0022907257080078,
        0.9419817924499512
    ],
    "communication_cost": 25.957305908203125,
    "size_model": 12.978652954101562
}