{
    "train_accuracy": [
        0.6408977508544922,
        0.7032418847084045,
        0.7556109428405762,
        0.7605984807014465,
        0.7581047415733337,
        0.7930174469947815,
        0.7955112457275391,
        0.8104737997055054,
        0.8104737997055054,
        0.83790522813797
    ],
    "val_accuracy": [
        0.6395348906517029,
        0.6279069781303406,
        0.6395348906517029,
        0.6279069781303406,
        0.6511628031730652,
        0.6744186282157898,
        0.6395348906517029,
        0.6395348906517029,
        0.6511628031730652,
        0.6162790656089783
    ],
    "train_loss": [
        0.9235565066337585,
        0.7988625168800354,
        0.7529191970825195,
        0.7169153094291687,
        0.7099187970161438,
        0.6719986796379089,
        0.6406222581863403,
        0.5933667421340942,
        0.5980609655380249,
        0.5494065284729004
    ],
    "val_loss": [
        0.9780141115188599,
        0.9845811724662781,
        0.9439318180084229,
        0.8897550106048584,
        0.9003812074661255,
        0.9068983197212219,
        0.9157520532608032,
        0.9852396249771118,
        0.9610145092010498,
        0.9712691903114319
    ],
    "communication_cost": 25.957305908203125,
    "size_model": 12.978652954101562
}