{
    "train_accuracy": [
        0.6715328693389893,
        0.7518247961997986,
        0.7737226486206055,
        0.8175182342529297,
        0.8102189898490906,
        0.8175182342529297,
        0.8321167826652527,
        0.8686131238937378,
        0.8175182342529297,
        0.8540145754814148
    ],
    "val_accuracy": [
        0.4482758641242981,
        0.6551724076271057,
        0.5517241358757019,
        0.5862069129943848,
        0.5862069129943848,
        0.5517241358757019,
        0.5862069129943848,
        0.5862069129943848,
        0.5517241358757019,
        0.5862069129943848
    ],
    "train_loss": [
        0.9257611036300659,
        0.8077133893966675,
        0.7106993794441223,
        0.6649128794670105,
        0.6501688957214355,
        0.6139694452285767,
        0.6230114102363586,
        0.5421280860900879,
        0.5906577706336975,
        0.5161330103874207
    ],
    "val_loss": [
        1.3445035219192505,
        1.0644433498382568,
        1.1440640687942505,
        1.1256029605865479,
        1.1464983224868774,
        1.1650267839431763,
        1.158967137336731,
        1.2364037036895752,
        1.3141725063323975,
        1.1503888368606567
    ],
    "communication_cost": 25.957305908203125,
    "size_model": 12.978652954101562
}