{
    "train_accuracy": [
        0.3881579041481018,
        0.3815789520740509,
        0.39144736528396606,
        0.4111842215061188,
        0.4243420958518982,
        0.49013158679008484,
        0.5723684430122375,
        0.6315789222717285,
        0.6315789222717285,
        0.6611841917037964
    ],
    "val_accuracy": [
        0.2153846174478531,
        0.2153846174478531,
        0.2153846174478531,
        0.2153846174478531,
        0.23076923191547394,
        0.3076923191547394,
        0.38461539149284363,
        0.4769230782985687,
        0.5692307949066162,
        0.6000000238418579
    ],
    "train_loss": [
        1.5421218872070312,
        1.4411758184432983,
        1.4219458103179932,
        1.3894376754760742,
        1.3814477920532227,
        1.3643732070922852,
        1.292383074760437,
        1.1879401206970215,
        1.0952887535095215,
        1.0360774993896484
    ],
    "val_loss": [
        1.5676840543746948,
        1.5591374635696411,
        1.5401979684829712,
        1.54184889793396,
        1.5288370847702026,
        1.5161653757095337,
        1.4700860977172852,
        1.3544789552688599,
        1.2468575239181519,
        1.1658291816711426
    ],
    "communication_cost": 25.957305908203125,
    "size_model": 12.978652954101562
}