{
    "train_accuracy": [
        0.45985400676727295,
        0.5474452376365662,
        0.5182482004165649,
        0.5766423344612122,
        0.5985401272773743,
        0.6277372241020203,
        0.6131386756896973,
        0.6788321137428284,
        0.6788321137428284,
        0.6715328693389893
    ],
    "val_accuracy": [
        0.6206896305084229,
        0.6551724076271057,
        0.6206896305084229,
        0.6551724076271057,
        0.6551724076271057,
        0.6551724076271057,
        0.6551724076271057,
        0.6206896305084229,
        0.6551724076271057,
        0.5517241358757019
    ],
    "train_loss": [
        1.3604191541671753,
        1.2993377447128296,
        1.234147548675537,
        1.1497999429702759,
        1.0873974561691284,
        1.0254030227661133,
        0.9814261794090271,
        0.9426344037055969,
        0.9439406394958496,
        0.8918619751930237
    ],
    "val_loss": [
        1.3967448472976685,
        1.3509610891342163,
        1.321936845779419,
        1.2863221168518066,
        1.2516696453094482,
        1.2646536827087402,
        1.2214038372039795,
        1.243251085281372,
        1.244214653968811,
        1.266838550567627
    ],
    "communication_cost": 25.957305908203125,
    "size_model": 12.978652954101562
}