{
    "train_accuracy": [
        0.5912408828735352,
        0.6496350169181824,
        0.6861313581466675,
        0.7299270033836365,
        0.7445255517959595,
        0.7591241002082825,
        0.7883211970329285,
        0.7956204414367676,
        0.8102189898490906,
        0.8248175382614136
    ],
    "val_accuracy": [
        0.517241358757019,
        0.6551724076271057,
        0.6206896305084229,
        0.6206896305084229,
        0.6206896305084229,
        0.5862069129943848,
        0.6206896305084229,
        0.6206896305084229,
        0.6206896305084229,
        0.6206896305084229
    ],
    "train_loss": [
        1.030911922454834,
        0.8925315737724304,
        0.847575306892395,
        0.8155167698860168,
        0.7701690793037415,
        0.7229011058807373,
        0.6832241415977478,
        0.6746696829795837,
        0.6433768272399902,
        0.5984600782394409
    ],
    "val_loss": [
        1.263798475265503,
        1.0272752046585083,
        1.1355698108673096,
        1.1325920820236206,
        1.056784749031067,
        1.1768208742141724,
        1.0297366380691528,
        1.1650794744491577,
        1.1083768606185913,
        1.1574275493621826
    ],
    "communication_cost": 25.957305908203125,
    "size_model": 12.978652954101562
}