{
    "train_accuracy": [
        0.6973684430122375,
        0.7203947305679321,
        0.7335526347160339,
        0.7434210777282715,
        0.7631579041481018,
        0.7828947305679321,
        0.7631579041481018,
        0.8026315569877625,
        0.8190789222717285,
        0.8092105388641357
    ],
    "val_accuracy": [
        0.5846154093742371,
        0.5692307949066162,
        0.6153846383094788,
        0.6153846383094788,
        0.6000000238418579,
        0.6153846383094788,
        0.6153846383094788,
        0.6153846383094788,
        0.6000000238418579,
        0.5846154093742371
    ],
    "train_loss": [
        0.9631977081298828,
        0.8769287467002869,
        0.8339818120002747,
        0.7911519408226013,
        0.7603225111961365,
        0.7311493754386902,
        0.7192702293395996,
        0.693143367767334,
        0.6828576922416687,
        0.6779598593711853
    ],
    "val_loss": [
        1.1009968519210815,
        1.1963553428649902,
        1.1281670331954956,
        1.0898813009262085,
        1.121403694152832,
        1.1197279691696167,
        1.1497797966003418,
        1.1527670621871948,
        1.1824458837509155,
        1.1990177631378174
    ],
    "communication_cost": 25.957305908203125,
    "size_model": 12.978652954101562
}