{
    "train_accuracy": [
        0.7826747894287109,
        0.7735562324523926,
        0.7948328256607056,
        0.7978723645210266,
        0.7902735471725464,
        0.7948328256607056,
        0.8069908618927002,
        0.8085106611251831,
        0.8161094188690186,
        0.8328267335891724
    ],
    "val_accuracy": [
        0.7234042286872864,
        0.758865237236023,
        0.7517730593681335,
        0.7517730593681335,
        0.7517730593681335,
        0.758865237236023,
        0.758865237236023,
        0.7659574747085571,
        0.7872340679168701,
        0.7730496525764465
    ],
    "train_loss": [
        0.7695884704589844,
        0.7829996347427368,
        0.7163360714912415,
        0.7128285765647888,
        0.6909521222114563,
        0.6610772013664246,
        0.6504791378974915,
        0.6418679356575012,
        0.6237313151359558,
        0.6030380129814148
    ],
    "val_loss": [
        0.8618913888931274,
        0.8593204021453857,
        0.8303452730178833,
        0.8308447599411011,
        0.816413938999176,
        0.7991222143173218,
        0.8019455075263977,
        0.789059579372406,
        0.7624285817146301,
        0.7698839902877808
    ],
    "communication_cost": 25.957305908203125,
    "size_model": 12.978652954101562
}