{
    "train_accuracy": [
        0.8009950518608093,
        0.8656716346740723,
        0.8706467747688293,
        0.8756219148635864,
        0.8756219148635864,
        0.8805969953536987,
        0.8756219148635864,
        0.8905472755432129,
        0.8855721354484558,
        0.89552241563797
    ],
    "val_accuracy": [
        0.8139534592628479,
        0.7441860437393188,
        0.7441860437393188,
        0.7441860437393188,
        0.7441860437393188,
        0.7441860437393188,
        0.7441860437393188,
        0.7441860437393188,
        0.7441860437393188,
        0.7441860437393188
    ],
    "train_loss": [
        0.7590007781982422,
        0.5654248595237732,
        0.558054506778717,
        0.5548091530799866,
        0.5203154683113098,
        0.5094729661941528,
        0.5109288096427917,
        0.4896557927131653,
        0.4925554096698761,
        0.4589747190475464
    ],
    "val_loss": [
        0.6854149699211121,
        0.7973480820655823,
        0.7755935192108154,
        0.7561917901039124,
        0.764464795589447,
        0.7271239757537842,
        0.7612778544425964,
        0.7275173664093018,
        0.7558935284614563,
        0.746035635471344
    ],
    "communication_cost": 25.957305908203125,
    "size_model": 12.978652954101562
}