{
    "train_accuracy": [
        0.6875,
        0.7171052694320679,
        0.7269737124443054,
        0.7171052694320679,
        0.7434210777282715,
        0.7434210777282715,
        0.7861841917037964,
        0.7730262875556946,
        0.7664473652839661,
        0.7763158082962036
    ],
    "val_accuracy": [
        0.6000000238418579,
        0.6307692527770996,
        0.6153846383094788,
        0.6461538672447205,
        0.6461538672447205,
        0.6461538672447205,
        0.6461538672447205,
        0.6461538672447205,
        0.6615384817123413,
        0.6307692527770996
    ],
    "train_loss": [
        0.9986923336982727,
        0.9520550966262817,
        0.9049373269081116,
        0.8895094990730286,
        0.8438410758972168,
        0.8371179103851318,
        0.786970853805542,
        0.7839354872703552,
        0.7911936640739441,
        0.7914483547210693
    ],
    "val_loss": [
        1.0713154077529907,
        1.158831000328064,
        1.1625869274139404,
        1.1091879606246948,
        1.1035693883895874,
        1.0920929908752441,
        1.0738705396652222,
        1.0571428537368774,
        1.0655852556228638,
        1.1244776248931885
    ],
    "communication_cost": 25.957305908203125,
    "size_model": 12.978652954101562
}