{
    "train_accuracy": [
        0.4588528573513031,
        0.5211970210075378,
        0.5087282061576843,
        0.5486284494400024,
        0.5660848021507263,
        0.5710723400115967,
        0.586034893989563,
        0.618453860282898,
        0.6134663224220276,
        0.6483790278434753
    ],
    "val_accuracy": [
        0.5581395626068115,
        0.5465116500854492,
        0.569767415523529,
        0.5930232405662537,
        0.5930232405662537,
        0.5813953280448914,
        0.5813953280448914,
        0.604651153087616,
        0.6279069781303406,
        0.6511628031730652
    ],
    "train_loss": [
        1.2668026685714722,
        1.195034384727478,
        1.20255708694458,
        1.1454750299453735,
        1.0857532024383545,
        1.068342685699463,
        1.0340123176574707,
        0.9920520186424255,
        0.9730490446090698,
        0.9175759553909302
    ],
    "val_loss": [
        1.241676688194275,
        1.2293864488601685,
        1.2181276082992554,
        1.1785283088684082,
        1.155027151107788,
        1.1575448513031006,
        1.1281009912490845,
        1.1073015928268433,
        1.0850639343261719,
        1.0992655754089355
    ],
    "communication_cost": 25.957305908203125,
    "size_model": 12.978652954101562
}