{
    "train_accuracy": [
        0.4588528573513031,
        0.503740668296814,
        0.4688279330730438,
        0.4962593615055084,
        0.5062344074249268,
        0.4962593615055084,
        0.5062344074249268,
        0.5236907601356506,
        0.4962593615055084,
        0.5062344074249268
    ],
    "val_accuracy": [
        0.5465116500854492,
        0.5465116500854492,
        0.5465116500854492,
        0.5465116500854492,
        0.5465116500854492,
        0.5465116500854492,
        0.5465116500854492,
        0.5465116500854492,
        0.5465116500854492,
        0.5465116500854492
    ],
    "train_loss": [
        1.526811957359314,
        1.329100489616394,
        1.27254056930542,
        1.2643694877624512,
        1.248472809791565,
        1.2410643100738525,
        1.2330440282821655,
        1.2266662120819092,
        1.2163140773773193,
        1.2039157152175903
    ],
    "val_loss": [
        1.464706301689148,
        1.3210140466690063,
        1.3028860092163086,
        1.2888785600662231,
        1.283424735069275,
        1.273202657699585,
        1.269916296005249,
        1.2645782232284546,
        1.2608567476272583,
        1.2523409128189087
    ],
    "communication_cost": 25.957305908203125,
    "size_model": 12.978652954101562
}