{
    "train_accuracy": [
        0.6916488409042358,
        0.721627414226532,
        0.7237687110900879,
        0.7301927208900452,
        0.7773019075393677,
        0.783725917339325,
        0.783725917339325,
        0.7665953040122986,
        0.8008565306663513,
        0.8137044906616211
    ],
    "val_accuracy": [
        0.6600000262260437,
        0.6800000071525574,
        0.6800000071525574,
        0.6800000071525574,
        0.6800000071525574,
        0.699999988079071,
        0.6700000166893005,
        0.6700000166893005,
        0.6800000071525574,
        0.6800000071525574
    ],
    "train_loss": [
        0.8717292547225952,
        0.8326648473739624,
        0.8013578653335571,
        0.7764171957969666,
        0.7423181533813477,
        0.6966527700424194,
        0.7233515381813049,
        0.6853768825531006,
        0.6724315285682678,
        0.6554300785064697
    ],
    "val_loss": [
        1.0729881525039673,
        1.028976321220398,
        0.9714064598083496,
        0.9833210110664368,
        0.9684445261955261,
        1.019085168838501,
        0.9509838223457336,
        1.0390456914901733,
        0.9680525064468384,
        0.9562800526618958
    ],
    "communication_cost": 25.957305908203125,
    "size_model": 12.978652954101562
}