{
    "train_accuracy": [
        0.7765957713127136,
        0.802431583404541,
        0.8054711222648621,
        0.8282674551010132,
        0.8130698800086975,
        0.8328267335891724,
        0.8252279758453369,
        0.8313069939613342,
        0.8389057517051697,
        0.8510638475418091
    ],
    "val_accuracy": [
        0.7730496525764465,
        0.7801418304443359,
        0.7872340679168701,
        0.7872340679168701,
        0.7943262457847595,
        0.8085106611251831,
        0.8014184236526489,
        0.8085106611251831,
        0.8085106611251831,
        0.8226950168609619
    ],
    "train_loss": [
        0.7886138558387756,
        0.6854506134986877,
        0.6672318577766418,
        0.6370264887809753,
        0.6287218928337097,
        0.6073426604270935,
        0.5912858247756958,
        0.5874929428100586,
        0.5686770081520081,
        0.5486319661140442
    ],
    "val_loss": [
        0.8381335735321045,
        0.7665002346038818,
        0.7715886831283569,
        0.7511481046676636,
        0.741730272769928,
        0.7436121702194214,
        0.724389374256134,
        0.728454053401947,
        0.731640636920929,
        0.7084977030754089
    ],
    "communication_cost": 25.957305908203125,
    "size_model": 12.978652954101562
}