{
    "train_accuracy": [
        0.5820895433425903,
        0.8507462739944458,
        0.8507462739944458,
        0.8507462739944458,
        0.8507462739944458,
        0.8507462739944458,
        0.8507462739944458,
        0.8507462739944458,
        0.8507462739944458,
        0.8507462739944458
    ],
    "val_accuracy": [
        0.7674418687820435,
        0.7674418687820435,
        0.7674418687820435,
        0.7674418687820435,
        0.7674418687820435,
        0.7674418687820435,
        0.7674418687820435,
        0.7674418687820435,
        0.7674418687820435,
        0.7674418687820435
    ],
    "train_loss": [
        1.5435518026351929,
        1.2879592180252075,
        0.8977476954460144,
        0.8649812936782837,
        0.7687817215919495,
        0.7754292488098145,
        0.7611300349235535,
        0.7639898061752319,
        0.7412993311882019,
        0.7602993845939636
    ],
    "val_loss": [
        1.5126386880874634,
        1.2614091634750366,
        0.9764522910118103,
        0.9667269587516785,
        1.031486988067627,
        0.9688855409622192,
        0.9170439839363098,
        0.9397377371788025,
        0.9451702833175659,
        0.9228829741477966
    ],
    "communication_cost": 25.957305908203125,
    "size_model": 12.978652954101562
}