{
    "train_accuracy": [
        0.8009950518608093,
        0.8606964945793152,
        0.8656716346740723,
        0.8706467747688293,
        0.8706467747688293,
        0.8706467747688293,
        0.8656716346740723,
        0.8805969953536987,
        0.8756219148635864,
        0.8756219148635864
    ],
    "val_accuracy": [
        0.8139534592628479,
        0.7441860437393188,
        0.7441860437393188,
        0.7441860437393188,
        0.7441860437393188,
        0.7441860437393188,
        0.7674418687820435,
        0.7674418687820435,
        0.7674418687820435,
        0.7906976938247681
    ],
    "train_loss": [
        0.7508811354637146,
        0.6210800409317017,
        0.6035487651824951,
        0.5651003122329712,
        0.5522636771202087,
        0.5450248718261719,
        0.5389094948768616,
        0.5277880430221558,
        0.5198429822921753,
        0.5324181914329529
    ],
    "val_loss": [
        0.7271265983581543,
        0.857029914855957,
        0.8355634212493896,
        0.7994186878204346,
        0.8378008604049683,
        0.7933927774429321,
        0.7919266223907471,
        0.8060093522071838,
        0.8089238405227661,
        0.7840455770492554
    ],
    "communication_cost": 25.957305908203125,
    "size_model": 12.978652954101562
}