{
    "1": {
        "loss": 1.3511206207736846,
        "loss_val": 1.350163770875623,
        "loss_test": 1.3511206207736846,
        "val_accuracy": 0.5325513200894478,
        "test_accuracy": 0.5387096937625638
    },
    "2": {
        "loss": 0.6917331510974514,
        "loss_val": 0.6018079510619563,
        "loss_test": 0.6917331510974514,
        "val_accuracy": 0.7646208532394901,
        "test_accuracy": 0.7193548338067146
    },
    "3": {
        "loss": 0.43524267870572303,
        "loss_val": 0.4576141773693023,
        "loss_test": 0.43524267870572303,
        "val_accuracy": 0.8229157901579335,
        "test_accuracy": 0.8451612947448607
    },
    "4": {
        "loss": 0.31284134818180914,
        "loss_val": 0.3121085319788225,
        "loss_test": 0.31284134818180914,
        "val_accuracy": 0.8992668709447306,
        "test_accuracy": 0.8951612917646284
    },
    "5": {
        "loss": 0.3130114286897644,
        "loss_val": 0.256976943811582,
        "loss_test": 0.3130114286897644,
        "val_accuracy": 0.9366778305461331,
        "test_accuracy": 0.9193548315955746
    }
}