{
    "1": {
        "loss": 1.3180024822552998,
        "loss_val": 1.3188244501749673,
        "loss_test": 1.3180024822552998,
        "val_accuracy": 0.6343042155106863,
        "test_accuracy": 0.644012947877248
    },
    "2": {
        "loss": 0.566343436638514,
        "loss_val": 0.5134212772051493,
        "loss_test": 0.566343436638514,
        "val_accuracy": 0.8090614974498748,
        "test_accuracy": 0.7880258957544961
    },
    "3": {
        "loss": 0.34541635463635123,
        "loss_val": 0.2983286380767822,
        "loss_test": 0.34541635463635123,
        "val_accuracy": 0.906148870786031,
        "test_accuracy": 0.8980582455794016
    },
    "4": {
        "loss": 0.2200717031955719,
        "loss_val": 0.18501671651999152,
        "loss_test": 0.2200717031955719,
        "val_accuracy": 0.9449838101863861,
        "test_accuracy": 0.9433656930923462
    },
    "5": {
        "loss": 0.24810260285933808,
        "loss_val": 0.21628498596449688,
        "loss_test": 0.24810260285933808,
        "val_accuracy": 0.9417475759983063,
        "test_accuracy": 0.946601927280426
    }
}