{
    "1": {
        "loss": 1.3286571204662323,
        "loss_val": 1.3274325728416443,
        "loss_test": 1.3286571204662323,
        "val_accuracy": 0.6769480556249619,
        "test_accuracy": 0.6822580546140671
    },
    "2": {
        "loss": 0.3575408384203911,
        "loss_val": 0.3468582183122635,
        "loss_test": 0.3575408384203911,
        "val_accuracy": 0.8847402781248093,
        "test_accuracy": 0.8741935342550278
    },
    "3": {
        "loss": 0.2208825647830963,
        "loss_val": 0.23516940511763096,
        "loss_test": 0.2208825647830963,
        "val_accuracy": 0.9334415644407272,
        "test_accuracy": 0.948387086391449
    },
    "4": {
        "loss": 0.18113992549479008,
        "loss_val": 0.14034923817962408,
        "loss_test": 0.18113992549479008,
        "val_accuracy": 0.9610389471054077,
        "test_accuracy": 0.9596774131059647
    },
    "5": {
        "loss": 0.16036060638725758,
        "loss_val": 0.14908644929528236,
        "loss_test": 0.16036060638725758,
        "val_accuracy": 0.9610389471054077,
        "test_accuracy": 0.9596774131059647
    }
}