{
    "train_accuracy": [
        0.7066166996955872,
        0.8002496957778931,
        0.8177278637886047,
        0.8514357209205627,
        0.8614231944084167,
        0.8689138293266296,
        0.8863919973373413,
        0.9013732671737671,
        0.8976279497146606,
        0.9151061177253723
    ],
    "val_accuracy": [
        0.7906976938247681,
        0.7674418687820435,
        0.7558139562606812,
        0.7616279125213623,
        0.7558139562606812,
        0.7383720874786377,
        0.7034883499145508,
        0.7267441749572754,
        0.7674418687820435,
        0.7093023061752319
    ],
    "train_loss": [
        0.7492166757583618,
        0.542496383190155,
        0.5111325979232788,
        0.451340913772583,
        0.43050849437713623,
        0.40454933047294617,
        0.3884539008140564,
        0.3598054349422455,
        0.3541439473628998,
        0.3319140076637268
    ],
    "val_loss": [
        0.6572844982147217,
        0.627993106842041,
        0.663762629032135,
        0.6667149662971497,
        0.6555312871932983,
        0.6655617356300354,
        0.7242231965065002,
        0.6971123814582825,
        0.6720815896987915,
        0.7252358198165894
    ],
    "communication_cost": 25.957305908203125,
    "size_model": 12.978652954101562
}