{
    "train_accuracy": [
        0.667976438999176,
        0.7347740530967712,
        0.7465618848800659,
        0.7799606919288635,
        0.7976424098014832,
        0.8428290486335754,
        0.8428290486335754,
        0.8585461974143982,
        0.8526522517204285,
        0.8722985982894897
    ],
    "val_accuracy": [
        0.7339449524879456,
        0.752293586730957,
        0.7798165082931519,
        0.7798165082931519,
        0.78899085521698,
        0.7614678740501404,
        0.7614678740501404,
        0.7798165082931519,
        0.78899085521698,
        0.752293586730957
    ],
    "train_loss": [
        0.8277561664581299,
        0.6516900658607483,
        0.6121253967285156,
        0.5775632858276367,
        0.5391314029693604,
        0.4881332218647003,
        0.4801420271396637,
        0.4665541648864746,
        0.46378272771835327,
        0.42769157886505127
    ],
    "val_loss": [
        0.7103943228721619,
        0.6882163286209106,
        0.6500851511955261,
        0.6365150213241577,
        0.6183424592018127,
        0.6051668524742126,
        0.5946131944656372,
        0.610046923160553,
        0.6098912954330444,
        0.618438720703125
    ],
    "communication_cost": 25.957305908203125,
    "size_model": 12.978652954101562
}