{
    "train_accuracy": [
        0.5855181217193604,
        0.6591760516166687,
        0.6866416931152344,
        0.7028713822364807,
        0.7365792989730835,
        0.7777777910232544,
        0.774032473564148,
        0.7815231084823608,
        0.8039950132369995,
        0.8102372288703918
    ],
    "val_accuracy": [
        0.6686046719551086,
        0.6569767594337463,
        0.7209302186965942,
        0.6860465407371521,
        0.7209302186965942,
        0.7325581312179565,
        0.7558139562606812,
        0.7558139562606812,
        0.7383720874786377,
        0.7558139562606812
    ],
    "train_loss": [
        0.9071444272994995,
        0.7576732635498047,
        0.7049976587295532,
        0.7071036100387573,
        0.6578376293182373,
        0.6372411847114563,
        0.6070420742034912,
        0.6059520244598389,
        0.5660150647163391,
        0.5683437585830688
    ],
    "val_loss": [
        0.8265629410743713,
        0.7846387624740601,
        0.759924054145813,
        0.7487059235572815,
        0.7286617159843445,
        0.7017617225646973,
        0.7030381560325623,
        0.6844969987869263,
        0.6930566430091858,
        0.665050745010376
    ],
    "communication_cost": 25.957305908203125,
    "size_model": 12.978652954101562
}