{
    "train_accuracy": [
        0.5454545617103577,
        0.8181818127632141,
        0.8181818127632141,
        0.9090909361839294,
        1.0,
        1.0,
        1.0,
        1.0,
        1.0,
        1.0
    ],
    "val_accuracy": [
        1.0,
        1.0,
        1.0,
        1.0,
        1.0,
        1.0,
        1.0,
        1.0,
        1.0,
        1.0
    ],
    "train_loss": [
        1.530735731124878,
        0.78084397315979,
        0.46617811918258667,
        0.2417611926794052,
        0.18035733699798584,
        0.15892267227172852,
        0.14913059771060944,
        0.14688149094581604,
        0.1393308937549591,
        0.13540536165237427
    ],
    "val_loss": [
        0.14053481817245483,
        0.12774357199668884,
        0.12540273368358612,
        0.1249389797449112,
        0.12482054531574249,
        0.12478141486644745,
        0.12476204335689545,
        0.12474825233221054,
        0.12473597377538681,
        0.12472401559352875
    ],
    "communication_cost": 25.957305908203125,
    "size_model": 12.978652954101562
}