{
    "train_accuracy": [
        0.3636363744735718,
        0.5909090638160706,
        0.6818181872367859,
        0.8636363744735718,
        0.9545454382896423,
        1.0,
        1.0,
        1.0,
        1.0,
        1.0
    ],
    "val_accuracy": [
        1.0,
        1.0,
        1.0,
        1.0,
        1.0,
        1.0,
        1.0,
        1.0,
        1.0,
        1.0
    ],
    "train_loss": [
        1.6798778772354126,
        1.004647970199585,
        0.7112886309623718,
        0.4647986590862274,
        0.353188693523407,
        0.2609657645225525,
        0.224772647023201,
        0.19687223434448242,
        0.17233815789222717,
        0.1603117436170578
    ],
    "val_loss": [
        0.2821730971336365,
        0.18443986773490906,
        0.15261322259902954,
        0.1411992311477661,
        0.1364065259695053,
        0.13401560485363007,
        0.1328580677509308,
        0.13227519392967224,
        0.13197064399719238,
        0.13180148601531982
    ],
    "communication_cost": 25.957305908203125,
    "size_model": 12.978652954101562
}