{
    "train_accuracy": [
        0.7033398747444153,
        0.7603143453598022,
        0.7937131524085999,
        0.8310412764549255,
        0.8349705338478088,
        0.8880156874656677,
        0.8899803757667542,
        0.9076620936393738,
        0.9194499254226685,
        0.9056974649429321
    ],
    "val_accuracy": [
        0.7339449524879456,
        0.7431192398071289,
        0.7339449524879456,
        0.7798165082931519,
        0.78899085521698,
        0.78899085521698,
        0.7798165082931519,
        0.7981651425361633,
        0.7706422209739685,
        0.8256880640983582
    ],
    "train_loss": [
        0.8015401363372803,
        0.5980618596076965,
        0.5494003295898438,
        0.5112542510032654,
        0.4866955876350403,
        0.4311802089214325,
        0.4153141677379608,
        0.39153099060058594,
        0.35350364446640015,
        0.3481033742427826
    ],
    "val_loss": [
        0.6152112483978271,
        0.6058294177055359,
        0.57985919713974,
        0.5646555423736572,
        0.55887371301651,
        0.543468177318573,
        0.5617105960845947,
        0.5806583762168884,
        0.5822848677635193,
        0.5860059261322021
    ],
    "communication_cost": 25.957305908203125,
    "size_model": 12.978652954101562
}