{
    "train_accuracy": [
        0.9090909361839294,
        1.0,
        1.0,
        1.0,
        1.0,
        1.0,
        1.0,
        1.0,
        1.0,
        1.0
    ],
    "val_accuracy": [
        1.0,
        1.0,
        1.0,
        1.0,
        1.0,
        1.0,
        1.0,
        1.0,
        1.0,
        1.0
    ],
    "train_loss": [
        1.558791995048523,
        1.483859658241272,
        1.4225573539733887,
        1.3398000001907349,
        1.2541853189468384,
        1.184539556503296,
        1.0633020401000977,
        0.9491568207740784,
        0.828074038028717,
        0.7131896615028381
    ],
    "val_loss": [
        1.5375601053237915,
        1.5019358396530151,
        1.4627858400344849,
        1.4182229042053223,
        1.3656282424926758,
        1.3044705390930176,
        1.233699083328247,
        1.1523791551589966,
        1.0591078996658325,
        0.9546208381652832
    ],
    "communication_cost": 25.957305908203125,
    "size_model": 12.978652954101562
}