{
    "train_accuracy": [
        0.04545454680919647,
        0.27272728085517883,
        0.8181818127632141,
        1.0,
        1.0,
        1.0,
        1.0,
        1.0,
        1.0,
        1.0
    ],
    "val_accuracy": [
        0.800000011920929,
        1.0,
        1.0,
        1.0,
        1.0,
        1.0,
        1.0,
        1.0,
        1.0,
        1.0
    ],
    "train_loss": [
        1.7779784202575684,
        1.359213948249817,
        1.0486845970153809,
        0.7656648755073547,
        0.5794603228569031,
        0.40453940629959106,
        0.2985331416130066,
        0.23842407763004303,
        0.19069725275039673,
        0.16699375212192535
    ],
    "val_loss": [
        1.2352404594421387,
        1.0346561670303345,
        0.8588694334030151,
        0.6994965672492981,
        0.5560696721076965,
        0.43482455611228943,
        0.33896616101264954,
        0.26813074946403503,
        0.2197168618440628,
        0.18935497105121613
    ],
    "communication_cost": 25.957305908203125,
    "size_model": 12.978652954101562
}