{
    "train_accuracy": [
        0.7852684259414673,
        0.8539325594902039,
        0.8614231944084167,
        0.875156044960022,
        0.9026217460632324,
        0.9225967526435852,
        0.9213483333587646,
        0.9400749206542969,
        0.9400749206542969,
        0.9450686573982239
    ],
    "val_accuracy": [
        0.8081395626068115,
        0.8023256063461304,
        0.7732558250427246,
        0.7906976938247681,
        0.7732558250427246,
        0.7558139562606812,
        0.8023256063461304,
        0.7616279125213623,
        0.75,
        0.7732558250427246
    ],
    "train_loss": [
        0.6050316691398621,
        0.43978309631347656,
        0.41197919845581055,
        0.3925628066062927,
        0.3513900637626648,
        0.33170223236083984,
        0.3088400065898895,
        0.2755177915096283,
        0.26348546147346497,
        0.27838993072509766
    ],
    "val_loss": [
        0.5592777132987976,
        0.562495231628418,
        0.6184230446815491,
        0.5767261385917664,
        0.6149100661277771,
        0.7064156532287598,
        0.617656946182251,
        0.7112060189247131,
        0.8888792991638184,
        0.7340812087059021
    ],
    "communication_cost": 25.957305908203125,
    "size_model": 12.978652954101562
}