{
    "train_accuracy": [
        0.8852140307426453,
        0.9040207266807556,
        0.9118028283119202,
        0.9156938791275024,
        0.9403372406959534,
        0.9390401840209961,
        0.9474708437919617,
        0.9487678408622742,
        0.9552529454231262,
        0.9526588916778564
    ],
    "val_accuracy": [
        0.8727272748947144,
        0.8636363744735718,
        0.8787878751754761,
        0.8666666746139526,
        0.8545454740524292,
        0.8575757741928101,
        0.842424213886261,
        0.8545454740524292,
        0.8606060743331909,
        0.8666666746139526
    ],
    "train_loss": [
        0.45465680956840515,
        0.38374602794647217,
        0.36081379652023315,
        0.3477618098258972,
        0.3123731315135956,
        0.3111923635005951,
        0.28781837224960327,
        0.2798880636692047,
        0.26117509603500366,
        0.28158822655677795
    ],
    "val_loss": [
        0.48441290855407715,
        0.5010783076286316,
        0.4702388048171997,
        0.49634289741516113,
        0.5506078600883484,
        0.5527077317237854,
        0.6313579678535461,
        0.5616406798362732,
        0.581407904624939,
        0.604701578617096
    ],
    "communication_cost": 25.957305908203125,
    "size_model": 12.978652954101562
}