{
    "train_accuracy": [
        0.7387033104896545,
        0.8113948702812195,
        0.8388997912406921,
        0.8683693408966064,
        0.8703339695930481,
        0.8821218013763428,
        0.9096267223358154,
        0.8998035192489624,
        0.9449901580810547,
        0.9115913510322571
    ],
    "val_accuracy": [
        0.8348624110221863,
        0.7706422209739685,
        0.7431192398071289,
        0.7798165082931519,
        0.78899085521698,
        0.8073394298553467,
        0.7798165082931519,
        0.7981651425361633,
        0.7981651425361633,
        0.8073394298553467
    ],
    "train_loss": [
        0.7011780738830566,
        0.5180333256721497,
        0.4941219389438629,
        0.448403924703598,
        0.403175950050354,
        0.38190367817878723,
        0.34824785590171814,
        0.3388589322566986,
        0.2986597418785095,
        0.31998971104621887
    ],
    "val_loss": [
        0.5885199904441833,
        0.5272932052612305,
        0.5341202020645142,
        0.5087302923202515,
        0.5008776187896729,
        0.5007780194282532,
        0.5113853216171265,
        0.5180372595787048,
        0.5646653771400452,
        0.5763978362083435
    ],
    "communication_cost": 25.957305908203125,
    "size_model": 12.978652954101562
}