{
    "train_accuracy": [
        0.44007858633995056,
        0.5363457798957825,
        0.5481336116790771,
        0.5540274977684021,
        0.5402750372886658,
        0.5599214434623718,
        0.5815324187278748,
        0.5776031613349915,
        0.5854616761207581,
        0.5776031613349915
    ],
    "val_accuracy": [
        0.4862385392189026,
        0.6697247624397278,
        0.5596330165863037,
        0.642201840877533,
        0.642201840877533,
        0.6238532066345215,
        0.6605504751205444,
        0.6238532066345215,
        0.6513761281967163,
        0.6605504751205444
    ],
    "train_loss": [
        1.3297966718673706,
        0.9301514029502869,
        0.9018694162368774,
        0.8848205804824829,
        0.8817650079727173,
        0.8857951760292053,
        0.8664219975471497,
        0.8475491404533386,
        0.8475298881530762,
        0.8405859470367432
    ],
    "val_loss": [
        1.0583584308624268,
        0.8861980438232422,
        0.9060618281364441,
        0.8945854902267456,
        0.8812813758850098,
        0.884186863899231,
        0.8655169010162354,
        0.8549537062644958,
        0.8543015122413635,
        0.8476108312606812
    ],
    "communication_cost": 25.957305908203125,
    "size_model": 12.978652954101562
}