{
    "train_accuracy": [
        0.5,
        0.6818181872367859,
        0.8181818127632141,
        0.9090909361839294,
        0.9545454382896423,
        1.0,
        1.0,
        1.0,
        1.0,
        1.0
    ],
    "val_accuracy": [
        1.0,
        1.0,
        1.0,
        1.0,
        1.0,
        1.0,
        1.0,
        1.0,
        1.0,
        1.0
    ],
    "train_loss": [
        1.6410330533981323,
        1.0149656534194946,
        0.48427388072013855,
        0.3454262912273407,
        0.26024508476257324,
        0.21193720400333405,
        0.17178606986999512,
        0.17212972044944763,
        0.1465083807706833,
        0.14748793840408325
    ],
    "val_loss": [
        0.19736424088478088,
        0.1473010778427124,
        0.1332288533449173,
        0.12874561548233032,
        0.12742812931537628,
        0.1269807666540146,
        0.12680193781852722,
        0.12672056257724762,
        0.12667573988437653,
        0.12664617598056793
    ],
    "communication_cost": 25.957305908203125,
    "size_model": 12.978652954101562
}