{
    "train_accuracy": [
        0.6691635251045227,
        0.7290886640548706,
        0.7590512037277222,
        0.7752808928489685,
        0.8064919114112854,
        0.7977527976036072,
        0.8252184987068176,
        0.8339575529098511,
        0.8539325594902039,
        0.8714107275009155
    ],
    "val_accuracy": [
        0.680232584476471,
        0.7790697813034058,
        0.7674418687820435,
        0.7674418687820435,
        0.7965116500854492,
        0.8255813717842102,
        0.819767415523529,
        0.8081395626068115,
        0.8081395626068115,
        0.8255813717842102
    ],
    "train_loss": [
        0.804318904876709,
        0.6369268298149109,
        0.6048772931098938,
        0.5820316076278687,
        0.5432412624359131,
        0.5357780456542969,
        0.5065775513648987,
        0.4745684564113617,
        0.44347214698791504,
        0.4255788028240204
    ],
    "val_loss": [
        0.7273183465003967,
        0.662958562374115,
        0.6653234958648682,
        0.6622779369354248,
        0.6434812545776367,
        0.6406526565551758,
        0.6085242629051208,
        0.6024531722068787,
        0.6037413477897644,
        0.6216934323310852
    ],
    "communication_cost": 25.957305908203125,
    "size_model": 12.978652954101562
}