{
    "train_accuracy": [
        0.9247730374336243,
        0.9435797929763794,
        0.9546043872833252,
        0.951361894607544,
        0.9584954380989075,
        0.9617379903793335,
        0.966926097869873,
        0.9682230949401855,
        0.9682230949401855,
        0.960440993309021
    ],
    "val_accuracy": [
        0.8666666746139526,
        0.8727272748947144,
        0.8818181753158569,
        0.8787878751754761,
        0.8999999761581421,
        0.8909090757369995,
        0.8818181753158569,
        0.8757575750350952,
        0.8757575750350952,
        0.8848484754562378
    ],
    "train_loss": [
        0.35046496987342834,
        0.2991711497306824,
        0.2704358398914337,
        0.2688647210597992,
        0.25908756256103516,
        0.2398819774389267,
        0.22634947299957275,
        0.2259940803050995,
        0.22100186347961426,
        0.22741222381591797
    ],
    "val_loss": [
        0.47896477580070496,
        0.4745575785636902,
        0.4652392268180847,
        0.5007792711257935,
        0.475456178188324,
        0.47826477885246277,
        0.5265324115753174,
        0.5556212067604065,
        0.5371528267860413,
        0.5256414413452148
    ],
    "communication_cost": 25.957305908203125,
    "size_model": 12.978652954101562
}