{
    "train_accuracy": [
        0.7814526557922363,
        0.8274967670440674,
        0.8450064659118652,
        0.8579766750335693,
        0.850843071937561,
        0.8599221706390381,
        0.8787289261817932,
        0.8767833709716797,
        0.8787289261817932,
        0.8910505771636963
    ],
    "val_accuracy": [
        0.7424242496490479,
        0.7363636493682861,
        0.7575757503509521,
        0.7909091114997864,
        0.7969697117805481,
        0.800000011920929,
        0.7939394116401672,
        0.8121212124824524,
        0.8090909123420715,
        0.8090909123420715
    ],
    "train_loss": [
        0.7259268760681152,
        0.5860846042633057,
        0.5635323524475098,
        0.5468651652336121,
        0.5245391130447388,
        0.5048685073852539,
        0.4820653200149536,
        0.4666595160961151,
        0.4584481716156006,
        0.4329243302345276
    ],
    "val_loss": [
        0.7855459451675415,
        0.813626766204834,
        0.7377070784568787,
        0.6567546129226685,
        0.6710917353630066,
        0.6428706049919128,
        0.6407842636108398,
        0.6291302442550659,
        0.6480188369750977,
        0.6451825499534607
    ],
    "communication_cost": 25.957305908203125,
    "size_model": 12.978652954101562
}