{
    "train_accuracy": [
        0.5518102645874023,
        0.5405742526054382,
        0.5892634391784668,
        0.5817728042602539,
        0.5992509126663208,
        0.5967540740966797,
        0.63670414686203,
        0.617977499961853,
        0.6666666865348816,
        0.6441947817802429
    ],
    "val_accuracy": [
        0.5232558250427246,
        0.5348837375640869,
        0.5232558250427246,
        0.5290697813034058,
        0.5406976938247681,
        0.604651153087616,
        0.6395348906517029,
        0.645348846912384,
        0.645348846912384,
        0.6976743936538696
    ],
    "train_loss": [
        1.1972262859344482,
        0.9217504858970642,
        0.8979594111442566,
        0.8859899640083313,
        0.8649179935455322,
        0.8681886792182922,
        0.8259206414222717,
        0.8063086867332458,
        0.7786734700202942,
        0.7778167724609375
    ],
    "val_loss": [
        0.9181850552558899,
        0.9501990675926208,
        0.9159916043281555,
        0.9072130918502808,
        0.8857886791229248,
        0.8863792419433594,
        0.8591497540473938,
        0.8365218639373779,
        0.8182429075241089,
        0.81558758020401
    ],
    "communication_cost": 25.957305908203125,
    "size_model": 12.978652954101562
}