{
    "1": {
        "loss": 1.460562831182696,
        "loss_val": 1.4234361866531249,
        "loss_test": 1.460562831182696,
        "val_accuracy": 0.30531371276355485,
        "test_accuracy": 0.2475728223576515,
        "test_f1-score": 0.15870335834197863,
        "CV": 0.6974502446654776
    },
    "2": {
        "loss": 1.157660590020584,
        "loss_val": 1.1212187039041983,
        "loss_test": 1.157660590020584,
        "val_accuracy": 0.5827709007224604,
        "test_accuracy": 0.5906148942060842,
        "test_f1-score": 0.44699621299577535,
        "CV": 1.0904901198409085
    },
    "3": {
        "loss": 1.151206732567846,
        "loss_val": 1.0638870724196574,
        "loss_test": 1.151206732567846,
        "val_accuracy": 0.6541898989368796,
        "test_accuracy": 0.5954692732169019,
        "test_f1-score": 0.3532461658286147,
        "CV": 1.048645500783598
    },
    "4": {
        "loss": 1.1830448777351565,
        "loss_val": 1.0712476464826313,
        "loss_test": 1.1830448777351565,
        "val_accuracy": 0.6606222043917017,
        "test_accuracy": 0.6326860824063373,
        "test_f1-score": 0.4042396203317247,
        "CV": 1.0767081133043694
    },
    "5": {
        "loss": 1.326857284145448,
        "loss_val": 1.1610321766157368,
        "loss_test": 1.326857284145448,
        "val_accuracy": 0.6736713768401964,
        "test_accuracy": 0.6343042007541965,
        "test_f1-score": 0.3853416903433743,
        "CV": 1.0617394711912058
    }
}