{
    "train_accuracy": [
        0.5596627593040466,
        0.7178988456726074,
        0.765239953994751,
        0.7957198619842529,
        0.8067445158958435,
        0.8236057162284851,
        0.8236057162284851,
        0.8352788686752319,
        0.8469520211219788,
        0.8553826212882996
    ],
    "val_accuracy": [
        0.7090908885002136,
        0.7242424488067627,
        0.7484848499298096,
        0.760606050491333,
        0.7757575511932373,
        0.7727272510528564,
        0.7969697117805481,
        0.7787878513336182,
        0.8030303120613098,
        0.821212112903595
    ],
    "train_loss": [
        1.1825785636901855,
        0.9170289039611816,
        0.8058509826660156,
        0.7127480506896973,
        0.6694335341453552,
        0.6379680037498474,
        0.6015005111694336,
        0.5707371234893799,
        0.5494876503944397,
        0.5366828441619873
    ],
    "val_loss": [
        1.0410723686218262,
        0.9333564639091492,
        0.8520112037658691,
        0.7857465147972107,
        0.7280900478363037,
        0.7114197015762329,
        0.6707538962364197,
        0.6818397641181946,
        0.6452160477638245,
        0.6125461459159851
    ],
    "communication_cost": 25.957305908203125,
    "size_model": 12.978652954101562
}