{
    "train_accuracy": [
        0.8450064659118652,
        0.8722438216209412,
        0.8748378753662109,
        0.8891050815582275,
        0.8916990756988525,
        0.8884565234184265,
        0.8962386250495911,
        0.9079117774963379,
        0.9130998849868774,
        0.9215304851531982
    ],
    "val_accuracy": [
        0.8333333134651184,
        0.8606060743331909,
        0.8606060743331909,
        0.8636363744735718,
        0.8666666746139526,
        0.8757575750350952,
        0.8757575750350952,
        0.8787878751754761,
        0.8696969747543335,
        0.8727272748947144
    ],
    "train_loss": [
        0.5333738923072815,
        0.4752117395401001,
        0.4583270847797394,
        0.43417468667030334,
        0.42190730571746826,
        0.4059056043624878,
        0.39800265431404114,
        0.37562358379364014,
        0.35893872380256653,
        0.33683207631111145
    ],
    "val_loss": [
        0.5815905928611755,
        0.5205835700035095,
        0.5138961672782898,
        0.5011497139930725,
        0.4903073310852051,
        0.47998082637786865,
        0.4700676202774048,
        0.47297734022140503,
        0.48761340975761414,
        0.47751492261886597
    ],
    "communication_cost": 25.957305908203125,
    "size_model": 12.978652954101562
}