{
    "train_accuracy": [
        0.5874263048171997,
        0.6051080822944641,
        0.6542239785194397,
        0.6699410676956177,
        0.6620824933052063,
        0.7053045034408569,
        0.7367386817932129,
        0.7485265135765076,
        0.7681728601455688,
        0.7504911422729492
    ],
    "val_accuracy": [
        0.5688073635101318,
        0.6788991093635559,
        0.6788991093635559,
        0.6880733966827393,
        0.6972476840019226,
        0.6972476840019226,
        0.7431192398071289,
        0.7431192398071289,
        0.7339449524879456,
        0.7339449524879456
    ],
    "train_loss": [
        0.9349973797798157,
        0.8015686273574829,
        0.7604807019233704,
        0.7157912850379944,
        0.7128362655639648,
        0.6912630200386047,
        0.6594843864440918,
        0.6456996202468872,
        0.624014675617218,
        0.6142842769622803
    ],
    "val_loss": [
        0.8168511390686035,
        0.7959079742431641,
        0.7511516809463501,
        0.7214798331260681,
        0.7060517072677612,
        0.6995422840118408,
        0.67889803647995,
        0.673029363155365,
        0.6603317856788635,
        0.6521422863006592
    ],
    "communication_cost": 25.957305908203125,
    "size_model": 12.978652954101562
}