{
    "val_loss": 0.660209596157074,
    "val_acc": 0.7925445437431335,
    "test_loss": 0.6532338857650757,
    "test_acc": 0.7714748978614807,
    "test_f1-score": 0.7660243439944221
}