{
    "train_accuracy": [
        0.6107954382896423,
        0.6491477489471436,
        0.6761363744735718,
        0.6988636255264282,
        0.7201704382896423,
        0.7230113744735718,
        0.7272727489471436,
        0.7400568127632141,
        0.7485795617103577,
        0.7713068127632141
    ],
    "val_accuracy": [
        0.6490066051483154,
        0.6357616186141968,
        0.6158940196037292,
        0.6291390657424927,
        0.6225165724754333,
        0.6158940196037292,
        0.6291390657424927,
        0.6357616186141968,
        0.6291390657424927,
        0.6423841118812561
    ],
    "train_loss": [
        1.1411776542663574,
        1.018099308013916,
        0.9616805911064148,
        0.9106725454330444,
        0.9086229801177979,
        0.8741464018821716,
        0.8595173358917236,
        0.8132486939430237,
        0.7971912026405334,
        0.7727258205413818
    ],
    "val_loss": [
        1.147175669670105,
        1.108797550201416,
        1.1081640720367432,
        1.0582923889160156,
        1.0533658266067505,
        1.042460322380066,
        1.0214300155639648,
        0.9793676137924194,
        0.9860104322433472,
        0.9911174774169922
    ],
    "communication_cost": 25.957305908203125,
    "size_model": 12.978652954101562
}