{
    "train_accuracy": [
        0.7727272510528564,
        0.8068181872367859,
        0.8167613744735718,
        0.8352272510528564,
        0.8551136255264282,
        0.8693181872367859,
        0.8480113744735718,
        0.8693181872367859,
        0.8650568127632141,
        0.9034090638160706
    ],
    "val_accuracy": [
        0.6622516512870789,
        0.6357616186141968,
        0.6490066051483154,
        0.6490066051483154,
        0.6688741445541382,
        0.6225165724754333,
        0.6225165724754333,
        0.6225165724754333,
        0.6622516512870789,
        0.6291390657424927
    ],
    "train_loss": [
        0.7561795711517334,
        0.6405864953994751,
        0.6107738614082336,
        0.5586647391319275,
        0.5254872441291809,
        0.5078781843185425,
        0.4952751398086548,
        0.46644335985183716,
        0.4503323435783386,
        0.42377567291259766
    ],
    "val_loss": [
        0.9767614603042603,
        0.9604211449623108,
        0.940481424331665,
        0.962621808052063,
        0.9585794806480408,
        1.0748889446258545,
        1.0733309984207153,
        1.1233166456222534,
        1.0909377336502075,
        1.2274999618530273
    ],
    "communication_cost": 25.957305908203125,
    "size_model": 12.978652954101562
}