{
    "train_accuracy": [
        0.7372159361839294,
        0.7684659361839294,
        0.7926136255264282,
        0.796875,
        0.8082386255264282,
        0.7926136255264282,
        0.8380681872367859,
        0.8366477489471436,
        0.8579545617103577,
        0.8892045617103577
    ],
    "val_accuracy": [
        0.6225165724754333,
        0.6357616186141968,
        0.6357616186141968,
        0.6490066051483154,
        0.6158940196037292,
        0.6490066051483154,
        0.6754966974258423,
        0.6622516512870789,
        0.6887417435646057,
        0.6688741445541382
    ],
    "train_loss": [
        0.8304405212402344,
        0.7357034683227539,
        0.680970311164856,
        0.6599770188331604,
        0.6231178045272827,
        0.6101898550987244,
        0.5640835165977478,
        0.5380814075469971,
        0.534705400466919,
        0.464891642332077
    ],
    "val_loss": [
        0.9983213543891907,
        0.8986897468566895,
        0.9168220162391663,
        0.8873225450515747,
        0.9606304168701172,
        0.925794780254364,
        0.8935419321060181,
        0.8918564319610596,
        0.8755654096603394,
        0.9548669457435608
    ],
    "communication_cost": 25.957305908203125,
    "size_model": 12.978652954101562
}