{
    "train_accuracy": [
        0.7734584212303162,
        0.8458445072174072,
        0.8753350973129272,
        0.8780161142349243,
        0.887399435043335,
        0.8860589861869812,
        0.887399435043335,
        0.8981233239173889,
        0.9182305335998535,
        0.9182305335998535
    ],
    "val_accuracy": [
        0.762499988079071,
        0.731249988079071,
        0.762499988079071,
        0.78125,
        0.800000011920929,
        0.8062499761581421,
        0.8187500238418579,
        0.793749988079071,
        0.762499988079071,
        0.7749999761581421
    ],
    "train_loss": [
        0.7314907312393188,
        0.5532251000404358,
        0.510602593421936,
        0.4842705726623535,
        0.4621933698654175,
        0.44675111770629883,
        0.4428368806838989,
        0.4197640120983124,
        0.3628215193748474,
        0.3432243764400482
    ],
    "val_loss": [
        0.7759655117988586,
        0.880013644695282,
        0.7874882817268372,
        0.7421503663063049,
        0.6983346343040466,
        0.6560701131820679,
        0.643592357635498,
        0.6991480588912964,
        0.8195565342903137,
        0.8126441836357117
    ],
    "communication_cost": 25.957305908203125,
    "size_model": 12.978652954101562
}