{
    "train_accuracy": [
        0.43465909361839294,
        0.4886363744735718,
        0.5042613744735718,
        0.5426136255264282,
        0.5667613744735718,
        0.5752840638160706,
        0.6036931872367859,
        0.6207386255264282,
        0.6491477489471436,
        0.6605113744735718
    ],
    "val_accuracy": [
        0.4834437072277069,
        0.5496688485145569,
        0.5695364475250244,
        0.5695364475250244,
        0.503311276435852,
        0.5960264801979065,
        0.6622516512870789,
        0.695364236831665,
        0.7218543291091919,
        0.6821191906929016
    ],
    "train_loss": [
        1.449423909187317,
        1.3338862657546997,
        1.3190913200378418,
        1.2846050262451172,
        1.2518510818481445,
        1.2033119201660156,
        1.1407978534698486,
        1.072192907333374,
        1.0290217399597168,
        0.9972409605979919
    ],
    "val_loss": [
        1.3434841632843018,
        1.3582440614700317,
        1.3530869483947754,
        1.3477234840393066,
        1.3232076168060303,
        1.275759220123291,
        1.2119154930114746,
        1.1340501308441162,
        1.1338750123977661,
        1.1230942010879517
    ],
    "communication_cost": 25.957305908203125,
    "size_model": 12.978652954101562
}