{
    "train_accuracy": [
        0.7850467562675476,
        0.8504672646522522,
        0.84112149477005,
        0.8528037667274475,
        0.8621495366096497,
        0.8831775784492493,
        0.894859790802002,
        0.9299065470695496,
        0.9345794320106506,
        0.9509345889091492
    ],
    "val_accuracy": [
        0.6195651888847351,
        0.6739130616188049,
        0.70652174949646,
        0.75,
        0.760869562625885,
        0.75,
        0.75,
        0.75,
        0.75,
        0.72826087474823
    ],
    "train_loss": [
        0.7392951250076294,
        0.569251537322998,
        0.5412240028381348,
        0.5083653330802917,
        0.4769660234451294,
        0.4287804961204529,
        0.4073403477668762,
        0.36454063653945923,
        0.34831902384757996,
        0.3133877217769623
    ],
    "val_loss": [
        1.0367573499679565,
        0.9250187873840332,
        0.8909613490104675,
        0.7709302306175232,
        0.7153286933898926,
        0.718924343585968,
        0.7391728162765503,
        0.753272533416748,
        0.7790786027908325,
        0.8547142744064331
    ],
    "communication_cost": 25.957305908203125,
    "size_model": 12.978652954101562
}