{
    "1": {
        "loss": 1.4285647156172867,
        "loss_val": 1.4294863910304088,
        "loss_test": 1.4285647156172867,
        "val_accuracy": 0.5072933490504322,
        "test_accuracy": 0.49270662940688414,
        "test_f1-score": 0.38654964462911573,
        "CV": 0.3141404122563843
    },
    "2": {
        "loss": 1.1045715053425422,
        "loss_val": 1.1145875169933324,
        "loss_test": 1.1045715053425422,
        "val_accuracy": 0.5996758599721825,
        "test_accuracy": 0.5996758622906776,
        "test_f1-score": 0.5212969516219083,
        "CV": 0.29857222093567576
    },
    "3": {
        "loss": 1.0615751926864179,
        "loss_val": 1.085892248578744,
        "loss_test": 1.0615751926864179,
        "val_accuracy": 0.64181523442848,
        "test_accuracy": 0.6369530009875615,
        "test_f1-score": 0.5529431659805037,
        "CV": 0.35640671832371007
    },
    "4": {
        "loss": 1.0921279746477568,
        "loss_val": 1.1517059507400909,
        "loss_test": 1.0921279746477568,
        "val_accuracy": 0.6677471677526663,
        "test_accuracy": 0.6564019442184238,
        "test_f1-score": 0.5829433367723738,
        "CV": 0.3576328170004691
    },
    "5": {
        "loss": 1.0420269459920724,
        "loss_val": 1.118352318505607,
        "loss_test": 1.0420269459920724,
        "val_accuracy": 0.682333859767481,
        "test_accuracy": 0.6888168531453397,
        "test_f1-score": 0.6227900153137144,
        "CV": 0.3582270997346959
    }
}