{
    "train_accuracy": [
        0.6892523169517517,
        0.7172897458076477,
        0.7523364424705505,
        0.7429906725883484,
        0.7780373692512512,
        0.7686915993690491,
        0.7757009267807007,
        0.7920560836791992,
        0.7850467562675476,
        0.8014018535614014
    ],
    "val_accuracy": [
        0.45652174949645996,
        0.52173912525177,
        0.47826087474823,
        0.52173912525177,
        0.52173912525177,
        0.554347813129425,
        0.554347813129425,
        0.554347813129425,
        0.5760869383811951,
        0.5652173757553101
    ],
    "train_loss": [
        1.055840015411377,
        0.8879299163818359,
        0.8239875435829163,
        0.8210349678993225,
        0.7747278213500977,
        0.775065541267395,
        0.7345244288444519,
        0.7114418148994446,
        0.7064582109451294,
        0.670504629611969
    ],
    "val_loss": [
        1.3847047090530396,
        1.3203904628753662,
        1.358292579650879,
        1.3305248022079468,
        1.336695671081543,
        1.279596209526062,
        1.272192358970642,
        1.3043692111968994,
        1.2554035186767578,
        1.3306115865707397
    ],
    "communication_cost": 25.957305908203125,
    "size_model": 12.978652954101562
}