{
    "train_accuracy": [
        0.4731903374195099,
        0.5308310985565186,
        0.5469169020652771,
        0.5710455775260925,
        0.6112600564956665,
        0.6528149843215942,
        0.7198391556739807,
        0.7305629849433899,
        0.7533512115478516,
        0.7506702542304993
    ],
    "val_accuracy": [
        0.53125,
        0.5062500238418579,
        0.53125,
        0.5625,
        0.6187499761581421,
        0.65625,
        0.6625000238418579,
        0.6875,
        0.6937500238418579,
        0.7124999761581421
    ],
    "train_loss": [
        1.3938090801239014,
        1.2341336011886597,
        1.2047395706176758,
        1.1841285228729248,
        1.142806053161621,
        1.0700695514678955,
        0.9580838084220886,
        0.8808079361915588,
        0.8368737101554871,
        0.8044965267181396
    ],
    "val_loss": [
        1.2122751474380493,
        1.23860502243042,
        1.2174160480499268,
        1.1818928718566895,
        1.1127169132232666,
        1.0326248407363892,
        0.9931663274765015,
        0.9546930193901062,
        0.9328718185424805,
        0.8879369497299194
    ],
    "communication_cost": 25.957305908203125,
    "size_model": 12.978652954101562
}