{
    "train_accuracy": [
        0.7861445546150208,
        0.8152610659599304,
        0.836345374584198,
        0.8483935594558716,
        0.8544176816940308,
        0.8664658665657043,
        0.8765060305595398,
        0.8905622363090515,
        0.8925702571868896,
        0.900602400302887
    ],
    "val_accuracy": [
        0.7289719581604004,
        0.7429906725883484,
        0.7383177280426025,
        0.7570093274116516,
        0.7476635575294495,
        0.7663551568984985,
        0.7663551568984985,
        0.7383177280426025,
        0.7383177280426025,
        0.7570093274116516
    ],
    "train_loss": [
        0.6689313054084778,
        0.5992008447647095,
        0.5586183071136475,
        0.5355048179626465,
        0.5103365778923035,
        0.48580989241600037,
        0.47610238194465637,
        0.43990620970726013,
        0.4268490672111511,
        0.403841108083725
    ],
    "val_loss": [
        0.8017955422401428,
        0.7536149024963379,
        0.7926378846168518,
        0.7372298836708069,
        0.8396539688110352,
        0.753966212272644,
        0.809394121170044,
        0.9044332504272461,
        0.8226957321166992,
        0.9160304069519043
    ],
    "communication_cost": 25.957305908203125,
    "size_model": 12.978652954101562
}