{
    "train_accuracy": [
        0.7587131261825562,
        0.8203753232955933,
        0.8404825925827026,
        0.8378016352653503,
        0.8646112680435181,
        0.8592493534088135,
        0.8713136911392212,
        0.8699731826782227,
        0.872654139995575,
        0.872654139995575
    ],
    "val_accuracy": [
        0.6937500238418579,
        0.706250011920929,
        0.699999988079071,
        0.699999988079071,
        0.699999988079071,
        0.7250000238418579,
        0.737500011920929,
        0.75,
        0.7749999761581421,
        0.800000011920929
    ],
    "train_loss": [
        0.7737868428230286,
        0.6146987676620483,
        0.5775816440582275,
        0.5640648007392883,
        0.5265272855758667,
        0.5125183463096619,
        0.4884587228298187,
        0.48768100142478943,
        0.4760700762271881,
        0.4719160497188568
    ],
    "val_loss": [
        0.8859959840774536,
        0.8821254968643188,
        0.9533543586730957,
        0.930881142616272,
        0.9026075601577759,
        0.8743473291397095,
        0.8824292421340942,
        0.8736470937728882,
        0.7373780012130737,
        0.7571238279342651
    ],
    "communication_cost": 25.957305908203125,
    "size_model": 12.978652954101562
}