{
    "train_accuracy": [
        0.8182730674743652,
        0.8544176816940308,
        0.858433723449707,
        0.8775100111961365,
        0.8795180916786194,
        0.900602400302887,
        0.8835341334342957,
        0.8895582556724548,
        0.8945783376693726,
        0.8865461945533752
    ],
    "val_accuracy": [
        0.7289719581604004,
        0.6962617039680481,
        0.7102803587913513,
        0.7102803587913513,
        0.7009345889091492,
        0.6962617039680481,
        0.7056074738502502,
        0.7289719581604004,
        0.7429906725883484,
        0.7616822719573975
    ],
    "train_loss": [
        0.6083984971046448,
        0.5051054358482361,
        0.49318358302116394,
        0.44147682189941406,
        0.4345400631427765,
        0.413648784160614,
        0.42923083901405334,
        0.410577654838562,
        0.39425936341285706,
        0.4056258201599121
    ],
    "val_loss": [
        0.8081032633781433,
        0.9289348721504211,
        0.9242427349090576,
        0.9272028803825378,
        0.9954648613929749,
        1.1030253171920776,
        0.985120952129364,
        0.8742033839225769,
        0.8044389486312866,
        0.822652280330658
    ],
    "communication_cost": 25.957305908203125,
    "size_model": 12.978652954101562
}