{
    "train_accuracy": [
        0.7399463653564453,
        0.7815013527870178,
        0.7908847332000732,
        0.8136729001998901,
        0.817694365978241,
        0.832439661026001,
        0.8378016352653503,
        0.8391420841217041,
        0.8485254645347595,
        0.8592493534088135
    ],
    "val_accuracy": [
        0.6937500238418579,
        0.65625,
        0.6875,
        0.7124999761581421,
        0.706250011920929,
        0.71875,
        0.7124999761581421,
        0.6937500238418579,
        0.6812499761581421,
        0.6937500238418579
    ],
    "train_loss": [
        0.8330675363540649,
        0.6936384439468384,
        0.6783197522163391,
        0.6439329385757446,
        0.6298466920852661,
        0.5965175628662109,
        0.5721384286880493,
        0.5658434629440308,
        0.5250440239906311,
        0.515282154083252
    ],
    "val_loss": [
        0.880813717842102,
        0.9248121976852417,
        0.9427458047866821,
        0.8974123001098633,
        0.8779641389846802,
        0.893949031829834,
        0.8860044479370117,
        0.9268988370895386,
        0.9683597683906555,
        0.956069827079773
    ],
    "communication_cost": 25.957305908203125,
    "size_model": 12.978652954101562
}