{
    "train_accuracy": [
        0.740963876247406,
        0.7781124711036682,
        0.7911646366119385,
        0.7991967797279358,
        0.805220901966095,
        0.8092369437217712,
        0.8152610659599304,
        0.8222891688346863,
        0.8373494148254395,
        0.8544176816940308
    ],
    "val_accuracy": [
        0.7056074738502502,
        0.6915887594223022,
        0.6962617039680481,
        0.6915887594223022,
        0.7102803587913513,
        0.7056074738502502,
        0.7149532437324524,
        0.7149532437324524,
        0.7242990732192993,
        0.7616822719573975
    ],
    "train_loss": [
        0.7927356362342834,
        0.7105839252471924,
        0.6860753893852234,
        0.6700243949890137,
        0.6474297046661377,
        0.6309249401092529,
        0.6296066045761108,
        0.5966408848762512,
        0.5763629674911499,
        0.5284404754638672
    ],
    "val_loss": [
        0.8707722425460815,
        0.8883346319198608,
        0.9069159030914307,
        0.8578291535377502,
        0.85020911693573,
        0.8671556115150452,
        0.8605873584747314,
        0.8708604574203491,
        0.852191150188446,
        0.7984350919723511
    ],
    "communication_cost": 25.957305908203125,
    "size_model": 12.978652954101562
}