{
    "train_accuracy": [
        0.6420911550521851,
        0.7319034934043884,
        0.7654155492782593,
        0.7560321688652039,
        0.7640750408172607,
        0.7707774639129639,
        0.7747989296913147,
        0.7815013527870178,
        0.7707774639129639,
        0.7935656905174255
    ],
    "val_accuracy": [
        0.59375,
        0.612500011920929,
        0.6312500238418579,
        0.6312500238418579,
        0.6875,
        0.71875,
        0.7124999761581421,
        0.737500011920929,
        0.71875,
        0.7250000238418579
    ],
    "train_loss": [
        1.0456335544586182,
        0.8730908036231995,
        0.8033908605575562,
        0.7871708273887634,
        0.7651297450065613,
        0.7522951364517212,
        0.7420540452003479,
        0.7174517512321472,
        0.711031973361969,
        0.672195553779602
    ],
    "val_loss": [
        1.0642049312591553,
        1.0477659702301025,
        0.9766570329666138,
        0.9506622552871704,
        0.9183399081230164,
        0.8842371106147766,
        0.8584550023078918,
        0.8149358034133911,
        0.8383001089096069,
        0.832101047039032
    ],
    "communication_cost": 25.957305908203125,
    "size_model": 12.978652954101562
}