{
    "train_accuracy": [
        0.6732954382896423,
        0.7130681872367859,
        0.7244318127632141,
        0.7372159361839294,
        0.7571022510528564,
        0.7698863744735718,
        0.7769886255264282,
        0.7997159361839294,
        0.8039772510528564,
        0.8210227489471436
    ],
    "val_accuracy": [
        0.5894039869308472,
        0.6423841118812561,
        0.6423841118812561,
        0.6622516512870789,
        0.6754966974258423,
        0.6688741445541382,
        0.6754966974258423,
        0.6490066051483154,
        0.6754966974258423,
        0.6887417435646057
    ],
    "train_loss": [
        0.9280192852020264,
        0.8470962643623352,
        0.810801088809967,
        0.784517228603363,
        0.7492191195487976,
        0.7146242260932922,
        0.6962912678718567,
        0.6436010003089905,
        0.6304787397384644,
        0.5964304208755493
    ],
    "val_loss": [
        1.0645356178283691,
        0.9668043255805969,
        0.9684667587280273,
        0.9194127917289734,
        0.8968995809555054,
        0.9029732942581177,
        0.8915427327156067,
        0.912755012512207,
        0.8993057608604431,
        0.8958705067634583
    ],
    "communication_cost": 25.957305908203125,
    "size_model": 12.978652954101562
}