{
    "train_accuracy": [
        0.422690749168396,
        0.47289156913757324,
        0.5351405739784241,
        0.6345381736755371,
        0.6837349534034729,
        0.6997991800308228,
        0.7058233022689819,
        0.7148594260215759,
        0.7178714871406555,
        0.740963876247406
    ],
    "val_accuracy": [
        0.4579439163208008,
        0.4579439163208008,
        0.5700934529304504,
        0.5841121673583984,
        0.6355140209197998,
        0.6261682510375977,
        0.6308411359786987,
        0.65887850522995,
        0.6682242751121521,
        0.672897219657898
    ],
    "train_loss": [
        1.4410877227783203,
        1.3599354028701782,
        1.2846472263336182,
        1.04658842086792,
        0.9464781880378723,
        0.9123103022575378,
        0.8890226483345032,
        0.8592921495437622,
        0.8419201374053955,
        0.8087337613105774
    ],
    "val_loss": [
        1.4003859758377075,
        1.366391897201538,
        1.2386229038238525,
        1.1804372072219849,
        1.0888038873672485,
        1.0978477001190186,
        1.0684947967529297,
        1.0213686227798462,
        0.9866122007369995,
        0.9612342119216919
    ],
    "communication_cost": 25.957305908203125,
    "size_model": 12.978652954101562
}