{
    "train_accuracy": [
        0.6757028102874756,
        0.6907630562782288,
        0.7228915691375732,
        0.7228915691375732,
        0.7520080208778381,
        0.7530120611190796,
        0.7560241222381592,
        0.7881526350975037,
        0.7881526350975037,
        0.7841365337371826
    ],
    "val_accuracy": [
        0.6214953064918518,
        0.6308411359786987,
        0.6355140209197998,
        0.6355140209197998,
        0.6401869058609009,
        0.6308411359786987,
        0.6682242751121521,
        0.6542056202888489,
        0.672897219657898,
        0.6682242751121521
    ],
    "train_loss": [
        1.001387357711792,
        0.8855270147323608,
        0.82843017578125,
        0.8133240342140198,
        0.7772521376609802,
        0.745535671710968,
        0.7346824407577515,
        0.6961808800697327,
        0.6741620302200317,
        0.6764875650405884
    ],
    "val_loss": [
        1.0473356246948242,
        1.0763541460037231,
        1.0702953338623047,
        1.02694571018219,
        1.0037589073181152,
        1.0379436016082764,
        0.950607180595398,
        0.9574831128120422,
        0.956352949142456,
        0.9636764526367188
    ],
    "communication_cost": 25.957305908203125,
    "size_model": 12.978652954101562
}