{
    "train_accuracy": [
        0.7850467562675476,
        0.8154205679893494,
        0.8154205679893494,
        0.84112149477005,
        0.8644859790802002,
        0.8761682510375977,
        0.8644859790802002,
        0.8691588640213013,
        0.8785046935081482,
        0.8971962332725525
    ],
    "val_accuracy": [
        0.6195651888847351,
        0.6521739363670349,
        0.6195651888847351,
        0.6195651888847351,
        0.6521739363670349,
        0.6304348111152649,
        0.6413043737411499,
        0.6304348111152649,
        0.6304348111152649,
        0.6847826242446899
    ],
    "train_loss": [
        0.7437341213226318,
        0.6292029619216919,
        0.5821000933647156,
        0.5619593262672424,
        0.516386091709137,
        0.5018567442893982,
        0.5065292716026306,
        0.46639102697372437,
        0.48196539282798767,
        0.43248501420021057
    ],
    "val_loss": [
        0.9591376185417175,
        0.9864749312400818,
        1.0039180517196655,
        1.0289926528930664,
        0.9800658226013184,
        1.0745171308517456,
        1.0231832265853882,
        1.1449451446533203,
        1.041419506072998,
        1.0224053859710693
    ],
    "communication_cost": 25.957305908203125,
    "size_model": 12.978652954101562
}