{
    "train_accuracy": [
        0.7546728849411011,
        0.7710280418395996,
        0.7733644843101501,
        0.7850467562675476,
        0.7780373692512512,
        0.7897196412086487,
        0.7920560836791992,
        0.8294392228126526,
        0.8434579372406006,
        0.827102780342102
    ],
    "val_accuracy": [
        0.6304348111152649,
        0.554347813129425,
        0.5760869383811951,
        0.5869565010070801,
        0.6521739363670349,
        0.6847826242446899,
        0.70652174949646,
        0.695652186870575,
        0.70652174949646,
        0.6739130616188049
    ],
    "train_loss": [
        0.8063515424728394,
        0.7316277027130127,
        0.7343398928642273,
        0.7210285663604736,
        0.7238152623176575,
        0.7243358492851257,
        0.7033270597457886,
        0.6274284720420837,
        0.5895119905471802,
        0.5760034322738647
    ],
    "val_loss": [
        1.1184483766555786,
        1.2549166679382324,
        1.2185840606689453,
        1.1511002779006958,
        1.01801335811615,
        0.8846496939659119,
        0.8598657846450806,
        0.8809323310852051,
        0.8731981515884399,
        0.9249861240386963
    ],
    "communication_cost": 25.957305908203125,
    "size_model": 12.978652954101562
}