{
    "train_accuracy": [
        0.4649532735347748,
        0.4672897160053253,
        0.4742990732192993,
        0.4719626307487488,
        0.4859813153743744,
        0.5397196412086487,
        0.577102780342102,
        0.5957943797111511,
        0.6378504633903503,
        0.6682242751121521
    ],
    "val_accuracy": [
        0.3586956560611725,
        0.3586956560611725,
        0.3586956560611725,
        0.3695652186870575,
        0.4021739065647125,
        0.42391303181648254,
        0.3695652186870575,
        0.3695652186870575,
        0.43478259444236755,
        0.45652174949645996
    ],
    "train_loss": [
        1.462461233139038,
        1.3774104118347168,
        1.3453762531280518,
        1.3156070709228516,
        1.2973524332046509,
        1.2623363733291626,
        1.2000563144683838,
        1.1589068174362183,
        1.0999915599822998,
        1.0197447538375854
    ],
    "val_loss": [
        1.5044548511505127,
        1.4932453632354736,
        1.482020378112793,
        1.4579399824142456,
        1.4388792514801025,
        1.407638430595398,
        1.4089149236679077,
        1.3865420818328857,
        1.363139033317566,
        1.3494919538497925
    ],
    "communication_cost": 25.957305908203125,
    "size_model": 12.978652954101562
}