{
    "train_accuracy": [
        0.8767123222351074,
        0.931506872177124,
        0.9246575236320496,
        0.9246575236320496,
        0.931506872177124,
        0.931506872177124,
        0.931506872177124,
        0.931506872177124,
        0.931506872177124,
        0.9383561611175537
    ],
    "val_accuracy": [
        0.9677419066429138,
        0.9677419066429138,
        0.9677419066429138,
        0.9677419066429138,
        0.9677419066429138,
        0.9677419066429138,
        0.9677419066429138,
        0.9677419066429138,
        0.9677419066429138,
        0.9677419066429138
    ],
    "train_loss": [
        0.694449245929718,
        0.5182421207427979,
        0.44807523488998413,
        0.40320712327957153,
        0.41826629638671875,
        0.3903830945491791,
        0.37916257977485657,
        0.36880335211753845,
        0.34272778034210205,
        0.3518325984477997
    ],
    "val_loss": [
        0.3601906895637512,
        0.3453221917152405,
        0.4091445207595825,
        0.358138769865036,
        0.36882099509239197,
        0.40141624212265015,
        0.39532551169395447,
        0.3623276948928833,
        0.36825618147850037,
        0.35959333181381226
    ],
    "communication_cost": 25.957305908203125,
    "size_model": 12.978652954101562
}