{
    "train_accuracy": [
        0.6969696879386902,
        0.6994949579238892,
        0.6994949579238892,
        0.6994949579238892,
        0.6994949579238892,
        0.6994949579238892,
        0.6994949579238892,
        0.6994949579238892,
        0.6994949579238892,
        0.6994949579238892
    ],
    "val_accuracy": [
        0.7529411911964417,
        0.7529411911964417,
        0.7529411911964417,
        0.7529411911964417,
        0.7529411911964417,
        0.7529411911964417,
        0.7529411911964417,
        0.7529411911964417,
        0.7529411911964417,
        0.7529411911964417
    ],
    "train_loss": [
        1.317330002784729,
        1.1123113632202148,
        1.0553568601608276,
        1.028638243675232,
        1.0229893922805786,
        1.0265344381332397,
        1.0039619207382202,
        0.994161069393158,
        0.9819362163543701,
        0.9642336368560791
    ],
    "val_loss": [
        1.0780155658721924,
        1.1307224035263062,
        1.0435506105422974,
        1.0386030673980713,
        1.038540244102478,
        1.022376537322998,
        1.0235223770141602,
        1.023131012916565,
        1.023718237876892,
        1.0234484672546387
    ],
    "communication_cost": 25.957305908203125,
    "size_model": 12.978652954101562
}