{
    "train_accuracy": [
        0.8292682766914368,
        0.8455284833908081,
        0.8617886304855347,
        0.869918704032898,
        0.8536585569381714,
        0.8617886304855347,
        0.8617886304855347,
        0.9024389982223511,
        0.8780487775802612,
        0.8780487775802612
    ],
    "val_accuracy": [
        0.8148148059844971,
        0.8148148059844971,
        0.8148148059844971,
        0.8148148059844971,
        0.8148148059844971,
        0.8148148059844971,
        0.8148148059844971,
        0.8148148059844971,
        0.7777777910232544,
        0.7777777910232544
    ],
    "train_loss": [
        0.7053536772727966,
        0.5649062991142273,
        0.5066049695014954,
        0.5363335609436035,
        0.5429635047912598,
        0.4820576310157776,
        0.5222015976905823,
        0.4802260398864746,
        0.49859148263931274,
        0.4620545506477356
    ],
    "val_loss": [
        0.7433776259422302,
        0.6647316217422485,
        0.6701653003692627,
        0.6559060215950012,
        0.6667457818984985,
        0.6758444905281067,
        0.6767627000808716,
        0.6861041784286499,
        0.6834553480148315,
        0.6878010034561157
    ],
    "communication_cost": 25.957305908203125,
    "size_model": 12.978652954101562
}