{
    "train_accuracy": [
        0.836571455001831,
        0.9017142653465271,
        0.9085714221000671,
        0.9131428599357605,
        0.9177142977714539,
        0.9211428761482239,
        0.9234285950660706,
        0.9142857193946838,
        0.9200000166893005,
        0.9200000166893005
    ],
    "val_accuracy": [
        0.6684492230415344,
        0.7058823704719543,
        0.6951871514320374,
        0.6951871514320374,
        0.7058823704719543,
        0.6951871514320374,
        0.7219251394271851,
        0.7165775299072266,
        0.7058823704719543,
        0.7326202988624573
    ],
    "train_loss": [
        0.6402530670166016,
        0.4195997714996338,
        0.3902380168437958,
        0.38142073154449463,
        0.37644073367118835,
        0.3596302270889282,
        0.35276055335998535,
        0.3654906749725342,
        0.34975677728652954,
        0.3462328612804413
    ],
    "val_loss": [
        1.0872091054916382,
        0.8658655881881714,
        0.9418911337852478,
        0.8978286385536194,
        0.8542962074279785,
        0.9291868209838867,
        0.8345120549201965,
        0.8668794631958008,
        0.8803896903991699,
        0.8127509951591492
    ],
    "communication_cost": 25.957305908203125,
    "size_model": 12.978652954101562
}