{
    "train_accuracy": [
        0.9621211886405945,
        0.9772727489471436,
        0.9772727489471436,
        0.9772727489471436,
        1.0,
        1.0,
        1.0,
        1.0,
        1.0,
        1.0
    ],
    "val_accuracy": [
        1.0,
        1.0,
        1.0,
        1.0,
        1.0,
        1.0,
        1.0,
        1.0,
        1.0,
        1.0
    ],
    "train_loss": [
        0.2683499753475189,
        0.2404557317495346,
        0.23342686891555786,
        0.19313354790210724,
        0.16146394610404968,
        0.16027900576591492,
        0.1496642827987671,
        0.1435081958770752,
        0.14060921967029572,
        0.13802039623260498
    ],
    "val_loss": [
        0.15415628254413605,
        0.14944879710674286,
        0.15817201137542725,
        0.18174393475055695,
        0.19215072691440582,
        0.1642538160085678,
        0.14777694642543793,
        0.14342162013053894,
        0.1448962390422821,
        0.14880827069282532
    ],
    "communication_cost": 25.957305908203125,
    "size_model": 12.978652954101562
}