{
    "train_accuracy": [
        0.7716942429542542,
        0.8181818127632141,
        0.8429751992225647,
        0.8347107172012329,
        0.8522727489471436,
        0.8409090638160706,
        0.836776852607727,
        0.8574380278587341,
        0.8605371713638306,
        0.8770661354064941
    ],
    "val_accuracy": [
        0.6570048332214355,
        0.7004830837249756,
        0.729468584060669,
        0.7149758338928223,
        0.7149758338928223,
        0.695652186870575,
        0.7342995405197144,
        0.6811594367027283,
        0.6859903335571289,
        0.6714975833892822
    ],
    "train_loss": [
        0.6612476706504822,
        0.5773729085922241,
        0.5415465235710144,
        0.5293110609054565,
        0.5070528984069824,
        0.5136776566505432,
        0.48841866850852966,
        0.4852517247200012,
        0.47625771164894104,
        0.44422757625579834
    ],
    "val_loss": [
        0.8678579330444336,
        0.7880439162254333,
        0.7614408731460571,
        0.7603184580802917,
        0.7617343664169312,
        0.7769687175750732,
        0.7507604956626892,
        0.7866954207420349,
        0.7875256538391113,
        0.8010717034339905
    ],
    "communication_cost": 25.957305908203125,
    "size_model": 12.978652954101562
}