{
    "train_accuracy": [
        0.5291428565979004,
        0.6079999804496765,
        0.6880000233650208,
        0.8137142658233643,
        0.8822857141494751,
        0.8822857141494751,
        0.8971428275108337,
        0.9120000004768372,
        0.9085714221000671,
        0.9142857193946838
    ],
    "val_accuracy": [
        0.7005347609519958,
        0.6203208565711975,
        0.7165775299072266,
        0.6951871514320374,
        0.759358286857605,
        0.7326202988624573,
        0.7540106773376465,
        0.7433155179023743,
        0.7700534462928772,
        0.7967914342880249
    ],
    "train_loss": [
        1.1032577753067017,
        0.8830869197845459,
        0.76329505443573,
        0.5785802602767944,
        0.4695580303668976,
        0.45214974880218506,
        0.4292580187320709,
        0.40062466263771057,
        0.39486679434776306,
        0.38411056995391846
    ],
    "val_loss": [
        0.8594087958335876,
        0.9204652905464172,
        0.7262365221977234,
        0.8388587832450867,
        0.6615740656852722,
        0.7275500893592834,
        0.6810844540596008,
        0.7087483406066895,
        0.6660535931587219,
        0.6056949496269226
    ],
    "communication_cost": 25.957305908203125,
    "size_model": 12.978652954101562
}