{
    "train_accuracy": [
        0.9571428298950195,
        0.9857142567634583,
        0.9857142567634583,
        0.9857142567634583,
        0.9857142567634583,
        0.9857142567634583,
        0.9857142567634583,
        0.9857142567634583,
        0.9857142567634583,
        0.9857142567634583
    ],
    "val_accuracy": [
        1.0,
        1.0,
        1.0,
        1.0,
        1.0,
        1.0,
        1.0,
        1.0,
        1.0,
        1.0
    ],
    "train_loss": [
        0.46114686131477356,
        0.22880412638187408,
        0.24440035223960876,
        0.23345822095870972,
        0.21584287285804749,
        0.1992834508419037,
        0.20658119022846222,
        0.2065177708864212,
        0.20718643069267273,
        0.20143026113510132
    ],
    "val_loss": [
        0.262312650680542,
        0.17386998236179352,
        0.1673251837491989,
        0.17857201397418976,
        0.2059916853904724,
        0.23317036032676697,
        0.2316598743200302,
        0.21620242297649384,
        0.20958073437213898,
        0.21197980642318726
    ],
    "communication_cost": 25.957305908203125,
    "size_model": 12.978652954101562
}