{
    "train_accuracy": [
        0.8140496015548706,
        0.8460744023323059,
        0.8677685856819153,
        0.8832644820213318,
        0.89462810754776,
        0.9059917330741882,
        0.89462810754776,
        0.8977272510528564,
        0.9101239442825317,
        0.9090909361839294
    ],
    "val_accuracy": [
        0.739130437374115,
        0.7632850408554077,
        0.7777777910232544,
        0.7777777910232544,
        0.7777777910232544,
        0.739130437374115,
        0.7681159377098083,
        0.772946834564209,
        0.772946834564209,
        0.7922705411911011
    ],
    "train_loss": [
        0.5602949261665344,
        0.49410751461982727,
        0.45641446113586426,
        0.4269658923149109,
        0.4046936333179474,
        0.39203646779060364,
        0.38111403584480286,
        0.3831058442592621,
        0.36371901631355286,
        0.3620527386665344
    ],
    "val_loss": [
        0.7222697138786316,
        0.6818753480911255,
        0.6694621443748474,
        0.6785938739776611,
        0.6592278480529785,
        0.7218727469444275,
        0.6888307332992554,
        0.7161815166473389,
        0.6877172589302063,
        0.7565160989761353
    ],
    "communication_cost": 25.957305908203125,
    "size_model": 12.978652954101562
}