{
    "train_accuracy": [
        0.8904109597206116,
        0.931506872177124,
        0.931506872177124,
        0.931506872177124,
        0.931506872177124,
        0.931506872177124,
        0.931506872177124,
        0.931506872177124,
        0.931506872177124,
        0.931506872177124
    ],
    "val_accuracy": [
        0.9677419066429138,
        0.9677419066429138,
        0.9677419066429138,
        0.9677419066429138,
        0.9677419066429138,
        0.9677419066429138,
        0.9677419066429138,
        0.9677419066429138,
        0.9677419066429138,
        0.9677419066429138
    ],
    "train_loss": [
        0.9219440817832947,
        0.49399587512016296,
        0.49276864528656006,
        0.46220874786376953,
        0.4545254707336426,
        0.44102227687835693,
        0.4586687982082367,
        0.43575912714004517,
        0.42239776253700256,
        0.43991386890411377
    ],
    "val_loss": [
        0.568304717540741,
        0.3535013794898987,
        0.40599483251571655,
        0.4586915373802185,
        0.3925052881240845,
        0.3839605748653412,
        0.4250119924545288,
        0.4236827790737152,
        0.3895024359226227,
        0.41704604029655457
    ],
    "communication_cost": 25.957305908203125,
    "size_model": 12.978652954101562
}