{
    "train_accuracy": [
        0.7204301357269287,
        0.9677419066429138,
        0.9784946441650391,
        0.9784946441650391,
        0.9784946441650391,
        0.9784946441650391,
        0.9784946441650391,
        0.9784946441650391,
        0.9784946441650391,
        0.9784946441650391
    ],
    "val_accuracy": [
        0.8500000238418579,
        0.8500000238418579,
        0.8999999761581421,
        0.8999999761581421,
        0.8999999761581421,
        0.8999999761581421,
        0.8999999761581421,
        0.8999999761581421,
        0.8500000238418579,
        0.8500000238418579
    ],
    "train_loss": [
        0.878162682056427,
        0.3068428039550781,
        0.24064156413078308,
        0.22158846259117126,
        0.21998214721679688,
        0.22888359427452087,
        0.20475110411643982,
        0.20331639051437378,
        0.19549039006233215,
        0.1958828866481781
    ],
    "val_loss": [
        0.5942660570144653,
        0.5342550277709961,
        0.5435985922813416,
        0.5501720905303955,
        0.5527085065841675,
        0.5567247867584229,
        0.5653114914894104,
        0.5802212357521057,
        0.5966823697090149,
        0.6066583395004272
    ],
    "communication_cost": 25.957305908203125,
    "size_model": 12.978652954101562
}