{
    "train_accuracy": [
        0.7121211886405945,
        0.9772727489471436,
        0.9772727489471436,
        0.9772727489471436,
        0.9772727489471436,
        0.9772727489471436,
        0.9772727489471436,
        0.9772727489471436,
        0.9772727489471436,
        0.9772727489471436
    ],
    "val_accuracy": [
        1.0,
        1.0,
        1.0,
        1.0,
        1.0,
        1.0,
        1.0,
        1.0,
        1.0,
        1.0
    ],
    "train_loss": [
        1.5011916160583496,
        1.1390763521194458,
        0.5929415822029114,
        0.33243516087532043,
        0.36155009269714355,
        0.40804216265678406,
        0.3610708713531494,
        0.3555894196033478,
        0.3074333369731903,
        0.31135573983192444
    ],
    "val_loss": [
        1.443753957748413,
        1.113468050956726,
        0.536579430103302,
        0.25651365518569946,
        0.21687813103199005,
        0.21617677807807922,
        0.2312985509634018,
        0.2747974097728729,
        0.3419012725353241,
        0.3854970932006836
    ],
    "communication_cost": 25.957305908203125,
    "size_model": 12.978652954101562
}