{
    "train_accuracy": [
        0.8571428656578064,
        0.9857142567634583,
        0.9857142567634583,
        0.9857142567634583,
        0.9857142567634583,
        0.9857142567634583,
        0.9857142567634583,
        0.9928571581840515,
        0.9857142567634583,
        0.9857142567634583
    ],
    "val_accuracy": [
        1.0,
        1.0,
        1.0,
        1.0,
        1.0,
        1.0,
        1.0,
        1.0,
        1.0,
        1.0
    ],
    "train_loss": [
        0.5175598859786987,
        0.19266772270202637,
        0.21833181381225586,
        0.20594985783100128,
        0.19604232907295227,
        0.16130530834197998,
        0.18003953993320465,
        0.1665787398815155,
        0.16103218495845795,
        0.16734564304351807
    ],
    "val_loss": [
        0.2340560257434845,
        0.15466594696044922,
        0.1496700495481491,
        0.15852482616901398,
        0.18227116763591766,
        0.21459899842739105,
        0.22822995483875275,
        0.20995236933231354,
        0.18927854299545288,
        0.18670767545700073
    ],
    "communication_cost": 25.957305908203125,
    "size_model": 12.978652954101562
}