{
    "train_accuracy": [
        0.6451612710952759,
        0.9784946441650391,
        0.9784946441650391,
        0.9784946441650391,
        0.9784946441650391,
        0.9784946441650391,
        0.9784946441650391,
        0.9784946441650391,
        0.9784946441650391,
        0.9784946441650391
    ],
    "val_accuracy": [
        0.949999988079071,
        0.949999988079071,
        0.949999988079071,
        0.949999988079071,
        0.949999988079071,
        0.949999988079071,
        0.949999988079071,
        0.949999988079071,
        0.949999988079071,
        0.949999988079071
    ],
    "train_loss": [
        1.2755569219589233,
        0.6281815767288208,
        0.323922336101532,
        0.3016146421432495,
        0.34823039174079895,
        0.35173916816711426,
        0.32387539744377136,
        0.30207908153533936,
        0.2760624289512634,
        0.2632342278957367
    ],
    "val_loss": [
        1.039018988609314,
        0.6464501619338989,
        0.44833001494407654,
        0.4437183737754822,
        0.47480082511901855,
        0.48468199372291565,
        0.4811329245567322,
        0.47921496629714966,
        0.49055248498916626,
        0.5145882964134216
    ],
    "communication_cost": 25.957305908203125,
    "size_model": 12.978652954101562
}