{
    "train_accuracy": [
        0.7956989407539368,
        0.9677419066429138,
        0.9784946441650391,
        0.9784946441650391,
        0.9784946441650391,
        0.9784946441650391,
        0.9892473220825195,
        0.9784946441650391,
        0.9784946441650391,
        0.9892473220825195
    ],
    "val_accuracy": [
        0.8500000238418579,
        0.8999999761581421,
        0.8999999761581421,
        0.8999999761581421,
        0.8999999761581421,
        0.8999999761581421,
        0.8999999761581421,
        0.8999999761581421,
        0.8999999761581421,
        0.8999999761581421
    ],
    "train_loss": [
        0.7393915057182312,
        0.27544018626213074,
        0.2308325469493866,
        0.2139074206352234,
        0.20522554218769073,
        0.1985292136669159,
        0.1872701197862625,
        0.17602385580539703,
        0.1760765165090561,
        0.16322407126426697
    ],
    "val_loss": [
        0.5945984125137329,
        0.6119276285171509,
        0.6346657872200012,
        0.6131404042243958,
        0.579334557056427,
        0.5687450766563416,
        0.5744461417198181,
        0.5940155982971191,
        0.6180631518363953,
        0.6360393166542053
    ],
    "communication_cost": 25.957305908203125,
    "size_model": 12.978652954101562
}