{
    "train_accuracy": [
        0.7235772609710693,
        0.8617886304855347,
        0.8455284833908081,
        0.8861788511276245,
        0.869918704032898,
        0.869918704032898,
        0.8943089246749878,
        0.8861788511276245,
        0.8861788511276245,
        0.9024389982223511
    ],
    "val_accuracy": [
        0.8148148059844971,
        0.8518518805503845,
        0.8518518805503845,
        0.8148148059844971,
        0.8148148059844971,
        0.8888888955116272,
        0.8518518805503845,
        0.8518518805503845,
        0.8888888955116272,
        0.8518518805503845
    ],
    "train_loss": [
        0.8313049077987671,
        0.5931450724601746,
        0.5679022669792175,
        0.4693104326725006,
        0.48510313034057617,
        0.45478034019470215,
        0.4482366740703583,
        0.4167298972606659,
        0.4040304720401764,
        0.38355565071105957
    ],
    "val_loss": [
        0.7412934899330139,
        0.5862897634506226,
        0.5827094912528992,
        0.598003625869751,
        0.5988571643829346,
        0.6010558605194092,
        0.5878353118896484,
        0.5788921117782593,
        0.5697826147079468,
        0.5672096610069275
    ],
    "communication_cost": 25.957305908203125,
    "size_model": 12.978652954101562
}