{
    "train_accuracy": [
        0.8928571343421936,
        0.9857142567634583,
        0.9857142567634583,
        0.9857142567634583,
        0.9857142567634583,
        0.9857142567634583,
        0.9928571581840515,
        0.9857142567634583,
        0.9857142567634583,
        0.9857142567634583
    ],
    "val_accuracy": [
        1.0,
        1.0,
        1.0,
        1.0,
        1.0,
        1.0,
        1.0,
        1.0,
        1.0,
        1.0
    ],
    "train_loss": [
        0.49577003717422485,
        0.21337543427944183,
        0.2318946272134781,
        0.21820545196533203,
        0.19941945374011993,
        0.19335347414016724,
        0.18081338703632355,
        0.1803991198539734,
        0.18159811198711395,
        0.186498761177063
    ],
    "val_loss": [
        0.21733449399471283,
        0.16230140626430511,
        0.15987533330917358,
        0.17114689946174622,
        0.19755400717258453,
        0.21992796659469604,
        0.21238435804843903,
        0.1934388428926468,
        0.18735462427139282,
        0.1941211223602295
    ],
    "communication_cost": 25.957305908203125,
    "size_model": 12.978652954101562
}