{
    "train_accuracy": [
        0.40860214829444885,
        0.9784946441650391,
        0.9784946441650391,
        0.9784946441650391,
        0.9784946441650391,
        0.9784946441650391,
        0.9784946441650391,
        0.9784946441650391,
        0.9784946441650391,
        0.9784946441650391
    ],
    "val_accuracy": [
        0.949999988079071,
        0.949999988079071,
        0.949999988079071,
        0.949999988079071,
        0.949999988079071,
        0.949999988079071,
        0.949999988079071,
        0.949999988079071,
        0.949999988079071,
        0.949999988079071
    ],
    "train_loss": [
        1.587903380393982,
        1.4539896249771118,
        1.2910557985305786,
        1.0119398832321167,
        0.675042986869812,
        0.4203413724899292,
        0.37933415174484253,
        0.42348936200141907,
        0.42824316024780273,
        0.4238772690296173
    ],
    "val_loss": [
        1.5441992282867432,
        1.4704549312591553,
        1.3374358415603638,
        1.1131418943405151,
        0.8043963313102722,
        0.5490697026252747,
        0.4894424378871918,
        0.5161856412887573,
        0.5344085097312927,
        0.5313031077384949
    ],
    "communication_cost": 25.957305908203125,
    "size_model": 12.978652954101562
}