{
    "train_accuracy": [
        0.6115702390670776,
        0.71074378490448,
        0.7489669322967529,
        0.7685950398445129,
        0.7675619721412659,
        0.7665289044380188,
        0.8068181872367859,
        0.807851254940033,
        0.817148745059967,
        0.8409090638160706
    ],
    "val_accuracy": [
        0.5700483322143555,
        0.5603864789009094,
        0.6086956262588501,
        0.6231883764266968,
        0.6376811861991882,
        0.6811594367027283,
        0.6618357300758362,
        0.695652186870575,
        0.7198067903518677,
        0.7004830837249756
    ],
    "train_loss": [
        1.0188875198364258,
        0.8064076900482178,
        0.7433682680130005,
        0.6946659684181213,
        0.6713865995407104,
        0.6561020612716675,
        0.6045645475387573,
        0.5899121165275574,
        0.5796270370483398,
        0.5470384359359741
    ],
    "val_loss": [
        1.0838346481323242,
        1.0718039274215698,
        1.0098708868026733,
        0.974819004535675,
        0.9443933367729187,
        0.8733571171760559,
        0.8868206143379211,
        0.8393569588661194,
        0.7947887182235718,
        0.8041459918022156
    ],
    "communication_cost": 25.957305908203125,
    "size_model": 12.978652954101562
}