{
    "train_accuracy": [
        0.8971428275108337,
        0.9245714545249939,
        0.9211428761482239,
        0.9279999732971191,
        0.9245714545249939,
        0.9234285950660706,
        0.9428571462631226,
        0.9497143030166626,
        0.9371428489685059,
        0.9382857084274292
    ],
    "val_accuracy": [
        0.7326202988624573,
        0.7379679083824158,
        0.7379679083824158,
        0.7433155179023743,
        0.7433155179023743,
        0.7754010558128357,
        0.7486631274223328,
        0.759358286857605,
        0.7647058963775635,
        0.8395721912384033
    ],
    "train_loss": [
        0.40420177578926086,
        0.325114905834198,
        0.3161765933036804,
        0.3217543661594391,
        0.3169863224029541,
        0.30326029658317566,
        0.27846047282218933,
        0.27558064460754395,
        0.28663238883018494,
        0.2868688702583313
    ],
    "val_loss": [
        0.832354724407196,
        0.932569682598114,
        0.9504913687705994,
        0.9172334671020508,
        0.9589149355888367,
        0.7936685085296631,
        0.89848393201828,
        0.9405767321586609,
        0.8577886819839478,
        0.6028624176979065
    ],
    "communication_cost": 25.957305908203125,
    "size_model": 12.978652954101562
}