{
    "train_accuracy": [
        0.9545454382896423,
        0.9772727489471436,
        0.9772727489471436,
        0.9772727489471436,
        0.9772727489471436,
        0.9772727489471436,
        0.9772727489471436,
        0.9772727489471436,
        0.9772727489471436,
        0.9772727489471436
    ],
    "val_accuracy": [
        1.0,
        1.0,
        1.0,
        1.0,
        1.0,
        1.0,
        1.0,
        1.0,
        1.0,
        1.0
    ],
    "train_loss": [
        0.36045512557029724,
        0.3054766356945038,
        0.2948884963989258,
        0.29351839423179626,
        0.26588284969329834,
        0.261264830827713,
        0.26908057928085327,
        0.24535918235778809,
        0.2484809160232544,
        0.257693886756897
    ],
    "val_loss": [
        0.20412692427635193,
        0.175409197807312,
        0.18102678656578064,
        0.20331470668315887,
        0.235238716006279,
        0.24730940163135529,
        0.23279817402362823,
        0.20991471409797668,
        0.19859115779399872,
        0.2020248919725418
    ],
    "communication_cost": 25.957305908203125,
    "size_model": 12.978652954101562
}