{
    "train_accuracy": [
        0.7357142567634583,
        0.9857142567634583,
        0.9857142567634583,
        0.9857142567634583,
        0.9857142567634583,
        0.9857142567634583,
        0.9857142567634583,
        0.9857142567634583,
        0.9857142567634583,
        0.9857142567634583
    ],
    "val_accuracy": [
        1.0,
        1.0,
        1.0,
        1.0,
        1.0,
        1.0,
        1.0,
        1.0,
        1.0,
        1.0
    ],
    "train_loss": [
        1.486507534980774,
        1.1144460439682007,
        0.5598111748695374,
        0.2957405745983124,
        0.30676552653312683,
        0.35668662190437317,
        0.3396690785884857,
        0.3075120449066162,
        0.2879845201969147,
        0.2686663568019867
    ],
    "val_loss": [
        1.4093188047409058,
        1.0334490537643433,
        0.459382027387619,
        0.23316213488578796,
        0.20633414387702942,
        0.20312388241291046,
        0.2061735838651657,
        0.2173173576593399,
        0.24265208840370178,
        0.2789742648601532
    ],
    "communication_cost": 25.957305908203125,
    "size_model": 12.978652954101562
}