{
    "train_accuracy": [
        0.6691918969154358,
        0.6994949579238892,
        0.6994949579238892,
        0.6994949579238892,
        0.7020202279090881,
        0.7020202279090881,
        0.7171717286109924,
        0.7398989796638489,
        0.7702020406723022,
        0.7651515007019043
    ],
    "val_accuracy": [
        0.7529411911964417,
        0.7529411911964417,
        0.7529411911964417,
        0.729411780834198,
        0.5176470875740051,
        0.5764706134796143,
        0.5764706134796143,
        0.5176470875740051,
        0.5058823823928833,
        0.5058823823928833
    ],
    "train_loss": [
        1.0971826314926147,
        0.9858248233795166,
        0.9541584253311157,
        0.9010210633277893,
        0.8732984662055969,
        0.8463639616966248,
        0.8131417036056519,
        0.7689154148101807,
        0.751961350440979,
        0.7436502575874329
    ],
    "val_loss": [
        1.1201436519622803,
        1.0398365259170532,
        1.0426448583602905,
        1.1082465648651123,
        1.1586171388626099,
        1.1138004064559937,
        1.1293385028839111,
        1.1279971599578857,
        1.1432312726974487,
        1.1367697715759277
    ],
    "communication_cost": 25.957305908203125,
    "size_model": 12.978652954101562
}