{
    "train_accuracy": [
        0.7465753555297852,
        0.931506872177124,
        0.931506872177124,
        0.931506872177124,
        0.931506872177124,
        0.931506872177124,
        0.931506872177124,
        0.931506872177124,
        0.931506872177124,
        0.931506872177124
    ],
    "val_accuracy": [
        0.9677419066429138,
        0.9677419066429138,
        0.9677419066429138,
        0.9677419066429138,
        0.9677419066429138,
        0.9677419066429138,
        0.9677419066429138,
        0.9677419066429138,
        0.9677419066429138,
        0.9677419066429138
    ],
    "train_loss": [
        1.4830294847488403,
        1.1403114795684814,
        0.6506602764129639,
        0.5306186676025391,
        0.5565653443336487,
        0.5160375833511353,
        0.46502310037612915,
        0.4953514635562897,
        0.4779007136821747,
        0.4798833727836609
    ],
    "val_loss": [
        1.4079105854034424,
        1.0337936878204346,
        0.4995630383491516,
        0.35580891370773315,
        0.36614570021629333,
        0.4582325518131256,
        0.5292336344718933,
        0.4930919110774994,
        0.42824453115463257,
        0.4114817976951599
    ],
    "communication_cost": 25.957305908203125,
    "size_model": 12.978652954101562
}