{
    "train_accuracy": [
        0.7146464586257935,
        0.7777777910232544,
        0.810606062412262,
        0.8308081030845642,
        0.868686854839325,
        0.8737373948097229,
        0.8939393758773804,
        0.9040403962135315,
        0.9015151262283325,
        0.8914141654968262
    ],
    "val_accuracy": [
        0.6117647290229797,
        0.5176470875740051,
        0.4588235318660736,
        0.5058823823928833,
        0.5058823823928833,
        0.5411764979362488,
        0.48235294222831726,
        0.5058823823928833,
        0.4117647111415863,
        0.42352941632270813
    ],
    "train_loss": [
        0.8057982325553894,
        0.6408895254135132,
        0.5884373784065247,
        0.5601866245269775,
        0.4986201524734497,
        0.4686638116836548,
        0.44522014260292053,
        0.3972604274749756,
        0.4057488441467285,
        0.39092347025871277
    ],
    "val_loss": [
        0.9888595342636108,
        1.1306276321411133,
        1.1759147644042969,
        1.1316988468170166,
        1.1736387014389038,
        1.1232154369354248,
        1.2492718696594238,
        1.1907626390457153,
        1.4282035827636719,
        1.4113783836364746
    ],
    "communication_cost": 25.957305908203125,
    "size_model": 12.978652954101562
}