{
    "train_accuracy": [
        0.8835616707801819,
        0.931506872177124,
        0.931506872177124,
        0.931506872177124,
        0.931506872177124,
        0.931506872177124,
        0.931506872177124,
        0.931506872177124,
        0.931506872177124,
        0.9246575236320496
    ],
    "val_accuracy": [
        0.9677419066429138,
        0.9677419066429138,
        0.9677419066429138,
        0.9677419066429138,
        0.9677419066429138,
        0.9677419066429138,
        0.9677419066429138,
        0.9677419066429138,
        0.9677419066429138,
        0.9677419066429138
    ],
    "train_loss": [
        0.6385185718536377,
        0.49301016330718994,
        0.435838520526886,
        0.4235307574272156,
        0.4334489107131958,
        0.3682796359062195,
        0.38740411400794983,
        0.38348838686943054,
        0.38427671790122986,
        0.3593927025794983
    ],
    "val_loss": [
        0.38672900199890137,
        0.36068055033683777,
        0.40886548161506653,
        0.3606664538383484,
        0.39359259605407715,
        0.4024774730205536,
        0.38389524817466736,
        0.3950095474720001,
        0.3846888244152069,
        0.3676639199256897
    ],
    "communication_cost": 25.957305908203125,
    "size_model": 12.978652954101562
}