{
    "train_accuracy": [
        0.8948571681976318,
        0.9177142977714539,
        0.9348571300506592,
        0.9211428761482239,
        0.9245714545249939,
        0.9474285840988159,
        0.9508571624755859,
        0.9428571462631226,
        0.9405714273452759,
        0.9462857246398926
    ],
    "val_accuracy": [
        0.8395721912384033,
        0.7647058963775635,
        0.7967914342880249,
        0.8181818127632141,
        0.7700534462928772,
        0.7914438247680664,
        0.8074866533279419,
        0.8181818127632141,
        0.7807486653327942,
        0.7914438247680664
    ],
    "train_loss": [
        0.41051405668258667,
        0.3587073087692261,
        0.3126208782196045,
        0.32366734743118286,
        0.3284173905849457,
        0.29503896832466125,
        0.28167372941970825,
        0.2865697145462036,
        0.28587937355041504,
        0.27282416820526123
    ],
    "val_loss": [
        0.5308631658554077,
        0.7102997303009033,
        0.6385321617126465,
        0.5991493463516235,
        0.6792464852333069,
        0.6793144941329956,
        0.5909814834594727,
        0.582484781742096,
        0.6672648191452026,
        0.6769387722015381
    ],
    "communication_cost": 25.957305908203125,
    "size_model": 12.978652954101562
}