{
    "train_accuracy": [
        0.5371900796890259,
        0.5692148804664612,
        0.5723140239715576,
        0.60537189245224,
        0.6404958963394165,
        0.7045454382896423,
        0.7417355179786682,
        0.7530992031097412,
        0.7634297609329224,
        0.7944214940071106
    ],
    "val_accuracy": [
        0.5700483322143555,
        0.5700483322143555,
        0.5748792290687561,
        0.6280193328857422,
        0.7246376872062683,
        0.6231883764266968,
        0.6570048332214355,
        0.6763284802436829,
        0.6859903335571289,
        0.6763284802436829
    ],
    "train_loss": [
        1.3332494497299194,
        1.1660786867141724,
        1.1219028234481812,
        1.0489096641540527,
        0.9304078221321106,
        0.831339955329895,
        0.7784234285354614,
        0.7414225339889526,
        0.6937701106071472,
        0.661796510219574
    ],
    "val_loss": [
        1.263887882232666,
        1.1782644987106323,
        1.1696327924728394,
        1.0985558032989502,
        0.9879552125930786,
        1.0134633779525757,
        0.9993216395378113,
        0.9650859832763672,
        0.9304265379905701,
        0.9276917576789856
    ],
    "communication_cost": 25.957305908203125,
    "size_model": 12.978652954101562
}