{
    "train_accuracy": [
        0.7407024502754211,
        0.7799586653709412,
        0.8006198406219482,
        0.8305785059928894,
        0.8212810158729553,
        0.8254132270812988,
        0.8388429880142212,
        0.8471074104309082,
        0.8574380278587341,
        0.8636363744735718
    ],
    "val_accuracy": [
        0.6280193328857422,
        0.6183574795722961,
        0.5990338325500488,
        0.6231883764266968,
        0.6183574795722961,
        0.6666666865348816,
        0.6714975833892822,
        0.6859903335571289,
        0.6859903335571289,
        0.7101449370384216
    ],
    "train_loss": [
        0.75062096118927,
        0.64926677942276,
        0.604952871799469,
        0.5717161893844604,
        0.5622628927230835,
        0.5480310916900635,
        0.5276659727096558,
        0.5048131942749023,
        0.47697821259498596,
        0.4682524502277374
    ],
    "val_loss": [
        0.9848225712776184,
        0.9796316623687744,
        1.003957748413086,
        0.9786510467529297,
        0.9546851515769958,
        0.8930923342704773,
        0.8802042007446289,
        0.8687788248062134,
        0.8833625316619873,
        0.82784503698349
    ],
    "communication_cost": 25.957305908203125,
    "size_model": 12.978652954101562
}