{
    "train_accuracy": [
        0.9621211886405945,
        0.9772727489471436,
        0.9772727489471436,
        0.9772727489471436,
        0.9848484992980957,
        1.0,
        0.9924242496490479,
        0.9924242496490479,
        1.0,
        1.0
    ],
    "val_accuracy": [
        1.0,
        1.0,
        1.0,
        1.0,
        1.0,
        1.0,
        1.0,
        1.0,
        1.0,
        1.0
    ],
    "train_loss": [
        0.27994000911712646,
        0.2717815637588501,
        0.26198336482048035,
        0.1970655918121338,
        0.18195444345474243,
        0.1620778739452362,
        0.15070368349552155,
        0.15191669762134552,
        0.1397194117307663,
        0.13617762923240662
    ],
    "val_loss": [
        0.13935492932796478,
        0.1389612853527069,
        0.1494400054216385,
        0.18550339341163635,
        0.2031370848417282,
        0.16785351932048798,
        0.1476271003484726,
        0.14644017815589905,
        0.15226547420024872,
        0.15559040009975433
    ],
    "communication_cost": 25.957305908203125,
    "size_model": 12.978652954101562
}