{
    "train_accuracy": [
        0.8857142925262451,
        0.9017142653465271,
        0.9062857031822205,
        0.9097142815589905,
        0.9177142977714539,
        0.9291428327560425,
        0.9165714383125305,
        0.9279999732971191,
        0.9279999732971191,
        0.9314285516738892
    ],
    "val_accuracy": [
        0.7326202988624573,
        0.7272727489471436,
        0.7219251394271851,
        0.7272727489471436,
        0.7272727489471436,
        0.7326202988624573,
        0.7326202988624573,
        0.7219251394271851,
        0.7219251394271851,
        0.7165775299072266
    ],
    "train_loss": [
        0.45922085642814636,
        0.36686044931411743,
        0.3570398986339569,
        0.37112390995025635,
        0.3481304347515106,
        0.32440149784088135,
        0.3247039318084717,
        0.3105114698410034,
        0.3127424716949463,
        0.30135923624038696
    ],
    "val_loss": [
        0.8612372875213623,
        1.0047193765640259,
        1.0796939134597778,
        0.9889310002326965,
        0.9311615824699402,
        0.9497951865196228,
        0.9546084403991699,
        1.1184051036834717,
        1.1091786623001099,
        1.1701369285583496
    ],
    "communication_cost": 25.957305908203125,
    "size_model": 12.978652954101562
}