{
    "train_accuracy": [
        0.6843434572219849,
        0.7828282713890076,
        0.7929292917251587,
        0.7979797720909119,
        0.8181818127632141,
        0.8232323527336121,
        0.8358585834503174,
        0.8358585834503174,
        0.8611111044883728,
        0.8762626051902771
    ],
    "val_accuracy": [
        0.5411764979362488,
        0.4588235318660736,
        0.43529412150382996,
        0.42352941632270813,
        0.43529412150382996,
        0.4000000059604645,
        0.43529412150382996,
        0.43529412150382996,
        0.42352941632270813,
        0.38823530077934265
    ],
    "train_loss": [
        0.8780261874198914,
        0.6976855993270874,
        0.6769651770591736,
        0.6332520246505737,
        0.6000482439994812,
        0.5631450414657593,
        0.5436527132987976,
        0.5275682210922241,
        0.4823448359966278,
        0.4671345353126526
    ],
    "val_loss": [
        1.0910755395889282,
        1.2499098777770996,
        1.2668766975402832,
        1.368806004524231,
        1.3131089210510254,
        1.5248197317123413,
        1.4642987251281738,
        1.4597880840301514,
        1.5369787216186523,
        1.6537284851074219
    ],
    "communication_cost": 25.957305908203125,
    "size_model": 12.978652954101562
}