{
    "train_accuracy": [
        0.6260162591934204,
        0.8617886304855347,
        0.8617886304855347,
        0.8617886304855347,
        0.8617886304855347,
        0.8617886304855347,
        0.8617886304855347,
        0.8617886304855347,
        0.8617886304855347,
        0.8617886304855347
    ],
    "val_accuracy": [
        0.8148148059844971,
        0.8148148059844971,
        0.8148148059844971,
        0.8148148059844971,
        0.8148148059844971,
        0.8148148059844971,
        0.8148148059844971,
        0.8148148059844971,
        0.8148148059844971,
        0.8148148059844971
    ],
    "train_loss": [
        1.5010591745376587,
        1.2688366174697876,
        0.928178608417511,
        0.6849497556686401,
        0.727430522441864,
        0.6848567128181458,
        0.6266403794288635,
        0.6580090522766113,
        0.6410739421844482,
        0.6445605754852295
    ],
    "val_loss": [
        1.4751042127609253,
        1.287949562072754,
        0.9828196167945862,
        0.7904298305511475,
        0.7566063404083252,
        0.7465150356292725,
        0.7839844226837158,
        0.7880714535713196,
        0.7624404430389404,
        0.7443724274635315
    ],
    "communication_cost": 25.957305908203125,
    "size_model": 12.978652954101562
}