{
    "train_accuracy": [
        0.8484848737716675,
        0.9772727489471436,
        0.9772727489471436,
        0.9772727489471436,
        0.9772727489471436,
        0.9772727489471436,
        0.9772727489471436,
        0.9772727489471436,
        0.9772727489471436,
        0.9772727489471436
    ],
    "val_accuracy": [
        1.0,
        1.0,
        1.0,
        1.0,
        1.0,
        1.0,
        1.0,
        1.0,
        1.0,
        1.0
    ],
    "train_loss": [
        0.8853880763053894,
        0.3109845519065857,
        0.29850420355796814,
        0.3114975094795227,
        0.3031887114048004,
        0.2844454348087311,
        0.271077424287796,
        0.2712451219558716,
        0.26953375339508057,
        0.26220664381980896
    ],
    "val_loss": [
        0.5392077565193176,
        0.23624451458454132,
        0.185548335313797,
        0.17923323810100555,
        0.18532298505306244,
        0.20426461100578308,
        0.23645122349262238,
        0.26290127635002136,
        0.25911349058151245,
        0.23976249992847443
    ],
    "communication_cost": 25.957305908203125,
    "size_model": 12.978652954101562
}