{
    "train_accuracy": [
        0.6559139490127563,
        0.9784946441650391,
        0.9784946441650391,
        0.9784946441650391,
        0.9784946441650391,
        0.9784946441650391,
        0.9784946441650391,
        0.9784946441650391,
        0.9784946441650391,
        0.9784946441650391
    ],
    "val_accuracy": [
        0.800000011920929,
        0.949999988079071,
        0.949999988079071,
        0.949999988079071,
        0.949999988079071,
        0.949999988079071,
        0.949999988079071,
        0.949999988079071,
        0.949999988079071,
        0.949999988079071
    ],
    "train_loss": [
        1.0504637956619263,
        0.34471815824508667,
        0.25358015298843384,
        0.3185092508792877,
        0.2857348620891571,
        0.2582431137561798,
        0.26652461290359497,
        0.2497076690196991,
        0.24112163484096527,
        0.23674045503139496
    ],
    "val_loss": [
        0.7192963361740112,
        0.4866887927055359,
        0.48340457677841187,
        0.5053094625473022,
        0.5102930068969727,
        0.522446870803833,
        0.5380768775939941,
        0.5429335832595825,
        0.545947790145874,
        0.5572131872177124
    ],
    "communication_cost": 25.957305908203125,
    "size_model": 12.978652954101562
}