{
    "train_accuracy": [
        0.801369845867157,
        0.931506872177124,
        0.931506872177124,
        0.9520547986030579,
        0.9383561611175537,
        0.9383561611175537,
        0.931506872177124,
        0.931506872177124,
        0.9383561611175537,
        0.9452054500579834
    ],
    "val_accuracy": [
        0.9677419066429138,
        0.9677419066429138,
        0.9677419066429138,
        0.9677419066429138,
        0.9677419066429138,
        0.9677419066429138,
        0.9677419066429138,
        0.9677419066429138,
        0.9677419066429138,
        0.9677419066429138
    ],
    "train_loss": [
        0.7131860256195068,
        0.5180603265762329,
        0.4252663552761078,
        0.41668280959129333,
        0.33552485704421997,
        0.349031537771225,
        0.34646809101104736,
        0.3233133554458618,
        0.31995487213134766,
        0.28652533888816833
    ],
    "val_loss": [
        0.3655051589012146,
        0.323846697807312,
        0.4017104506492615,
        0.39788180589675903,
        0.34672385454177856,
        0.3460022211074829,
        0.3752913177013397,
        0.38739705085754395,
        0.35236507654190063,
        0.3230910897254944
    ],
    "communication_cost": 25.957305908203125,
    "size_model": 12.978652954101562
}