{
    "1": {
        "loss": 1.498624171941511,
        "loss_val": 1.5096629658052998,
        "loss_test": 1.498624171941511,
        "val_accuracy": 0.4461384579539299,
        "test_accuracy": 0.4693548393826331,
        "test_f1-score": 0.2925040819400395,
        "CV": 1.0019230179767835
    },
    "2": {
        "loss": 1.3514195667159172,
        "loss_val": 1.4503767030854378,
        "loss_test": 1.3514195667159172,
        "val_accuracy": 0.4068019557624094,
        "test_accuracy": 0.49193549194643577,
        "test_f1-score": 0.30849329994738445,
        "CV": 1.1540564483346984
    },
    "3": {
        "loss": 1.421695450477062,
        "loss_val": 1.621730838283416,
        "loss_test": 1.421695450477062,
        "val_accuracy": 0.426277294574726,
        "test_accuracy": 0.5048387084997469,
        "test_f1-score": 0.32063688031589305,
        "CV": 1.2071393608054888
    },
    "4": {
        "loss": 1.2941892742629975,
        "loss_val": 1.501128814345406,
        "loss_test": 1.2941892742629975,
        "val_accuracy": 0.47988372546049857,
        "test_accuracy": 0.5435483837319959,
        "test_f1-score": 0.391226888920727,
        "CV": 1.1690302481582842
    },
    "5": {
        "loss": 1.1582291631448653,
        "loss_val": 1.3401122965639636,
        "loss_test": 1.1582291631448653,
        "val_accuracy": 0.5105877614309711,
        "test_accuracy": 0.5758064503631285,
        "test_f1-score": 0.34479339415024535,
        "CV": 1.1421394779066543
    }
}