{
    "train_accuracy": [
        0.6818181872367859,
        0.7070707082748413,
        0.75,
        0.7651515007019043,
        0.7727272510528564,
        0.7702020406723022,
        0.7929292917251587,
        0.7979797720909119,
        0.8030303120613098,
        0.8207070827484131
    ],
    "val_accuracy": [
        0.7882353067398071,
        0.5882353186607361,
        0.4941176474094391,
        0.42352941632270813,
        0.47058823704719543,
        0.43529412150382996,
        0.4470588266849518,
        0.42352941632270813,
        0.4470588266849518,
        0.47058823704719543
    ],
    "train_loss": [
        0.9940646290779114,
        0.8302427530288696,
        0.7838165760040283,
        0.7384124994277954,
        0.7140699625015259,
        0.6907880306243896,
        0.6577405333518982,
        0.6498575210571289,
        0.6257045269012451,
        0.5820919275283813
    ],
    "val_loss": [
        1.0856221914291382,
        1.1378945112228394,
        1.2024081945419312,
        1.2559763193130493,
        1.20789635181427,
        1.2572740316390991,
        1.2376213073730469,
        1.3164960145950317,
        1.3003735542297363,
        1.3014947175979614
    ],
    "communication_cost": 25.957305908203125,
    "size_model": 12.978652954101562
}