{
    "train_accuracy": [
        0.8292682766914368,
        0.8617886304855347,
        0.8617886304855347,
        0.8536585569381714,
        0.8617886304855347,
        0.8617886304855347,
        0.869918704032898,
        0.8617886304855347,
        0.8617886304855347,
        0.8617886304855347
    ],
    "val_accuracy": [
        0.8148148059844971,
        0.8148148059844971,
        0.8148148059844971,
        0.8148148059844971,
        0.8148148059844971,
        0.8148148059844971,
        0.8148148059844971,
        0.8148148059844971,
        0.8148148059844971,
        0.8148148059844971
    ],
    "train_loss": [
        1.0186426639556885,
        0.6285785436630249,
        0.6293484568595886,
        0.5662143230438232,
        0.5830509066581726,
        0.5765790939331055,
        0.5652364492416382,
        0.561822772026062,
        0.5717916488647461,
        0.5426663160324097
    ],
    "val_loss": [
        0.8774160742759705,
        0.7014007568359375,
        0.6648774147033691,
        0.6605599522590637,
        0.643855631351471,
        0.6435859203338623,
        0.6519709229469299,
        0.6533955335617065,
        0.6550260186195374,
        0.6558171510696411
    ],
    "communication_cost": 25.957305908203125,
    "size_model": 12.978652954101562
}