{
    "train_accuracy": [
        0.9571428298950195,
        0.9857142567634583,
        0.9857142567634583,
        0.9857142567634583,
        0.9857142567634583,
        0.9857142567634583,
        0.9857142567634583,
        0.9857142567634583,
        0.9857142567634583,
        0.9857142567634583
    ],
    "val_accuracy": [
        1.0,
        1.0,
        1.0,
        1.0,
        1.0,
        1.0,
        1.0,
        1.0,
        1.0,
        1.0
    ],
    "train_loss": [
        0.8487691283226013,
        0.25997692346572876,
        0.2532750964164734,
        0.27398911118507385,
        0.26623138785362244,
        0.24061910808086395,
        0.24084478616714478,
        0.24528877437114716,
        0.2352992445230484,
        0.22570838034152985
    ],
    "val_loss": [
        0.4832654297351837,
        0.19915086030960083,
        0.17165811359882355,
        0.1698092371225357,
        0.1767420619726181,
        0.19677402079105377,
        0.22830529510974884,
        0.2472611963748932,
        0.23326309025287628,
        0.2142067700624466
    ],
    "communication_cost": 25.957305908203125,
    "size_model": 12.978652954101562
}