{
    "train_accuracy": [
        0.7642276287078857,
        0.8455284833908081,
        0.8536585569381714,
        0.8536585569381714,
        0.8780487775802612,
        0.8780487775802612,
        0.8943089246749878,
        0.869918704032898,
        0.9105691313743591,
        0.9024389982223511
    ],
    "val_accuracy": [
        0.8148148059844971,
        0.8148148059844971,
        0.8148148059844971,
        0.8148148059844971,
        0.8148148059844971,
        0.8148148059844971,
        0.8148148059844971,
        0.8148148059844971,
        0.8148148059844971,
        0.8148148059844971
    ],
    "train_loss": [
        0.7104684114456177,
        0.5556459426879883,
        0.515694797039032,
        0.5344914197921753,
        0.48724713921546936,
        0.4503568410873413,
        0.4294273555278778,
        0.44816669821739197,
        0.4312085807323456,
        0.40439048409461975
    ],
    "val_loss": [
        0.6506333947181702,
        0.5613204836845398,
        0.5980018377304077,
        0.5823018550872803,
        0.62543785572052,
        0.6165209412574768,
        0.6435434818267822,
        0.6253772377967834,
        0.6175474524497986,
        0.6337800025939941
    ],
    "communication_cost": 25.957305908203125,
    "size_model": 12.978652954101562
}