{
    "train_accuracy": [
        0.25732216238975525,
        0.33472803235054016,
        0.4246861934661865,
        0.4853556454181671,
        0.5292887091636658,
        0.5585774183273315,
        0.6025104522705078,
        0.6087865829467773,
        0.6276150345802307,
        0.6527196764945984
    ],
    "val_accuracy": [
        0.18446601927280426,
        0.28155338764190674,
        0.3689320385456085,
        0.3106796145439148,
        0.3980582654476166,
        0.3883495032787323,
        0.446601927280426,
        0.5631067752838135,
        0.49514561891555786,
        0.5339806079864502
    ],
    "train_loss": [
        1.5859051942825317,
        1.566267728805542,
        1.5358937978744507,
        1.4248111248016357,
        1.247894048690796,
        1.1721441745758057,
        1.1458420753479004,
        1.1276309490203857,
        1.0719873905181885,
        1.031540870666504
    ],
    "val_loss": [
        1.5836323499679565,
        1.5708428621292114,
        1.5409331321716309,
        1.529364824295044,
        1.5558369159698486,
        1.6132618188858032,
        1.5265356302261353,
        1.3220546245574951,
        1.420631766319275,
        1.3586777448654175
    ],
    "communication_cost": 25.957305908203125,
    "size_model": 12.978652954101562
}