{
    "train_accuracy": [
        0.6033402681350708,
        0.632567822933197,
        0.668058454990387,
        0.6534446477890015,
        0.668058454990387,
        0.6951983571052551,
        0.6931106448173523,
        0.6951983571052551,
        0.7181628346443176,
        0.7014613747596741
    ],
    "val_accuracy": [
        0.5922330021858215,
        0.6310679316520691,
        0.6019417643547058,
        0.582524299621582,
        0.5631067752838135,
        0.5631067752838135,
        0.582524299621582,
        0.582524299621582,
        0.5339806079864502,
        0.5436893105506897
    ],
    "train_loss": [
        1.1134605407714844,
        1.033514142036438,
        0.9887126088142395,
        0.9600211381912231,
        0.9240227341651917,
        0.9087687134742737,
        0.8769775629043579,
        0.868148684501648,
        0.8606967926025391,
        0.837709903717041
    ],
    "val_loss": [
        1.1555622816085815,
        1.1273430585861206,
        1.1352919340133667,
        1.1923000812530518,
        1.277344822883606,
        1.250896692276001,
        1.2801969051361084,
        1.2754987478256226,
        1.3245923519134521,
        1.3665564060211182
    ],
    "communication_cost": 25.957305908203125,
    "size_model": 12.978652954101562
}