{
    "train_accuracy": [
        0.6617953777313232,
        0.630480170249939,
        0.6868476271629333,
        0.6972860097885132,
        0.6784968972206116,
        0.7139874696731567,
        0.736952006816864,
        0.7098121047019958,
        0.7306889295578003,
        0.743215024471283
    ],
    "val_accuracy": [
        0.5048543810844421,
        0.5048543810844421,
        0.5242718458175659,
        0.5339806079864502,
        0.5339806079864502,
        0.5339806079864502,
        0.5242718458175659,
        0.5339806079864502,
        0.5339806079864502,
        0.5242718458175659
    ],
    "train_loss": [
        1.0006659030914307,
        0.9720821380615234,
        0.9049780964851379,
        0.8876309990882874,
        0.8909720778465271,
        0.8570843935012817,
        0.8135623931884766,
        0.8208376169204712,
        0.8021178841590881,
        0.7764356732368469
    ],
    "val_loss": [
        1.279947280883789,
        1.3482158184051514,
        1.291371464729309,
        1.3190714120864868,
        1.3507853746414185,
        1.34527587890625,
        1.370547890663147,
        1.3273059129714966,
        1.3834919929504395,
        1.3846783638000488
    ],
    "communication_cost": 25.957305908203125,
    "size_model": 12.978652954101562
}