{
    "train_accuracy": [
        0.6171548366546631,
        0.6527196764945984,
        0.6673640012741089,
        0.6715481281280518,
        0.6945606470108032,
        0.7008368372917175,
        0.6903765797615051,
        0.7175732254981995,
        0.7280334830284119,
        0.7364016771316528
    ],
    "val_accuracy": [
        0.49514561891555786,
        0.49514561891555786,
        0.4660194218158722,
        0.48543688654899597,
        0.49514561891555786,
        0.5048543810844421,
        0.5145630836486816,
        0.5048543810844421,
        0.5145630836486816,
        0.5145630836486816
    ],
    "train_loss": [
        1.0569703578948975,
        0.9713380336761475,
        0.9563276767730713,
        0.9477643966674805,
        0.9342992901802063,
        0.916183590888977,
        0.8950541615486145,
        0.8712905049324036,
        0.86516934633255,
        0.8460589051246643
    ],
    "val_loss": [
        1.2922725677490234,
        1.3051753044128418,
        1.3096545934677124,
        1.2989271879196167,
        1.2695647478103638,
        1.2499743700027466,
        1.2369211912155151,
        1.2522525787353516,
        1.2428840398788452,
        1.2283439636230469
    ],
    "communication_cost": 25.957305908203125,
    "size_model": 12.978652954101562
}