{
    "train_accuracy": [
        0.6012526154518127,
        0.630480170249939,
        0.632567822933197,
        0.6409185528755188,
        0.6784968972206116,
        0.6722338199615479,
        0.6931106448173523,
        0.7223381996154785,
        0.7139874696731567,
        0.7139874696731567
    ],
    "val_accuracy": [
        0.6407766938209534,
        0.6213592290878296,
        0.6504854559898376,
        0.6504854559898376,
        0.6310679316520691,
        0.6601941585540771,
        0.6699029207229614,
        0.6699029207229614,
        0.6796116232872009,
        0.6796116232872009
    ],
    "train_loss": [
        1.0335091352462769,
        0.9978322386741638,
        0.9686205387115479,
        0.9643199443817139,
        0.9273788928985596,
        0.9177241921424866,
        0.8873060345649719,
        0.863344669342041,
        0.8378451466560364,
        0.8299253582954407
    ],
    "val_loss": [
        1.0838130712509155,
        1.0786190032958984,
        1.0459742546081543,
        1.0388526916503906,
        1.0488109588623047,
        1.0131360292434692,
        1.0161186456680298,
        1.007568597793579,
        0.9933631420135498,
        0.9934490919113159
    ],
    "communication_cost": 25.957305908203125,
    "size_model": 12.978652954101562
}