{
    "train_accuracy": [
        0.6492692828178406,
        0.6701461672782898,
        0.6826722621917725,
        0.6805845499038696,
        0.6805845499038696,
        0.7139874696731567,
        0.7077244520187378,
        0.7244259119033813,
        0.7118998169898987,
        0.7348642945289612
    ],
    "val_accuracy": [
        0.6407766938209534,
        0.6116504669189453,
        0.6116504669189453,
        0.5728155374526978,
        0.5922330021858215,
        0.6019417643547058,
        0.6116504669189453,
        0.6116504669189453,
        0.6213592290878296,
        0.6116504669189453
    ],
    "train_loss": [
        0.9652626514434814,
        0.9527059197425842,
        0.959255039691925,
        0.9632145762443542,
        0.9128484129905701,
        0.8563780188560486,
        0.8506879210472107,
        0.8157602548599243,
        0.8542774319648743,
        0.8304359912872314
    ],
    "val_loss": [
        1.0317946672439575,
        1.036463975906372,
        1.0744770765304565,
        1.1217656135559082,
        1.0927808284759521,
        1.0635488033294678,
        1.0352593660354614,
        1.0319511890411377,
        1.0452467203140259,
        1.0565259456634521
    ],
    "communication_cost": 25.957305908203125,
    "size_model": 12.978652954101562
}