{
    "train_accuracy": [
        0.5866388082504272,
        0.6158663630485535,
        0.6158663630485535,
        0.6263048052787781,
        0.6242170929908752,
        0.5887265205383301,
        0.5887265205383301,
        0.6263048052787781,
        0.6388309001922607,
        0.6534446477890015
    ],
    "val_accuracy": [
        0.6116504669189453,
        0.5436893105506897,
        0.5242718458175659,
        0.5436893105506897,
        0.5242718458175659,
        0.6213592290878296,
        0.5922330021858215,
        0.6116504669189453,
        0.6116504669189453,
        0.6310679316520691
    ],
    "train_loss": [
        1.128725290298462,
        1.0785280466079712,
        1.0752062797546387,
        1.0727092027664185,
        1.098373293876648,
        1.1380226612091064,
        1.1024116277694702,
        1.0526467561721802,
        1.0173159837722778,
        1.0175637006759644
    ],
    "val_loss": [
        1.2724230289459229,
        1.3785816431045532,
        1.3871995210647583,
        1.3396672010421753,
        1.2568025588989258,
        1.2003759145736694,
        1.1833163499832153,
        1.1649202108383179,
        1.161120057106018,
        1.1687451601028442
    ],
    "communication_cost": 25.957305908203125,
    "size_model": 12.978652954101562
}