{
    "train_accuracy": [
        0.26096034049987793,
        0.2651357054710388,
        0.34655532240867615,
        0.35073068737983704,
        0.45511481165885925,
        0.5386221408843994,
        0.5782880783081055,
        0.6179540753364563,
        0.6096033453941345,
        0.6471816301345825
    ],
    "val_accuracy": [
        0.3009708821773529,
        0.3009708821773529,
        0.33980581164360046,
        0.3300970792770386,
        0.3689320385456085,
        0.5728155374526978,
        0.5436893105506897,
        0.5339806079864502,
        0.5242718458175659,
        0.553398072719574
    ],
    "train_loss": [
        1.5840107202529907,
        1.5683408975601196,
        1.5395803451538086,
        1.493934154510498,
        1.3967258930206299,
        1.224339485168457,
        1.1288585662841797,
        1.0693086385726929,
        1.0697028636932373,
        1.0405614376068115
    ],
    "val_loss": [
        1.5811518430709839,
        1.5649088621139526,
        1.5293761491775513,
        1.4845569133758545,
        1.4248371124267578,
        1.263283610343933,
        1.2703649997711182,
        1.2886945009231567,
        1.3104075193405151,
        1.2746105194091797
    ],
    "communication_cost": 25.957305908203125,
    "size_model": 12.978652954101562
}