{
    "train_accuracy": [
        0.5532358884811401,
        0.5344467759132385,
        0.5741127133369446,
        0.5887265205383301,
        0.5908141732215881,
        0.5866388082504272,
        0.5970772504806519,
        0.6346555352210999,
        0.632567822933197,
        0.6367431879043579
    ],
    "val_accuracy": [
        0.5145630836486816,
        0.48543688654899597,
        0.48543688654899597,
        0.5145630836486816,
        0.5436893105506897,
        0.553398072719574,
        0.5631067752838135,
        0.5728155374526978,
        0.582524299621582,
        0.5728155374526978
    ],
    "train_loss": [
        1.2579349279403687,
        1.1933164596557617,
        1.1400047540664673,
        1.1105999946594238,
        1.0878313779830933,
        1.0778669118881226,
        1.0485247373580933,
        1.0204542875289917,
        1.0012379884719849,
        0.9841857552528381
    ],
    "val_loss": [
        1.2785117626190186,
        1.3110723495483398,
        1.2915024757385254,
        1.24862802028656,
        1.2189842462539673,
        1.182173728942871,
        1.1516698598861694,
        1.142003059387207,
        1.1169872283935547,
        1.1118061542510986
    ],
    "communication_cost": 25.957305908203125,
    "size_model": 12.978652954101562
}