{
    "train_accuracy": [
        0.6764091849327087,
        0.7286012768745422,
        0.7327766418457031,
        0.7661795616149902,
        0.7620041966438293,
        0.7828810214996338,
        0.7578288316726685,
        0.7891440391540527,
        0.7974947690963745,
        0.81210857629776
    ],
    "val_accuracy": [
        0.6699029207229614,
        0.6601941585540771,
        0.6310679316520691,
        0.6601941585540771,
        0.6601941585540771,
        0.6699029207229614,
        0.6601941585540771,
        0.6699029207229614,
        0.6699029207229614,
        0.6699029207229614
    ],
    "train_loss": [
        0.9141231775283813,
        0.826111912727356,
        0.797451376914978,
        0.7527430653572083,
        0.7526139616966248,
        0.7197747230529785,
        0.7223624587059021,
        0.7019606232643127,
        0.6840319633483887,
        0.6485943794250488
    ],
    "val_loss": [
        1.0009753704071045,
        0.9976723194122314,
        1.022606611251831,
        1.0220619440078735,
        1.0813755989074707,
        1.0487645864486694,
        1.0755411386489868,
        1.0416494607925415,
        1.100023627281189,
        1.049460530281067
    ],
    "communication_cost": 25.957305908203125,
    "size_model": 12.978652954101562
}