{
    "train_accuracy": [
        0.3068893551826477,
        0.3402922749519348,
        0.3924843370914459,
        0.43632566928863525,
        0.5010438561439514,
        0.5386221408843994,
        0.5720250606536865,
        0.6075156331062317,
        0.5908141732215881,
        0.6221294403076172
    ],
    "val_accuracy": [
        0.2330097109079361,
        0.3009708821773529,
        0.3106796145439148,
        0.34951457381248474,
        0.3203883469104767,
        0.5145630836486816,
        0.5048543810844421,
        0.4563106894493103,
        0.5048543810844421,
        0.4660194218158722
    ],
    "train_loss": [
        1.5838596820831299,
        1.5666948556900024,
        1.5405386686325073,
        1.4764400720596313,
        1.3570905923843384,
        1.2747455835342407,
        1.1631605625152588,
        1.1218081712722778,
        1.1120989322662354,
        1.0573652982711792
    ],
    "val_loss": [
        1.5855631828308105,
        1.5756752490997314,
        1.5560290813446045,
        1.49822998046875,
        1.5239874124526978,
        1.3728888034820557,
        1.4015175104141235,
        1.462217926979065,
        1.3284456729888916,
        1.3942517042160034
    ],
    "communication_cost": 25.957305908203125,
    "size_model": 12.978652954101562
}