{
    "train_accuracy": [
        0.6033402681350708,
        0.5908141732215881,
        0.632567822933197,
        0.6221294403076172,
        0.6492692828178406,
        0.6430062651634216,
        0.6701461672782898,
        0.6722338199615479,
        0.6743215322494507,
        0.6764091849327087
    ],
    "val_accuracy": [
        0.4757281541824341,
        0.4563106894493103,
        0.49514561891555786,
        0.5242718458175659,
        0.5048543810844421,
        0.49514561891555786,
        0.5048543810844421,
        0.48543688654899597,
        0.5048543810844421,
        0.4757281541824341
    ],
    "train_loss": [
        1.105389952659607,
        1.0857083797454834,
        1.0211033821105957,
        0.9989268779754639,
        1.0018315315246582,
        0.9863309264183044,
        0.9442633986473083,
        0.9384636878967285,
        0.936130702495575,
        0.8939384818077087
    ],
    "val_loss": [
        1.3313299417495728,
        1.4182971715927124,
        1.3818892240524292,
        1.4174259901046753,
        1.4129984378814697,
        1.4454174041748047,
        1.4245259761810303,
        1.4544132947921753,
        1.4092693328857422,
        1.5274159908294678
    ],
    "communication_cost": 25.957305908203125,
    "size_model": 12.978652954101562
}