{
    "train_accuracy": [
        0.6931106448173523,
        0.7035490870475769,
        0.7181628346443176,
        0.6972860097885132,
        0.7118998169898987,
        0.7286012768745422,
        0.7473903894424438,
        0.7494781017303467,
        0.7620041966438293,
        0.7766179442405701
    ],
    "val_accuracy": [
        0.6893203854560852,
        0.6504854559898376,
        0.6019417643547058,
        0.6116504669189453,
        0.6213592290878296,
        0.6310679316520691,
        0.6213592290878296,
        0.6213592290878296,
        0.6310679316520691,
        0.6310679316520691
    ],
    "train_loss": [
        0.9060637354850769,
        0.8819349408149719,
        0.9014737010002136,
        0.9053739905357361,
        0.8476228713989258,
        0.8023508787155151,
        0.7624162435531616,
        0.7569881081581116,
        0.7644011378288269,
        0.7305662035942078
    ],
    "val_loss": [
        0.9642170071601868,
        0.9796756505966187,
        1.046552062034607,
        1.0653568506240845,
        1.0137087106704712,
        0.9974637627601624,
        0.9931073188781738,
        0.9961103200912476,
        0.9961767196655273,
        0.9938986301422119
    ],
    "communication_cost": 25.957305908203125,
    "size_model": 12.978652954101562
}