{
    "train_accuracy": [
        0.7510460019111633,
        0.7635983228683472,
        0.7301255464553833,
        0.7343096137046814,
        0.7384937405586243,
        0.7489539980888367,
        0.7552301287651062,
        0.7447698712348938,
        0.7656903862953186,
        0.784518837928772
    ],
    "val_accuracy": [
        0.6213592290878296,
        0.6310679316520691,
        0.6213592290878296,
        0.6310679316520691,
        0.5922330021858215,
        0.553398072719574,
        0.5048543810844421,
        0.6019417643547058,
        0.6407766938209534,
        0.6213592290878296
    ],
    "train_loss": [
        0.8360861539840698,
        0.7762324213981628,
        0.7829635739326477,
        0.7917793393135071,
        0.7851837277412415,
        0.7705808877944946,
        0.7836419343948364,
        0.7929271459579468,
        0.7272987365722656,
        0.6595155000686646
    ],
    "val_loss": [
        1.0774511098861694,
        1.0775197744369507,
        1.0715490579605103,
        1.0922449827194214,
        1.1350477933883667,
        1.168318271636963,
        1.241924524307251,
        1.095506191253662,
        1.0213680267333984,
        1.0535805225372314
    ],
    "communication_cost": 25.957305908203125,
    "size_model": 12.978652954101562
}