{
    "train_accuracy": [
        0.6610878705978394,
        0.7008368372917175,
        0.7175732254981995,
        0.7175732254981995,
        0.7280334830284119,
        0.7343096137046814,
        0.715481162071228,
        0.7510460019111633,
        0.7280334830284119,
        0.715481162071228
    ],
    "val_accuracy": [
        0.5048543810844421,
        0.4757281541824341,
        0.4757281541824341,
        0.4660194218158722,
        0.4757281541824341,
        0.48543688654899597,
        0.5048543810844421,
        0.5145630836486816,
        0.49514561891555786,
        0.4563106894493103
    ],
    "train_loss": [
        1.005863070487976,
        0.9101343750953674,
        0.8795828819274902,
        0.8821649551391602,
        0.8610917329788208,
        0.8391339778900146,
        0.8490282893180847,
        0.8411492109298706,
        0.8482889533042908,
        0.87917160987854
    ],
    "val_loss": [
        1.2114495038986206,
        1.2311524152755737,
        1.2278685569763184,
        1.1926064491271973,
        1.174604058265686,
        1.1626020669937134,
        1.1413819789886475,
        1.1427842378616333,
        1.1620088815689087,
        1.246239185333252
    ],
    "communication_cost": 25.957305908203125,
    "size_model": 12.978652954101562
}