{
    "train_accuracy": [
        0.6137787103652954,
        0.6200417280197144,
        0.6346555352210999,
        0.6450939178466797,
        0.6722338199615479,
        0.6826722621917725,
        0.6638830900192261,
        0.6743215322494507,
        0.6931106448173523,
        0.6910229921340942
    ],
    "val_accuracy": [
        0.5631067752838135,
        0.5922330021858215,
        0.6407766938209534,
        0.6213592290878296,
        0.6019417643547058,
        0.6116504669189453,
        0.6310679316520691,
        0.6601941585540771,
        0.6601941585540771,
        0.6504854559898376
    ],
    "train_loss": [
        1.12110435962677,
        1.0911296606063843,
        1.0625967979431152,
        1.001724362373352,
        0.9622161984443665,
        0.9743003249168396,
        0.9965647459030151,
        0.9570873975753784,
        0.9111678600311279,
        0.8857827186584473
    ],
    "val_loss": [
        1.2799609899520874,
        1.1648125648498535,
        1.1407099962234497,
        1.1357587575912476,
        1.1508899927139282,
        1.1630393266677856,
        1.1178209781646729,
        1.0814976692199707,
        1.0627490282058716,
        1.0762313604354858
    ],
    "communication_cost": 25.957305908203125,
    "size_model": 12.978652954101562
}