{
    "train_accuracy": [
        0.6597077250480652,
        0.6910229921340942,
        0.705636739730835,
        0.7160751819610596,
        0.7223381996154785,
        0.7244259119033813,
        0.7348642945289612,
        0.7390396595001221,
        0.7766179442405701,
        0.7620041966438293
    ],
    "val_accuracy": [
        0.5922330021858215,
        0.6116504669189453,
        0.582524299621582,
        0.5922330021858215,
        0.5922330021858215,
        0.6213592290878296,
        0.582524299621582,
        0.6116504669189453,
        0.6019417643547058,
        0.6310679316520691
    ],
    "train_loss": [
        0.9841510057449341,
        0.9052520394325256,
        0.8527362942695618,
        0.8482527136802673,
        0.8295317888259888,
        0.8008831739425659,
        0.7937631607055664,
        0.7858072519302368,
        0.7470388412475586,
        0.7269970178604126
    ],
    "val_loss": [
        1.1016483306884766,
        1.1103413105010986,
        1.1568659543991089,
        1.195787787437439,
        1.1824018955230713,
        1.1748554706573486,
        1.2225205898284912,
        1.1965364217758179,
        1.2525113821029663,
        1.199981689453125
    ],
    "communication_cost": 25.957305908203125,
    "size_model": 12.978652954101562
}