{
    "train_accuracy": [
        0.2651357054710388,
        0.2693110704421997,
        0.30480167269706726,
        0.4091857969760895,
        0.5281836986541748,
        0.5741127133369446,
        0.5803757905960083,
        0.5532358884811401,
        0.5970772504806519,
        0.632567822933197
    ],
    "val_accuracy": [
        0.27184465527534485,
        0.27184465527534485,
        0.27184465527534485,
        0.42718446254730225,
        0.40776699781417847,
        0.4660194218158722,
        0.49514561891555786,
        0.4757281541824341,
        0.5436893105506897,
        0.4757281541824341
    ],
    "train_loss": [
        1.585539698600769,
        1.5699557065963745,
        1.5432994365692139,
        1.4936739206314087,
        1.345080018043518,
        1.2072458267211914,
        1.1512421369552612,
        1.1706727743148804,
        1.080845594406128,
        1.038151741027832
    ],
    "val_loss": [
        1.5849305391311646,
        1.5756348371505737,
        1.5558929443359375,
        1.4886982440948486,
        1.4783424139022827,
        1.5009503364562988,
        1.2734061479568481,
        1.367408037185669,
        1.2918064594268799,
        1.2647923231124878
    ],
    "communication_cost": 25.957305908203125,
    "size_model": 12.978652954101562
}