{
    "train_accuracy": [
        0.723849356174469,
        0.7426778078079224,
        0.7740585803985596,
        0.7740585803985596,
        0.7866109013557434,
        0.7907949686050415,
        0.7949790954589844,
        0.8033472895622253,
        0.784518837928772,
        0.8117154836654663
    ],
    "val_accuracy": [
        0.5048543810844421,
        0.5048543810844421,
        0.5242718458175659,
        0.5048543810844421,
        0.5242718458175659,
        0.5242718458175659,
        0.5436893105506897,
        0.553398072719574,
        0.5631067752838135,
        0.5631067752838135
    ],
    "train_loss": [
        0.8923730850219727,
        0.8082975745201111,
        0.7740733623504639,
        0.755523681640625,
        0.7445900440216064,
        0.7265377640724182,
        0.7115208506584167,
        0.699198842048645,
        0.7129246592521667,
        0.6703701615333557
    ],
    "val_loss": [
        1.265174150466919,
        1.3232334852218628,
        1.281822681427002,
        1.2507554292678833,
        1.2108243703842163,
        1.2394146919250488,
        1.2609283924102783,
        1.225794792175293,
        1.230717658996582,
        1.2362569570541382
    ],
    "communication_cost": 25.957305908203125,
    "size_model": 12.978652954101562
}