{
    "1": {
        "loss": 1.3596994876861572,
        "loss_val": 1.3370184501012168,
        "loss_test": 1.3596994876861572,
        "val_accuracy": 0.5064724932114283,
        "test_accuracy": 0.47896439830462134,
        "test_f1-score": 0.4487115370390097,
        "CV": 0.10575996237355981
    },
    "2": {
        "loss": 1.344823102156321,
        "loss_val": 1.3511070013046262,
        "loss_test": 1.344823102156321,
        "val_accuracy": 0.5129449814558029,
        "test_accuracy": 0.5161812255779902,
        "test_f1-score": 0.49765401683778765,
        "CV": 0.08647719736604724
    },
    "3": {
        "loss": 1.2220291097958882,
        "loss_val": 1.238607128461202,
        "loss_test": 1.2220291097958882,
        "val_accuracy": 0.5582524289687474,
        "test_accuracy": 0.576051781574885,
        "test_f1-score": 0.5609497341190192,
        "CV": 0.04929755416243513
    },
    "4": {
        "loss": 1.1588937640190125,
        "loss_val": 1.1597890059153237,
        "loss_test": 1.1588937640190125,
        "val_accuracy": 0.5889967679977417,
        "test_accuracy": 0.5889967679977417,
        "test_f1-score": 0.5752243923097178,
        "CV": 0.04914436445730643
    },
    "5": {
        "loss": 1.0542900562286375,
        "loss_val": 1.104421575864156,
        "loss_test": 1.0542900562286375,
        "val_accuracy": 0.6229773461818694,
        "test_accuracy": 0.6326860984166462,
        "test_f1-score": 0.6214852307991168,
        "CV": 0.061006961367805354
    }
}