{
    "train_accuracy": [
        0.27405858039855957,
        0.2594142258167267,
        0.357740581035614,
        0.4937238395214081,
        0.5292887091636658,
        0.6004183888435364,
        0.5857740640640259,
        0.5941422581672668,
        0.6025104522705078,
        0.6443514823913574
    ],
    "val_accuracy": [
        0.19417475163936615,
        0.19417475163936615,
        0.27184465527534485,
        0.291262149810791,
        0.41747573018074036,
        0.42718446254730225,
        0.43689319491386414,
        0.4563106894493103,
        0.446601927280426,
        0.4660194218158722
    ],
    "train_loss": [
        1.5840978622436523,
        1.568505048751831,
        1.5315545797348022,
        1.420945644378662,
        1.3034437894821167,
        1.1760895252227783,
        1.1510049104690552,
        1.110150933265686,
        1.0931227207183838,
        1.0440869331359863
    ],
    "val_loss": [
        1.5882415771484375,
        1.581714391708374,
        1.559226632118225,
        1.5712699890136719,
        1.5310720205307007,
        1.5700825452804565,
        1.6072709560394287,
        1.4716967344284058,
        1.5554133653640747,
        1.4646742343902588
    ],
    "communication_cost": 25.957305908203125,
    "size_model": 12.978652954101562
}