{
    "train_accuracy": [
        0.560669481754303,
        0.6004183888435364,
        0.6046025156974792,
        0.6046025156974792,
        0.5983263850212097,
        0.6150627732276917,
        0.6359832882881165,
        0.642259418964386,
        0.6443514823913574,
        0.6380752921104431
    ],
    "val_accuracy": [
        0.4563106894493103,
        0.5242718458175659,
        0.5631067752838135,
        0.446601927280426,
        0.3786407709121704,
        0.5436893105506897,
        0.553398072719574,
        0.5048543810844421,
        0.4660194218158722,
        0.4563106894493103
    ],
    "train_loss": [
        1.122451901435852,
        1.1067250967025757,
        1.0787439346313477,
        1.1000882387161255,
        1.1204400062561035,
        1.1025385856628418,
        1.0099908113479614,
        0.9916564226150513,
        1.005199909210205,
        1.0052897930145264
    ],
    "val_loss": [
        1.3908390998840332,
        1.3596473932266235,
        1.3390156030654907,
        1.4242920875549316,
        1.4776352643966675,
        1.2897870540618896,
        1.2831058502197266,
        1.3560410737991333,
        1.4105961322784424,
        1.409584879875183
    ],
    "communication_cost": 25.957305908203125,
    "size_model": 12.978652954101562
}