{
    "train_accuracy": [
        0.581589937210083,
        0.6046025156974792,
        0.6213389039039612,
        0.6317991614341736,
        0.642259418964386,
        0.6652719378471375,
        0.6589958071708679,
        0.6589958071708679,
        0.6820083856582642,
        0.7071129679679871
    ],
    "val_accuracy": [
        0.42718446254730225,
        0.43689319491386414,
        0.43689319491386414,
        0.42718446254730225,
        0.43689319491386414,
        0.41747573018074036,
        0.42718446254730225,
        0.42718446254730225,
        0.42718446254730225,
        0.42718446254730225
    ],
    "train_loss": [
        1.149855136871338,
        1.0917915105819702,
        1.067140817642212,
        1.044283151626587,
        1.0139762163162231,
        1.013674020767212,
        0.9914590120315552,
        0.9744747281074524,
        0.9358043074607849,
        0.9313371181488037
    ],
    "val_loss": [
        1.5023553371429443,
        1.498358130455017,
        1.5016478300094604,
        1.5157183408737183,
        1.51214599609375,
        1.4841362237930298,
        1.4681633710861206,
        1.5022495985031128,
        1.467976689338684,
        1.4954601526260376
    ],
    "communication_cost": 25.957305908203125,
    "size_model": 12.978652954101562
}