{
    "train_accuracy": [
        0.6736401915550232,
        0.6924686431884766,
        0.6903765797615051,
        0.715481162071228,
        0.7259414196014404,
        0.7092050313949585,
        0.7343096137046814,
        0.7447698712348938,
        0.7887029051780701,
        0.784518837928772
    ],
    "val_accuracy": [
        0.5145630836486816,
        0.5728155374526978,
        0.5339806079864502,
        0.553398072719574,
        0.5728155374526978,
        0.5922330021858215,
        0.5922330021858215,
        0.6116504669189453,
        0.6407766938209534,
        0.6407766938209534
    ],
    "train_loss": [
        0.9141337871551514,
        0.9090179800987244,
        0.9079213738441467,
        0.8694373965263367,
        0.8324744701385498,
        0.8118975758552551,
        0.8113336563110352,
        0.7837682366371155,
        0.7381068468093872,
        0.6933767795562744
    ],
    "val_loss": [
        1.3057576417922974,
        1.228899598121643,
        1.2702362537384033,
        1.2506771087646484,
        1.1706880331039429,
        1.1783236265182495,
        1.1764419078826904,
        1.1044325828552246,
        1.049842119216919,
        1.0676912069320679
    ],
    "communication_cost": 25.957305908203125,
    "size_model": 12.978652954101562
}