{
    "train_accuracy": [
        0.5469728708267212,
        0.5970772504806519,
        0.630480170249939,
        0.6242170929908752,
        0.6367431879043579,
        0.6409185528755188,
        0.6597077250480652,
        0.6764091849327087,
        0.668058454990387,
        0.6764091849327087
    ],
    "val_accuracy": [
        0.553398072719574,
        0.5631067752838135,
        0.5631067752838135,
        0.5631067752838135,
        0.5631067752838135,
        0.5242718458175659,
        0.5728155374526978,
        0.5339806079864502,
        0.5631067752838135,
        0.582524299621582
    ],
    "train_loss": [
        1.183453917503357,
        1.102936029434204,
        1.0611664056777954,
        1.0347331762313843,
        1.0145338773727417,
        0.9773625135421753,
        0.9688976407051086,
        0.9545192122459412,
        0.9455491304397583,
        0.9224075078964233
    ],
    "val_loss": [
        1.248881220817566,
        1.2419514656066895,
        1.2525248527526855,
        1.295210361480713,
        1.2780317068099976,
        1.3104127645492554,
        1.2947876453399658,
        1.3339123725891113,
        1.3277009725570679,
        1.3109092712402344
    ],
    "communication_cost": 25.957305908203125,
    "size_model": 12.978652954101562
}