{
    "train_accuracy": [
        0.7118998169898987,
        0.7139874696731567,
        0.6951983571052551,
        0.7286012768745422,
        0.7390396595001221,
        0.7557411193847656,
        0.7536534667015076,
        0.7640918493270874,
        0.7390396595001221,
        0.7703549265861511
    ],
    "val_accuracy": [
        0.5922330021858215,
        0.6116504669189453,
        0.6504854559898376,
        0.7281553149223328,
        0.6796116232872009,
        0.6699029207229614,
        0.6310679316520691,
        0.6601941585540771,
        0.6893203854560852,
        0.6796116232872009
    ],
    "train_loss": [
        0.8984256386756897,
        0.8617083430290222,
        0.8939107060432434,
        0.8814135789871216,
        0.8209300637245178,
        0.7576358318328857,
        0.7581281065940857,
        0.7961042523384094,
        0.7902340888977051,
        0.7409530282020569
    ],
    "val_loss": [
        1.1945141553878784,
        1.2257996797561646,
        1.0300612449645996,
        0.9518923163414001,
        0.9650579690933228,
        1.0082292556762695,
        1.1214337348937988,
        1.1101975440979004,
        0.9734943509101868,
        0.9283061623573303
    ],
    "communication_cost": 25.957305908203125,
    "size_model": 12.978652954101562
}