{
    "train_accuracy": [
        0.7035490870475769,
        0.7098121047019958,
        0.705636739730835,
        0.7682672142982483,
        0.7578288316726685,
        0.7620041966438293,
        0.7682672142982483,
        0.7933194041252136,
        0.7787056565284729,
        0.8037578463554382
    ],
    "val_accuracy": [
        0.553398072719574,
        0.553398072719574,
        0.582524299621582,
        0.5922330021858215,
        0.5631067752838135,
        0.5728155374526978,
        0.582524299621582,
        0.5922330021858215,
        0.582524299621582,
        0.5922330021858215
    ],
    "train_loss": [
        0.8921915292739868,
        0.8709400296211243,
        0.8412414789199829,
        0.7721796035766602,
        0.7714807391166687,
        0.7566792964935303,
        0.744268000125885,
        0.704145610332489,
        0.7145845890045166,
        0.673699676990509
    ],
    "val_loss": [
        1.187425136566162,
        1.235221266746521,
        1.240522027015686,
        1.2739355564117432,
        1.3024358749389648,
        1.2559733390808105,
        1.2805728912353516,
        1.2925537824630737,
        1.381013035774231,
        1.2995436191558838
    ],
    "communication_cost": 25.957305908203125,
    "size_model": 12.978652954101562
}