{
    "train_accuracy": [
        0.7453027367591858,
        0.7244259119033813,
        0.7411273717880249,
        0.7933194041252136,
        0.7912317514419556,
        0.7954071164131165,
        0.8058454990386963,
        0.8246346712112427,
        0.8100208640098572,
        0.8308976888656616
    ],
    "val_accuracy": [
        0.6019417643547058,
        0.5922330021858215,
        0.553398072719574,
        0.5922330021858215,
        0.5922330021858215,
        0.5631067752838135,
        0.6019417643547058,
        0.5922330021858215,
        0.582524299621582,
        0.5922330021858215
    ],
    "train_loss": [
        0.8423650860786438,
        0.8199558854103088,
        0.7687004804611206,
        0.7137081027030945,
        0.6920774579048157,
        0.6972663998603821,
        0.6607354879379272,
        0.6369950771331787,
        0.6302779912948608,
        0.6068629622459412
    ],
    "val_loss": [
        1.16736900806427,
        1.1442091464996338,
        1.1844069957733154,
        1.2171342372894287,
        1.2373042106628418,
        1.3532209396362305,
        1.284899353981018,
        1.3271986246109009,
        1.4135640859603882,
        1.3976662158966064
    ],
    "communication_cost": 25.957305908203125,
    "size_model": 12.978652954101562
}