{
    "train_accuracy": [
        0.6359832882881165,
        0.6694560647010803,
        0.6527196764945984,
        0.6861924529075623,
        0.6945606470108032,
        0.6861924529075623,
        0.6757321953773499,
        0.6861924529075623,
        0.6966527104377747,
        0.6903765797615051
    ],
    "val_accuracy": [
        0.5728155374526978,
        0.6504854559898376,
        0.6213592290878296,
        0.6310679316520691,
        0.6019417643547058,
        0.6116504669189453,
        0.6019417643547058,
        0.5339806079864502,
        0.5242718458175659,
        0.553398072719574
    ],
    "train_loss": [
        1.0119283199310303,
        0.9927076101303101,
        0.960830807685852,
        0.9419862627983093,
        0.9210638999938965,
        0.9180771112442017,
        0.9221476316452026,
        0.9514741897583008,
        0.9381392002105713,
        0.9185201525688171
    ],
    "val_loss": [
        1.2143076658248901,
        1.1750316619873047,
        1.1929335594177246,
        1.1518090963363647,
        1.174041509628296,
        1.1708754301071167,
        1.1750046014785767,
        1.2509338855743408,
        1.3009997606277466,
        1.2476000785827637
    ],
    "communication_cost": 25.957305908203125,
    "size_model": 12.978652954101562
}