{
    "train_accuracy": [
        0.2505219280719757,
        0.2922755777835846,
        0.4154488444328308,
        0.46346554160118103,
        0.4718162715435028,
        0.5135699510574341,
        0.5427975058555603,
        0.5615866184234619,
        0.5782880783081055,
        0.5866388082504272
    ],
    "val_accuracy": [
        0.3106796145439148,
        0.40776699781417847,
        0.5339806079864502,
        0.5048543810844421,
        0.5048543810844421,
        0.5145630836486816,
        0.582524299621582,
        0.5728155374526978,
        0.5728155374526978,
        0.5922330021858215
    ],
    "train_loss": [
        1.587736964225769,
        1.576403021812439,
        1.5507267713546753,
        1.4671659469604492,
        1.3000332117080688,
        1.2197316884994507,
        1.1700884103775024,
        1.1701103448867798,
        1.1178804636001587,
        1.1017358303070068
    ],
    "val_loss": [
        1.5833719968795776,
        1.572011947631836,
        1.536717414855957,
        1.4319591522216797,
        1.3263859748840332,
        1.2660913467407227,
        1.1909345388412476,
        1.2231051921844482,
        1.1781084537506104,
        1.1805484294891357
    ],
    "communication_cost": 25.957305908203125,
    "size_model": 12.978652954101562
}