{
    "train_accuracy": [
        0.6701461672782898,
        0.6638830900192261,
        0.6471816301345825,
        0.6555323600769043,
        0.7118998169898987,
        0.6951983571052551,
        0.705636739730835,
        0.7139874696731567,
        0.7160751819610596,
        0.7348642945289612
    ],
    "val_accuracy": [
        0.553398072719574,
        0.5922330021858215,
        0.6213592290878296,
        0.708737850189209,
        0.6601941585540771,
        0.6310679316520691,
        0.6699029207229614,
        0.6699029207229614,
        0.6796116232872009,
        0.6893203854560852
    ],
    "train_loss": [
        0.992364764213562,
        0.9626348614692688,
        1.0373224020004272,
        1.0095031261444092,
        0.9232020974159241,
        0.8823850750923157,
        0.902499258518219,
        0.9162699580192566,
        0.8811823725700378,
        0.8363344073295593
    ],
    "val_loss": [
        1.261223554611206,
        1.2436375617980957,
        1.0915577411651611,
        1.0664076805114746,
        1.0650696754455566,
        1.0640157461166382,
        1.0755386352539062,
        1.0304404497146606,
        1.01390540599823,
        0.9913585782051086
    ],
    "communication_cost": 25.957305908203125,
    "size_model": 12.978652954101562
}