{
    "train_accuracy": [
        0.27855151891708374,
        0.31197771430015564,
        0.32311978936195374,
        0.36768803000450134,
        0.38997215032577515,
        0.4623955488204956,
        0.523676872253418,
        0.5849581956863403,
        0.6295264363288879,
        0.6295264363288879
    ],
    "val_accuracy": [
        0.27272728085517883,
        0.27272728085517883,
        0.3896103799343109,
        0.4025973975658417,
        0.4545454680919647,
        0.4935064911842346,
        0.4285714328289032,
        0.4285714328289032,
        0.48051947355270386,
        0.48051947355270386
    ],
    "train_loss": [
        1.587697982788086,
        1.5745503902435303,
        1.567729115486145,
        1.545622706413269,
        1.517832636833191,
        1.436254858970642,
        1.3258390426635742,
        1.177305817604065,
        1.1186751127243042,
        1.0537927150726318
    ],
    "val_loss": [
        1.5817031860351562,
        1.5749638080596924,
        1.5679792165756226,
        1.553816318511963,
        1.5229473114013672,
        1.4545294046401978,
        1.453134298324585,
        1.4909213781356812,
        1.4533321857452393,
        1.4559189081192017
    ],
    "communication_cost": 25.957305908203125,
    "size_model": 12.978652954101562
}