{
    "train_accuracy": [
        0.632311999797821,
        0.621169924736023,
        0.6573815941810608,
        0.6740947365760803,
        0.6852367520332336,
        0.7130919098854065,
        0.7019498348236084,
        0.7186629772186279,
        0.7493036389350891,
        0.7437325716018677
    ],
    "val_accuracy": [
        0.4545454680919647,
        0.44155845046043396,
        0.44155845046043396,
        0.4545454680919647,
        0.48051947355270386,
        0.48051947355270386,
        0.48051947355270386,
        0.4545454680919647,
        0.48051947355270386,
        0.44155845046043396
    ],
    "train_loss": [
        1.126876950263977,
        1.0565767288208008,
        0.9705567359924316,
        0.9221085906028748,
        0.9183568954467773,
        0.8921157717704773,
        0.8596353530883789,
        0.8599227666854858,
        0.807172954082489,
        0.7907896041870117
    ],
    "val_loss": [
        1.3629130125045776,
        1.423245906829834,
        1.5288716554641724,
        1.5966835021972656,
        1.6048647165298462,
        1.6171627044677734,
        1.6577963829040527,
        1.7041276693344116,
        1.611050009727478,
        1.76576828956604
    ],
    "communication_cost": 25.957305908203125,
    "size_model": 12.978652954101562
}