{
    "train_accuracy": [
        0.29247909784317017,
        0.38161560893058777,
        0.41225627064704895,
        0.4289693534374237,
        0.4596100151538849,
        0.5320334434509277,
        0.5766016840934753,
        0.6072423458099365,
        0.6434540152549744,
        0.6629526615142822
    ],
    "val_accuracy": [
        0.3246753215789795,
        0.33766233921051025,
        0.350649356842041,
        0.33766233921051025,
        0.4025973975658417,
        0.4025973975658417,
        0.4285714328289032,
        0.48051947355270386,
        0.3896103799343109,
        0.4285714328289032
    ],
    "train_loss": [
        1.5864717960357666,
        1.57107675075531,
        1.5444755554199219,
        1.4922600984573364,
        1.389303207397461,
        1.2770811319351196,
        1.1676863431930542,
        1.1124112606048584,
        1.0591005086898804,
        1.0039477348327637
    ],
    "val_loss": [
        1.5798859596252441,
        1.575011134147644,
        1.5513638257980347,
        1.504976511001587,
        1.4258739948272705,
        1.4218089580535889,
        1.4066500663757324,
        1.3359700441360474,
        1.453294038772583,
        1.4061145782470703
    ],
    "communication_cost": 25.957305908203125,
    "size_model": 12.978652954101562
}