{
    "train_accuracy": [
        0.6629526615142822,
        0.6908078193664551,
        0.7353760600090027,
        0.7242339849472046,
        0.7493036389350891,
        0.7632312178611755,
        0.7799443006515503,
        0.7883008122444153,
        0.7994428873062134,
        0.8077994585037231
    ],
    "val_accuracy": [
        0.48051947355270386,
        0.4935064911842346,
        0.5324675440788269,
        0.5454545617103577,
        0.4935064911842346,
        0.48051947355270386,
        0.5194805264472961,
        0.4935064911842346,
        0.5064935088157654,
        0.5194805264472961
    ],
    "train_loss": [
        1.0440566539764404,
        0.9414790868759155,
        0.8144097924232483,
        0.7970415949821472,
        0.7674093842506409,
        0.7313557863235474,
        0.7357264161109924,
        0.7112071514129639,
        0.6776108741760254,
        0.6596587300300598
    ],
    "val_loss": [
        1.5495307445526123,
        1.5218271017074585,
        1.3904365301132202,
        1.3589715957641602,
        1.5181124210357666,
        1.5974159240722656,
        1.522369623184204,
        1.5727988481521606,
        1.5460937023162842,
        1.5708117485046387
    ],
    "communication_cost": 25.957305908203125,
    "size_model": 12.978652954101562
}