{
    "train_accuracy": [
        0.6963788270950317,
        0.7548746466636658,
        0.7883008122444153,
        0.785515308380127,
        0.7660167217254639,
        0.7827298045158386,
        0.8217270374298096,
        0.835654616355896,
        0.8551532030105591,
        0.835654616355896
    ],
    "val_accuracy": [
        0.649350643157959,
        0.6233766078948975,
        0.5454545617103577,
        0.5064935088157654,
        0.5324675440788269,
        0.5584415793418884,
        0.5584415793418884,
        0.5584415793418884,
        0.5584415793418884,
        0.5844155550003052
    ],
    "train_loss": [
        0.9591814875602722,
        0.8020833730697632,
        0.7762900590896606,
        0.7631915807723999,
        0.7506693601608276,
        0.6953058838844299,
        0.6357502341270447,
        0.6070019602775574,
        0.5954068303108215,
        0.6005526781082153
    ],
    "val_loss": [
        1.0232712030410767,
        1.0838513374328613,
        1.1779747009277344,
        1.2370141744613647,
        1.17237389087677,
        1.1516941785812378,
        1.1658538579940796,
        1.2032432556152344,
        1.223976969718933,
        1.2010881900787354
    ],
    "communication_cost": 25.957305908203125,
    "size_model": 12.978652954101562
}