{
    "train_accuracy": [
        0.5933147668838501,
        0.6490250825881958,
        0.6768802404403687,
        0.6740947365760803,
        0.7214484810829163,
        0.7130919098854065,
        0.7186629772186279,
        0.738161563873291,
        0.7493036389350891,
        0.7520891427993774
    ],
    "val_accuracy": [
        0.5454545617103577,
        0.41558441519737244,
        0.4285714328289032,
        0.4545454680919647,
        0.44155845046043396,
        0.4285714328289032,
        0.4285714328289032,
        0.44155845046043396,
        0.4545454680919647,
        0.4675324559211731
    ],
    "train_loss": [
        1.1568013429641724,
        1.071782112121582,
        0.9795281291007996,
        0.9533476233482361,
        0.8841354846954346,
        0.8754691481590271,
        0.8835983872413635,
        0.8276545405387878,
        0.8286852836608887,
        0.7851065993309021
    ],
    "val_loss": [
        1.175186038017273,
        1.3916021585464478,
        1.3897655010223389,
        1.357507348060608,
        1.4009214639663696,
        1.4196898937225342,
        1.4595156908035278,
        1.4359005689620972,
        1.4536802768707275,
        1.3906652927398682
    ],
    "communication_cost": 25.957305908203125,
    "size_model": 12.978652954101562
}