{
    "train_accuracy": [
        0.582172691822052,
        0.5877437591552734,
        0.6601671576499939,
        0.6573815941810608,
        0.6657381653785706,
        0.6740947365760803,
        0.7019498348236084,
        0.7075209021568298,
        0.7019498348236084,
        0.7270194888114929
    ],
    "val_accuracy": [
        0.5714285969734192,
        0.5454545617103577,
        0.5454545617103577,
        0.5584415793418884,
        0.5454545617103577,
        0.5454545617103577,
        0.5324675440788269,
        0.5194805264472961,
        0.5324675440788269,
        0.5194805264472961
    ],
    "train_loss": [
        1.1704444885253906,
        1.1052485704421997,
        1.0328131914138794,
        0.9848165512084961,
        0.9761250615119934,
        0.9432082176208496,
        0.9130993485450745,
        0.8905560374259949,
        0.8737401366233826,
        0.8499956727027893
    ],
    "val_loss": [
        1.3614728450775146,
        1.361049771308899,
        1.416277527809143,
        1.467787742614746,
        1.5160466432571411,
        1.5567502975463867,
        1.58268404006958,
        1.6364643573760986,
        1.645072102546692,
        1.662461280822754
    ],
    "communication_cost": 25.957305908203125,
    "size_model": 12.978652954101562
}