{
    "train_accuracy": [
        0.6545960903167725,
        0.6629526615142822,
        0.6991643309593201,
        0.6768802404403687,
        0.6908078193664551,
        0.7075209021568298,
        0.7242339849472046,
        0.7409470677375793,
        0.7576601505279541,
        0.7743732333183289
    ],
    "val_accuracy": [
        0.44155845046043396,
        0.4025973975658417,
        0.4285714328289032,
        0.4285714328289032,
        0.4675324559211731,
        0.44155845046043396,
        0.4675324559211731,
        0.4545454680919647,
        0.4935064911842346,
        0.4545454680919647
    ],
    "train_loss": [
        1.0600495338439941,
        0.9987707734107971,
        0.9365432262420654,
        0.9272294044494629,
        0.8759023547172546,
        0.8834681510925293,
        0.8523541688919067,
        0.8189985156059265,
        0.7740057110786438,
        0.7909771203994751
    ],
    "val_loss": [
        1.4854196310043335,
        1.5781913995742798,
        1.603168249130249,
        1.5364222526550293,
        1.5083543062210083,
        1.571974277496338,
        1.537287950515747,
        1.576607584953308,
        1.5229811668395996,
        1.6334210634231567
    ],
    "communication_cost": 25.957305908203125,
    "size_model": 12.978652954101562
}