{
    "train_accuracy": [
        0.5543175339698792,
        0.543175458908081,
        0.6378830075263977,
        0.6267409324645996,
        0.6657381653785706,
        0.6629526615142822,
        0.6545960903167725,
        0.7019498348236084,
        0.6852367520332336,
        0.6908078193664551
    ],
    "val_accuracy": [
        0.4675324559211731,
        0.44155845046043396,
        0.48051947355270386,
        0.4545454680919647,
        0.4675324559211731,
        0.4675324559211731,
        0.4935064911842346,
        0.48051947355270386,
        0.4935064911842346,
        0.4675324559211731
    ],
    "train_loss": [
        1.2191030979156494,
        1.1436488628387451,
        1.0369762182235718,
        1.0329889059066772,
        1.0044313669204712,
        0.9639585614204407,
        0.9592844247817993,
        0.9159851670265198,
        0.9098038077354431,
        0.8836869597434998
    ],
    "val_loss": [
        1.3439199924468994,
        1.4362879991531372,
        1.3990346193313599,
        1.485385537147522,
        1.4854631423950195,
        1.5306761264801025,
        1.490417718887329,
        1.5479748249053955,
        1.5256232023239136,
        1.6038951873779297
    ],
    "communication_cost": 25.957305908203125,
    "size_model": 12.978652954101562
}