{
    "train_accuracy": [
        0.6434540152549744,
        0.6378830075263977,
        0.7632312178611755,
        0.7548746466636658,
        0.7799443006515503,
        0.7910863757133484,
        0.7883008122444153,
        0.777158796787262,
        0.8050139546394348,
        0.8189415335655212
    ],
    "val_accuracy": [
        0.5844155550003052,
        0.4675324559211731,
        0.5844155550003052,
        0.5324675440788269,
        0.5064935088157654,
        0.5064935088157654,
        0.5194805264472961,
        0.5064935088157654,
        0.5064935088157654,
        0.5194805264472961
    ],
    "train_loss": [
        1.1060078144073486,
        0.9623503088951111,
        0.8726418018341064,
        0.8029537200927734,
        0.7820394039154053,
        0.7749956846237183,
        0.7493484020233154,
        0.7390051484107971,
        0.7149807214736938,
        0.6895883083343506
    ],
    "val_loss": [
        1.06740140914917,
        1.3259665966033936,
        1.0778992176055908,
        1.1442337036132812,
        1.2058143615722656,
        1.2376765012741089,
        1.2453340291976929,
        1.2642388343811035,
        1.2981981039047241,
        1.2548060417175293
    ],
    "communication_cost": 25.957305908203125,
    "size_model": 12.978652954101562
}