{
    "train_accuracy": [
        0.5598886013031006,
        0.6072423458099365,
        0.6629526615142822,
        0.6518105864524841,
        0.7103064060211182,
        0.7019498348236084,
        0.7075209021568298,
        0.7047353982925415,
        0.7298049926757812,
        0.7298049926757812
    ],
    "val_accuracy": [
        0.41558441519737244,
        0.4025973975658417,
        0.3896103799343109,
        0.3896103799343109,
        0.3896103799343109,
        0.4025973975658417,
        0.41558441519737244,
        0.3896103799343109,
        0.3896103799343109,
        0.4025973975658417
    ],
    "train_loss": [
        1.2007489204406738,
        1.1070688962936401,
        1.0254344940185547,
        1.0122194290161133,
        0.9567282199859619,
        0.9512969851493835,
        0.9346480965614319,
        0.9171884059906006,
        0.8937472105026245,
        0.8486099243164062
    ],
    "val_loss": [
        1.4266542196273804,
        1.496217131614685,
        1.5206105709075928,
        1.5956153869628906,
        1.6069979667663574,
        1.5966463088989258,
        1.5892583131790161,
        1.6070990562438965,
        1.7079228162765503,
        1.6204842329025269
    ],
    "communication_cost": 25.957305908203125,
    "size_model": 12.978652954101562
}