{
    "train_accuracy": [
        0.6824512481689453,
        0.7298049926757812,
        0.7325905561447144,
        0.7047353982925415,
        0.7353760600090027,
        0.7325905561447144,
        0.7632312178611755,
        0.796657383441925,
        0.7688022255897522,
        0.796657383441925
    ],
    "val_accuracy": [
        0.5974025726318359,
        0.5714285969734192,
        0.5714285969734192,
        0.5194805264472961,
        0.5194805264472961,
        0.5194805264472961,
        0.5974025726318359,
        0.6103895902633667,
        0.5844155550003052,
        0.5974025726318359
    ],
    "train_loss": [
        0.9611077904701233,
        0.8383108377456665,
        0.8353844285011292,
        0.867706298828125,
        0.838784396648407,
        0.8329045176506042,
        0.7708985805511475,
        0.7331312894821167,
        0.7083017230033875,
        0.6788382530212402
    ],
    "val_loss": [
        1.1300102472305298,
        1.1401900053024292,
        1.1898717880249023,
        1.260656714439392,
        1.297521710395813,
        1.2728326320648193,
        1.2015528678894043,
        1.2220228910446167,
        1.2563515901565552,
        1.2727153301239014
    ],
    "communication_cost": 25.957305908203125,
    "size_model": 12.978652954101562
}