{
    "train_accuracy": [
        0.6072423458099365,
        0.6935933232307434,
        0.688022255897522,
        0.7242339849472046,
        0.6935933232307434,
        0.6908078193664551,
        0.7298049926757812,
        0.7353760600090027,
        0.7409470677375793,
        0.7409470677375793
    ],
    "val_accuracy": [
        0.5844155550003052,
        0.5584415793418884,
        0.5324675440788269,
        0.5454545617103577,
        0.4935064911842346,
        0.5324675440788269,
        0.5194805264472961,
        0.5194805264472961,
        0.5194805264472961,
        0.48051947355270386
    ],
    "train_loss": [
        1.1460689306259155,
        0.9506676197052002,
        0.9154581427574158,
        0.894345760345459,
        0.876139760017395,
        0.8930814266204834,
        0.849201500415802,
        0.8159806132316589,
        0.8000574707984924,
        0.8090261220932007
    ],
    "val_loss": [
        1.2189784049987793,
        1.263335943222046,
        1.3127379417419434,
        1.369895100593567,
        1.4834283590316772,
        1.4332199096679688,
        1.47444748878479,
        1.498223066329956,
        1.4903348684310913,
        1.5421805381774902
    ],
    "communication_cost": 25.957305908203125,
    "size_model": 12.978652954101562
}