{
    "train_accuracy": [
        0.6852367520332336,
        0.7632312178611755,
        0.7688022255897522,
        0.7743732333183289,
        0.7938718795776367,
        0.7910863757133484,
        0.8300835490226746,
        0.835654616355896,
        0.8384401202201843,
        0.8523676991462708
    ],
    "val_accuracy": [
        0.6753246784210205,
        0.6753246784210205,
        0.649350643157959,
        0.6103895902633667,
        0.6623376607894897,
        0.6753246784210205,
        0.6623376607894897,
        0.649350643157959,
        0.6753246784210205,
        0.6753246784210205
    ],
    "train_loss": [
        0.9327616095542908,
        0.7959215641021729,
        0.7870619297027588,
        0.7549269199371338,
        0.7026748061180115,
        0.6856070160865784,
        0.6538082361221313,
        0.6217667460441589,
        0.603606104850769,
        0.5707991719245911
    ],
    "val_loss": [
        0.9636799097061157,
        0.957017183303833,
        1.066788911819458,
        1.1205564737319946,
        1.0760369300842285,
        1.0321617126464844,
        1.0431463718414307,
        1.0595899820327759,
        1.052543044090271,
        1.0940399169921875
    ],
    "communication_cost": 25.957305908203125,
    "size_model": 12.978652954101562
}