{
    "train_accuracy": [
        0.5376044511795044,
        0.6239554286003113,
        0.6434540152549744,
        0.6657381653785706,
        0.6573815941810608,
        0.6908078193664551,
        0.7158774137496948,
        0.7242339849472046,
        0.7520891427993774,
        0.7520891427993774
    ],
    "val_accuracy": [
        0.350649356842041,
        0.4025973975658417,
        0.4025973975658417,
        0.3896103799343109,
        0.41558441519737244,
        0.350649356842041,
        0.3636363744735718,
        0.37662336230278015,
        0.3896103799343109,
        0.3896103799343109
    ],
    "train_loss": [
        1.237971544265747,
        1.144335389137268,
        1.0754393339157104,
        1.0225328207015991,
        1.0114017724990845,
        0.9723738431930542,
        0.9542971849441528,
        0.9155156016349792,
        0.8794533610343933,
        0.8672014474868774
    ],
    "val_loss": [
        1.461452603340149,
        1.4933973550796509,
        1.5428093671798706,
        1.6548153162002563,
        1.68184494972229,
        1.7586050033569336,
        1.7965196371078491,
        1.8010358810424805,
        1.8164795637130737,
        1.9029014110565186
    ],
    "communication_cost": 25.957305908203125,
    "size_model": 12.978652954101562
}