{
    "train_accuracy": [
        0.7270194888114929,
        0.7576601505279541,
        0.7604456543922424,
        0.7994428873062134,
        0.8105849623680115,
        0.8022283911705017,
        0.8217270374298096,
        0.835654616355896,
        0.8523676991462708,
        0.8245125412940979
    ],
    "val_accuracy": [
        0.5064935088157654,
        0.5064935088157654,
        0.4935064911842346,
        0.5194805264472961,
        0.5194805264472961,
        0.5194805264472961,
        0.5194805264472961,
        0.5194805264472961,
        0.5454545617103577,
        0.5454545617103577
    ],
    "train_loss": [
        0.8473814129829407,
        0.7954626083374023,
        0.7570623755455017,
        0.7006191611289978,
        0.690522313117981,
        0.6538389325141907,
        0.6243498921394348,
        0.5983963012695312,
        0.5747381448745728,
        0.5703907012939453
    ],
    "val_loss": [
        1.4320636987686157,
        1.4810847043991089,
        1.5386989116668701,
        1.5110658407211304,
        1.4629437923431396,
        1.5191303491592407,
        1.4831827878952026,
        1.5078651905059814,
        1.502095103263855,
        1.4414769411087036
    ],
    "communication_cost": 25.957305908203125,
    "size_model": 12.978652954101562
}