{
    "train_accuracy": [
        0.543175458908081,
        0.632311999797821,
        0.6350975036621094,
        0.6963788270950317,
        0.688022255897522,
        0.7047353982925415,
        0.7075209021568298,
        0.7270194888114929,
        0.7242339849472046,
        0.7576601505279541
    ],
    "val_accuracy": [
        0.5584415793418884,
        0.5324675440788269,
        0.5584415793418884,
        0.5454545617103577,
        0.5584415793418884,
        0.5324675440788269,
        0.5324675440788269,
        0.5194805264472961,
        0.5454545617103577,
        0.5454545617103577
    ],
    "train_loss": [
        1.2314374446868896,
        1.0928677320480347,
        1.0506408214569092,
        0.9833595752716064,
        0.9465673565864563,
        0.9183511137962341,
        0.9115968942642212,
        0.8762754201889038,
        0.8454829454421997,
        0.8176606893539429
    ],
    "val_loss": [
        1.2236573696136475,
        1.2434155941009521,
        1.2874151468276978,
        1.3094635009765625,
        1.2944250106811523,
        1.3619108200073242,
        1.3116403818130493,
        1.369504451751709,
        1.3350352048873901,
        1.329575538635254
    ],
    "communication_cost": 25.957305908203125,
    "size_model": 12.978652954101562
}