{
    "train_accuracy": [
        0.4818941652774811,
        0.573816180229187,
        0.582172691822052,
        0.6072423458099365,
        0.6239554286003113,
        0.6239554286003113,
        0.6713091731071472,
        0.6824512481689453,
        0.6824512481689453,
        0.7103064060211182
    ],
    "val_accuracy": [
        0.4935064911842346,
        0.4675324559211731,
        0.48051947355270386,
        0.48051947355270386,
        0.4935064911842346,
        0.5064935088157654,
        0.5064935088157654,
        0.4935064911842346,
        0.48051947355270386,
        0.48051947355270386
    ],
    "train_loss": [
        1.2889305353164673,
        1.2200132608413696,
        1.141676902770996,
        1.1184931993484497,
        1.0649967193603516,
        1.0478017330169678,
        1.0176846981048584,
        0.9899315237998962,
        0.975192666053772,
        0.9400773048400879
    ],
    "val_loss": [
        1.4217020273208618,
        1.4497967958450317,
        1.4643988609313965,
        1.4655042886734009,
        1.4753459692001343,
        1.478542447090149,
        1.5196188688278198,
        1.5439156293869019,
        1.552762508392334,
        1.6307061910629272
    ],
    "communication_cost": 25.957305908203125,
    "size_model": 12.978652954101562
}