{
    "train_accuracy": [
        0.632311999797821,
        0.7242339849472046,
        0.6963788270950317,
        0.7465181350708008,
        0.7688022255897522,
        0.7827298045158386,
        0.7715877294540405,
        0.7743732333183289,
        0.796657383441925,
        0.8077994585037231
    ],
    "val_accuracy": [
        0.6623376607894897,
        0.701298713684082,
        0.6363636255264282,
        0.6103895902633667,
        0.6103895902633667,
        0.6103895902633667,
        0.5974025726318359,
        0.6103895902633667,
        0.5974025726318359,
        0.5974025726318359
    ],
    "train_loss": [
        1.0430409908294678,
        0.9030085206031799,
        0.8593583106994629,
        0.8145449161529541,
        0.7799091935157776,
        0.7435322403907776,
        0.7311263084411621,
        0.7119494080543518,
        0.6768813133239746,
        0.6521524786949158
    ],
    "val_loss": [
        1.1155757904052734,
        1.0673071146011353,
        1.175400733947754,
        1.2014533281326294,
        1.2122231721878052,
        1.2121104001998901,
        1.2352186441421509,
        1.2247614860534668,
        1.2943577766418457,
        1.2196227312088013
    ],
    "communication_cost": 25.957305908203125,
    "size_model": 12.978652954101562
}