{
    "train_accuracy": [
        0.6852367520332336,
        0.6963788270950317,
        0.7075209021568298,
        0.7688022255897522,
        0.7799443006515503,
        0.7743732333183289,
        0.8105849623680115,
        0.7938718795776367,
        0.7994428873062134,
        0.835654616355896
    ],
    "val_accuracy": [
        0.44155845046043396,
        0.48051947355270386,
        0.4545454680919647,
        0.4675324559211731,
        0.4675324559211731,
        0.4675324559211731,
        0.4545454680919647,
        0.4675324559211731,
        0.4545454680919647,
        0.4935064911842346
    ],
    "train_loss": [
        0.9773370623588562,
        0.9073653817176819,
        0.8610291481018066,
        0.8302910923957825,
        0.7797049283981323,
        0.7478879690170288,
        0.7200589179992676,
        0.6937770843505859,
        0.7019021511077881,
        0.615129292011261
    ],
    "val_loss": [
        1.5749436616897583,
        1.6411598920822144,
        1.599497675895691,
        1.587491512298584,
        1.6598014831542969,
        1.5945496559143066,
        1.8094291687011719,
        1.7096015214920044,
        1.9236359596252441,
        1.6931891441345215
    ],
    "communication_cost": 25.957305908203125,
    "size_model": 12.978652954101562
}