{
    "train_accuracy": [
        0.5766016840934753,
        0.6128133535385132,
        0.6350975036621094,
        0.6183844208717346,
        0.6601671576499939,
        0.6740947365760803,
        0.6629526615142822,
        0.7047353982925415,
        0.7019498348236084,
        0.7103064060211182
    ],
    "val_accuracy": [
        0.48051947355270386,
        0.48051947355270386,
        0.48051947355270386,
        0.5064935088157654,
        0.5194805264472961,
        0.5194805264472961,
        0.5194805264472961,
        0.5194805264472961,
        0.5194805264472961,
        0.5194805264472961
    ],
    "train_loss": [
        1.1672643423080444,
        1.0474647283554077,
        1.0215790271759033,
        0.9824948310852051,
        0.9573781490325928,
        0.9100658893585205,
        0.9206046462059021,
        0.8877418041229248,
        0.857427716255188,
        0.8201839923858643
    ],
    "val_loss": [
        1.423277497291565,
        1.482351303100586,
        1.517901062965393,
        1.5285383462905884,
        1.5275661945343018,
        1.5805283784866333,
        1.5303244590759277,
        1.535999059677124,
        1.4636141061782837,
        1.5974535942077637
    ],
    "communication_cost": 25.957305908203125,
    "size_model": 12.978652954101562
}