{
    "train_accuracy": [
        0.2506963908672333,
        0.3286907970905304,
        0.33704736828804016,
        0.33426183462142944,
        0.4094707667827606,
        0.4261838495731354,
        0.4623955488204956,
        0.543175458908081,
        0.543175458908081,
        0.5654596090316772
    ],
    "val_accuracy": [
        0.2467532455921173,
        0.25974026322364807,
        0.33766233921051025,
        0.4025973975658417,
        0.5194805264472961,
        0.4935064911842346,
        0.5064935088157654,
        0.4935064911842346,
        0.5064935088157654,
        0.4935064911842346
    ],
    "train_loss": [
        1.5872917175292969,
        1.5745455026626587,
        1.5630581378936768,
        1.541926383972168,
        1.498279333114624,
        1.4416767358779907,
        1.3721473217010498,
        1.26796293258667,
        1.2050974369049072,
        1.1638621091842651
    ],
    "val_loss": [
        1.5855586528778076,
        1.578672170639038,
        1.5687259435653687,
        1.5470702648162842,
        1.4986302852630615,
        1.4367789030075073,
        1.3958581686019897,
        1.3829666376113892,
        1.3820215463638306,
        1.3859635591506958
    ],
    "communication_cost": 25.957305908203125,
    "size_model": 12.978652954101562
}