{
    "train_accuracy": [
        0.2506963908672333,
        0.3621169924736023,
        0.3064066767692566,
        0.4150417745113373,
        0.417827308177948,
        0.470752090215683,
        0.5598886013031006,
        0.5710306167602539,
        0.6100278496742249,
        0.6350975036621094
    ],
    "val_accuracy": [
        0.20779220759868622,
        0.31168830394744873,
        0.2857142984867096,
        0.3636363744735718,
        0.5064935088157654,
        0.41558441519737244,
        0.41558441519737244,
        0.48051947355270386,
        0.4545454680919647,
        0.48051947355270386
    ],
    "train_loss": [
        1.586577296257019,
        1.5731886625289917,
        1.55961012840271,
        1.5240740776062012,
        1.4542104005813599,
        1.3554308414459229,
        1.2477405071258545,
        1.1850290298461914,
        1.0921915769577026,
        1.0461546182632446
    ],
    "val_loss": [
        1.5851038694381714,
        1.5780740976333618,
        1.5651711225509644,
        1.5348650217056274,
        1.4618191719055176,
        1.4402238130569458,
        1.474493145942688,
        1.3619022369384766,
        1.4286202192306519,
        1.4914084672927856
    ],
    "communication_cost": 25.957305908203125,
    "size_model": 12.978652954101562
}