{
    "train_accuracy": [
        0.6657381653785706,
        0.7437325716018677,
        0.785515308380127,
        0.796657383441925,
        0.7883008122444153,
        0.796657383441925,
        0.8050139546394348,
        0.8384401202201843,
        0.8635097742080688,
        0.8607242107391357
    ],
    "val_accuracy": [
        0.5454545617103577,
        0.5714285969734192,
        0.5584415793418884,
        0.5714285969734192,
        0.5584415793418884,
        0.5584415793418884,
        0.5584415793418884,
        0.5454545617103577,
        0.5454545617103577,
        0.5714285969734192
    ],
    "train_loss": [
        0.9612008333206177,
        0.7845949530601501,
        0.7456235885620117,
        0.7056126594543457,
        0.6826949119567871,
        0.6455760598182678,
        0.615115761756897,
        0.5937235951423645,
        0.5497438311576843,
        0.538008987903595
    ],
    "val_loss": [
        1.2781108617782593,
        1.2567650079727173,
        1.2574583292007446,
        1.2888240814208984,
        1.3632826805114746,
        1.3978058099746704,
        1.4065583944320679,
        1.4697521924972534,
        1.4653394222259521,
        1.4713454246520996
    ],
    "communication_cost": 25.957305908203125,
    "size_model": 12.978652954101562
}