{
    "train_accuracy": [
        0.6490250825881958,
        0.679665744304657,
        0.6991643309593201,
        0.7325905561447144,
        0.7130919098854065,
        0.7437325716018677,
        0.7353760600090027,
        0.7660167217254639,
        0.7910863757133484,
        0.8077994585037231
    ],
    "val_accuracy": [
        0.5324675440788269,
        0.5324675440788269,
        0.5454545617103577,
        0.5324675440788269,
        0.5324675440788269,
        0.5194805264472961,
        0.5324675440788269,
        0.5194805264472961,
        0.5064935088157654,
        0.5064935088157654
    ],
    "train_loss": [
        1.0114390850067139,
        0.9604688286781311,
        0.8907452821731567,
        0.8615407943725586,
        0.8409711122512817,
        0.807470440864563,
        0.8040861487388611,
        0.742480456829071,
        0.7192093133926392,
        0.6987948417663574
    ],
    "val_loss": [
        1.4525734186172485,
        1.4991024732589722,
        1.5557047128677368,
        1.6509495973587036,
        1.7628694772720337,
        1.7472389936447144,
        1.767233967781067,
        1.856428623199463,
        1.9373854398727417,
        1.9839797019958496
    ],
    "communication_cost": 25.957305908203125,
    "size_model": 12.978652954101562
}