{
    "train_accuracy": [
        0.5933147668838501,
        0.6518105864524841,
        0.6740947365760803,
        0.679665744304657,
        0.7047353982925415,
        0.7103064060211182,
        0.7409470677375793,
        0.7660167217254639,
        0.7270194888114929,
        0.7437325716018677
    ],
    "val_accuracy": [
        0.6753246784210205,
        0.649350643157959,
        0.5844155550003052,
        0.5454545617103577,
        0.5324675440788269,
        0.5454545617103577,
        0.5454545617103577,
        0.5584415793418884,
        0.5454545617103577,
        0.5454545617103577
    ],
    "train_loss": [
        1.102184534072876,
        0.9831860661506653,
        0.9478001594543457,
        0.8860459327697754,
        0.8675647377967834,
        0.8519905805587769,
        0.8031704425811768,
        0.7886834740638733,
        0.8024219870567322,
        0.785387396812439
    ],
    "val_loss": [
        1.1051791906356812,
        1.1603443622589111,
        1.2325618267059326,
        1.2515100240707397,
        1.2968429327011108,
        1.2770429849624634,
        1.3017429113388062,
        1.2792476415634155,
        1.3481286764144897,
        1.3602681159973145
    ],
    "communication_cost": 25.957305908203125,
    "size_model": 12.978652954101562
}