{
    "train_accuracy": [
        0.679665744304657,
        0.6824512481689453,
        0.7103064060211182,
        0.7186629772186279,
        0.7270194888114929,
        0.738161563873291,
        0.7548746466636658,
        0.7325905561447144,
        0.7743732333183289,
        0.7688022255897522
    ],
    "val_accuracy": [
        0.5064935088157654,
        0.4935064911842346,
        0.5064935088157654,
        0.5064935088157654,
        0.5064935088157654,
        0.5064935088157654,
        0.5584415793418884,
        0.5064935088157654,
        0.5714285969734192,
        0.5584415793418884
    ],
    "train_loss": [
        1.014517903327942,
        0.927001953125,
        0.8856167793273926,
        0.8814371824264526,
        0.8294623494148254,
        0.8184801936149597,
        0.7744572758674622,
        0.7879185676574707,
        0.7307005524635315,
        0.7516956329345703
    ],
    "val_loss": [
        1.3264988660812378,
        1.3445487022399902,
        1.314469575881958,
        1.3064969778060913,
        1.3050099611282349,
        1.3515944480895996,
        1.2873338460922241,
        1.4227622747421265,
        1.209762692451477,
        1.3040573596954346
    ],
    "communication_cost": 25.957305908203125,
    "size_model": 12.978652954101562
}