{
    "train_accuracy": [
        0.7409470677375793,
        0.7688022255897522,
        0.7883008122444153,
        0.8161559700965881,
        0.8050139546394348,
        0.7910863757133484,
        0.8245125412940979,
        0.8245125412940979,
        0.8412256240844727,
        0.8272980451583862
    ],
    "val_accuracy": [
        0.48051947355270386,
        0.5584415793418884,
        0.5454545617103577,
        0.5324675440788269,
        0.5194805264472961,
        0.5064935088157654,
        0.5194805264472961,
        0.5584415793418884,
        0.5324675440788269,
        0.5584415793418884
    ],
    "train_loss": [
        0.9010061025619507,
        0.7490763068199158,
        0.7304694056510925,
        0.6684483885765076,
        0.6717641949653625,
        0.6581412553787231,
        0.6159479022026062,
        0.6104456782341003,
        0.592939555644989,
        0.5759627819061279
    ],
    "val_loss": [
        1.3903461694717407,
        1.2356846332550049,
        1.2110576629638672,
        1.2284997701644897,
        1.3337023258209229,
        1.3532443046569824,
        1.379619836807251,
        1.2417702674865723,
        1.2652175426483154,
        1.2294055223464966
    ],
    "communication_cost": 25.957305908203125,
    "size_model": 12.978652954101562
}