{
    "train_accuracy": [
        0.6434540152549744,
        0.6935933232307434,
        0.6908078193664551,
        0.738161563873291,
        0.7103064060211182,
        0.7270194888114929,
        0.7158774137496948,
        0.7325905561447144,
        0.7688022255897522,
        0.785515308380127
    ],
    "val_accuracy": [
        0.44155845046043396,
        0.44155845046043396,
        0.44155845046043396,
        0.4545454680919647,
        0.4675324559211731,
        0.4545454680919647,
        0.4545454680919647,
        0.44155845046043396,
        0.4545454680919647,
        0.4675324559211731
    ],
    "train_loss": [
        1.0131311416625977,
        0.963565468788147,
        0.9137343168258667,
        0.8784322738647461,
        0.8662331104278564,
        0.8517783284187317,
        0.8458156585693359,
        0.7871923446655273,
        0.7542318105697632,
        0.727753221988678
    ],
    "val_loss": [
        1.6331727504730225,
        1.6916264295578003,
        1.6350764036178589,
        1.6143991947174072,
        1.652237892150879,
        1.7216829061508179,
        1.627563238143921,
        1.592759609222412,
        1.6290274858474731,
        1.6812894344329834
    ],
    "communication_cost": 25.957305908203125,
    "size_model": 12.978652954101562
}