{
    "train_accuracy": [
        0.6490250825881958,
        0.7019498348236084,
        0.738161563873291,
        0.7548746466636658,
        0.7576601505279541,
        0.7576601505279541,
        0.7743732333183289,
        0.7353760600090027,
        0.7632312178611755,
        0.777158796787262
    ],
    "val_accuracy": [
        0.5324675440788269,
        0.5454545617103577,
        0.5454545617103577,
        0.5324675440788269,
        0.5324675440788269,
        0.5324675440788269,
        0.5324675440788269,
        0.5324675440788269,
        0.5584415793418884,
        0.5454545617103577
    ],
    "train_loss": [
        1.0444278717041016,
        0.9375598430633545,
        0.8701855540275574,
        0.8281639218330383,
        0.8124756217002869,
        0.7981519103050232,
        0.8034714460372925,
        0.8360328674316406,
        0.7800126075744629,
        0.7338013052940369
    ],
    "val_loss": [
        1.435906171798706,
        1.4416489601135254,
        1.5385279655456543,
        1.5876123905181885,
        1.575750708580017,
        1.6231580972671509,
        1.4909719228744507,
        1.3463501930236816,
        1.1901530027389526,
        1.1895983219146729
    ],
    "communication_cost": 25.957305908203125,
    "size_model": 12.978652954101562
}