{
    "train_accuracy": [
        0.261838436126709,
        0.3509749174118042,
        0.3426183760166168,
        0.40111419558525085,
        0.4289693534374237,
        0.4261838495731354,
        0.470752090215683,
        0.5041782855987549,
        0.5264623761177063,
        0.5654596090316772
    ],
    "val_accuracy": [
        0.27272728085517883,
        0.22077922523021698,
        0.19480518996715546,
        0.23376622796058655,
        0.25974026322364807,
        0.3246753215789795,
        0.3246753215789795,
        0.4025973975658417,
        0.48051947355270386,
        0.48051947355270386
    ],
    "train_loss": [
        1.584306240081787,
        1.5669025182724,
        1.5521196126937866,
        1.5242233276367188,
        1.4688704013824463,
        1.4521459341049194,
        1.3932404518127441,
        1.332292079925537,
        1.2991468906402588,
        1.2169151306152344
    ],
    "val_loss": [
        1.5918006896972656,
        1.5930324792861938,
        1.5862315893173218,
        1.573410987854004,
        1.5525449514389038,
        1.515413522720337,
        1.4912623167037964,
        1.4522197246551514,
        1.3925009965896606,
        1.3517524003982544
    ],
    "communication_cost": 25.957305908203125,
    "size_model": 12.978652954101562
}