{
    "train_accuracy": [
        0.5961002707481384,
        0.6295264363288879,
        0.679665744304657,
        0.6518105864524841,
        0.679665744304657,
        0.6490250825881958,
        0.6518105864524841,
        0.6629526615142822,
        0.6685236692428589,
        0.6991643309593201
    ],
    "val_accuracy": [
        0.44155845046043396,
        0.48051947355270386,
        0.4935064911842346,
        0.4935064911842346,
        0.4675324559211731,
        0.4545454680919647,
        0.48051947355270386,
        0.4935064911842346,
        0.5584415793418884,
        0.5974025726318359
    ],
    "train_loss": [
        1.1631971597671509,
        1.1113674640655518,
        1.024080514907837,
        1.0393288135528564,
        1.0086982250213623,
        1.0093191862106323,
        0.9954840540885925,
        0.9920654892921448,
        0.9945419430732727,
        0.9512427449226379
    ],
    "val_loss": [
        1.3527495861053467,
        1.3238115310668945,
        1.3637616634368896,
        1.3861531019210815,
        1.4004133939743042,
        1.4059226512908936,
        1.3744962215423584,
        1.3265689611434937,
        1.203615665435791,
        1.1248314380645752
    ],
    "communication_cost": 25.957305908203125,
    "size_model": 12.978652954101562
}