{
    "train_accuracy": [
        0.2869080901145935,
        0.2729805111885071,
        0.3091922104358673,
        0.3955431878566742,
        0.4373258948326111,
        0.48746517300605774,
        0.5125347971916199,
        0.5348189473152161,
        0.5571030378341675,
        0.6350975036621094
    ],
    "val_accuracy": [
        0.22077922523021698,
        0.22077922523021698,
        0.29870128631591797,
        0.3636363744735718,
        0.37662336230278015,
        0.37662336230278015,
        0.3896103799343109,
        0.5064935088157654,
        0.4545454680919647,
        0.48051947355270386
    ],
    "train_loss": [
        1.5865463018417358,
        1.5687986612319946,
        1.5525621175765991,
        1.521978735923767,
        1.4605412483215332,
        1.3692173957824707,
        1.2653905153274536,
        1.2562474012374878,
        1.1634358167648315,
        1.084970235824585
    ],
    "val_loss": [
        1.587792992591858,
        1.5739617347717285,
        1.5512568950653076,
        1.5170063972473145,
        1.4557881355285645,
        1.4135969877243042,
        1.4716167449951172,
        1.3448841571807861,
        1.4367156028747559,
        1.3724784851074219
    ],
    "communication_cost": 25.957305908203125,
    "size_model": 12.978652954101562
}