{
    "train_accuracy": [
        0.26740947365760803,
        0.27855151891708374,
        0.31476321816444397,
        0.3760445713996887,
        0.46796658635139465,
        0.5041782855987549,
        0.543175458908081,
        0.573816180229187,
        0.6155988574028015,
        0.621169924736023
    ],
    "val_accuracy": [
        0.3636363744735718,
        0.3636363744735718,
        0.41558441519737244,
        0.4545454680919647,
        0.5194805264472961,
        0.4935064911842346,
        0.5454545617103577,
        0.5324675440788269,
        0.5584415793418884,
        0.5064935088157654
    ],
    "train_loss": [
        1.584624171257019,
        1.5676223039627075,
        1.5517890453338623,
        1.5167018175125122,
        1.444145917892456,
        1.349279761314392,
        1.2895514965057373,
        1.199370265007019,
        1.1302512884140015,
        1.0623929500579834
    ],
    "val_loss": [
        1.5783497095108032,
        1.5600008964538574,
        1.533150553703308,
        1.487151026725769,
        1.4051260948181152,
        1.3244214057922363,
        1.273315668106079,
        1.257361888885498,
        1.2513788938522339,
        1.319427490234375
    ],
    "communication_cost": 25.957305908203125,
    "size_model": 12.978652954101562
}