{
    "train_accuracy": [
        0.6657381653785706,
        0.6991643309593201,
        0.7520891427993774,
        0.7576601505279541,
        0.7688022255897522,
        0.7994428873062134,
        0.796657383441925,
        0.8384401202201843,
        0.844011127948761,
        0.8523676991462708
    ],
    "val_accuracy": [
        0.4935064911842346,
        0.48051947355270386,
        0.5064935088157654,
        0.4675324559211731,
        0.4675324559211731,
        0.48051947355270386,
        0.4675324559211731,
        0.4675324559211731,
        0.4545454680919647,
        0.48051947355270386
    ],
    "train_loss": [
        0.9833992719650269,
        0.9144598245620728,
        0.8324981927871704,
        0.7594861388206482,
        0.7605409622192383,
        0.7027049660682678,
        0.6906403303146362,
        0.6424919962882996,
        0.6188387870788574,
        0.5845180749893188
    ],
    "val_loss": [
        1.4232299327850342,
        1.5053248405456543,
        1.32322096824646,
        1.5514241456985474,
        1.5120517015457153,
        1.6250137090682983,
        1.6325163841247559,
        1.6621145009994507,
        1.9223365783691406,
        1.5613038539886475
    ],
    "communication_cost": 25.957305908203125,
    "size_model": 12.978652954101562
}