{
    "train_accuracy": [
        0.6740947365760803,
        0.6713091731071472,
        0.7242339849472046,
        0.7409470677375793,
        0.7493036389350891,
        0.7576601505279541,
        0.7743732333183289,
        0.7688022255897522,
        0.7632312178611755,
        0.8077994585037231
    ],
    "val_accuracy": [
        0.44155845046043396,
        0.4025973975658417,
        0.4285714328289032,
        0.4285714328289032,
        0.4025973975658417,
        0.4285714328289032,
        0.41558441519737244,
        0.4025973975658417,
        0.41558441519737244,
        0.37662336230278015
    ],
    "train_loss": [
        1.0164918899536133,
        0.9845660924911499,
        0.9302733540534973,
        0.8938710689544678,
        0.859497606754303,
        0.8328233361244202,
        0.7950539588928223,
        0.7889922261238098,
        0.7890514731407166,
        0.7519232034683228
    ],
    "val_loss": [
        1.6568430662155151,
        1.7297402620315552,
        1.670173168182373,
        1.7470251321792603,
        1.7815186977386475,
        1.8216354846954346,
        1.8716481924057007,
        2.02158784866333,
        1.8775650262832642,
        2.080016613006592
    ],
    "communication_cost": 25.957305908203125,
    "size_model": 12.978652954101562
}