{
    "train_accuracy": [
        0.6100278496742249,
        0.6908078193664551,
        0.7075209021568298,
        0.7158774137496948,
        0.7270194888114929,
        0.7409470677375793,
        0.7437325716018677,
        0.7465181350708008,
        0.7883008122444153,
        0.7910863757133484
    ],
    "val_accuracy": [
        0.5714285969734192,
        0.5974025726318359,
        0.5454545617103577,
        0.5454545617103577,
        0.5454545617103577,
        0.5584415793418884,
        0.5584415793418884,
        0.5584415793418884,
        0.5454545617103577,
        0.5454545617103577
    ],
    "train_loss": [
        1.095882534980774,
        0.9512227773666382,
        0.9321426749229431,
        0.8950971364974976,
        0.8793395161628723,
        0.841550350189209,
        0.8159086108207703,
        0.8040896654129028,
        0.7545644044876099,
        0.7617335319519043
    ],
    "val_loss": [
        1.1273900270462036,
        1.1731427907943726,
        1.24014413356781,
        1.242911458015442,
        1.2706495523452759,
        1.267289638519287,
        1.2859445810317993,
        1.2635129690170288,
        1.3115583658218384,
        1.3205997943878174
    ],
    "communication_cost": 25.957305908203125,
    "size_model": 12.978652954101562
}