{
    "1": {
        "loss": 1.3425845123106432,
        "loss_val": 1.3236393720872939,
        "loss_test": 1.3425845123106432,
        "val_accuracy": 0.522727258503437,
        "test_accuracy": 0.49838709927374314,
        "test_f1-score": 0.4631477005471733,
        "CV": 0.13938417639348805
    },
    "2": {
        "loss": 1.603820478723895,
        "loss_val": 1.639320497166726,
        "loss_test": 1.603820478723895,
        "val_accuracy": 0.4723921253315864,
        "test_accuracy": 0.48225806999591087,
        "test_f1-score": 0.42895449406697633,
        "CV": 0.09453709402481436
    },
    "3": {
        "loss": 1.6167876278200457,
        "loss_val": 1.6182893397346618,
        "loss_test": 1.6167876278200457,
        "val_accuracy": 0.48552577053346935,
        "test_accuracy": 0.49677420220067414,
        "test_f1-score": 0.4466632070991434,
        "CV": 0.08614610138490984
    },
    "4": {
        "loss": 1.4766179019404997,
        "loss_val": 1.4972602177050804,
        "loss_test": 1.4766179019404997,
        "val_accuracy": 0.5260159176684195,
        "test_accuracy": 0.5403225867498305,
        "test_f1-score": 0.503037755953586,
        "CV": 0.10301751448407799
    },
    "5": {
        "loss": 1.3493240179554107,
        "loss_val": 1.3552665047107202,
        "loss_test": 1.3493240179554107,
        "val_accuracy": 0.5730624177763538,
        "test_accuracy": 0.587096782557426,
        "test_f1-score": 0.5560315068839371,
        "CV": 0.0858269226746345
    }
}