{
    "train_accuracy": [
        0.2952646315097809,
        0.2952646315097809,
        0.2952646315097809,
        0.3426183760166168,
        0.4373258948326111,
        0.4735375940799713,
        0.543175458908081,
        0.5710306167602539,
        0.6434540152549744,
        0.6434540152549744
    ],
    "val_accuracy": [
        0.3246753215789795,
        0.3246753215789795,
        0.3246753215789795,
        0.3636363744735718,
        0.4025973975658417,
        0.48051947355270386,
        0.6233766078948975,
        0.5714285969734192,
        0.5584415793418884,
        0.6233766078948975
    ],
    "train_loss": [
        1.5819761753082275,
        1.555578589439392,
        1.5415928363800049,
        1.5127227306365967,
        1.462411880493164,
        1.3975698947906494,
        1.3085441589355469,
        1.2250016927719116,
        1.154079556465149,
        1.0828224420547485
    ],
    "val_loss": [
        1.5786418914794922,
        1.5615407228469849,
        1.5408930778503418,
        1.5113259553909302,
        1.465994119644165,
        1.3910419940948486,
        1.2950565814971924,
        1.259134292602539,
        1.2171118259429932,
        1.2083860635757446
    ],
    "communication_cost": 25.957305908203125,
    "size_model": 12.978652954101562
}