{
    "train_accuracy": [
        0.640668511390686,
        0.7130919098854065,
        0.7493036389350891,
        0.7465181350708008,
        0.7437325716018677,
        0.7688022255897522,
        0.7632312178611755,
        0.7827298045158386,
        0.796657383441925,
        0.835654616355896
    ],
    "val_accuracy": [
        0.5194805264472961,
        0.5194805264472961,
        0.5324675440788269,
        0.5064935088157654,
        0.5064935088157654,
        0.5324675440788269,
        0.5454545617103577,
        0.5844155550003052,
        0.6363636255264282,
        0.649350643157959
    ],
    "train_loss": [
        1.0083460807800293,
        0.8773621916770935,
        0.8615609407424927,
        0.8363433480262756,
        0.8209499716758728,
        0.8078171014785767,
        0.7787860035896301,
        0.7866585850715637,
        0.717487633228302,
        0.6530938744544983
    ],
    "val_loss": [
        1.319435954093933,
        1.3393123149871826,
        1.3262269496917725,
        1.3901903629302979,
        1.3928260803222656,
        1.328479290008545,
        1.279205322265625,
        1.16060471534729,
        1.1036021709442139,
        1.1113617420196533
    ],
    "communication_cost": 25.957305908203125,
    "size_model": 12.978652954101562
}