{
    "train_accuracy": [
        0.6378830075263977,
        0.640668511390686,
        0.7103064060211182,
        0.7437325716018677,
        0.7465181350708008,
        0.7548746466636658,
        0.7576601505279541,
        0.777158796787262,
        0.7520891427993774,
        0.7409470677375793
    ],
    "val_accuracy": [
        0.6363636255264282,
        0.44155845046043396,
        0.4935064911842346,
        0.5324675440788269,
        0.5064935088157654,
        0.5064935088157654,
        0.5844155550003052,
        0.5714285969734192,
        0.5194805264472961,
        0.5064935088157654
    ],
    "train_loss": [
        1.1135770082473755,
        1.039656162261963,
        0.9217687249183655,
        0.8469187021255493,
        0.8289005160331726,
        0.8095082640647888,
        0.8141734600067139,
        0.7894707322120667,
        0.8185054063796997,
        0.8222135901451111
    ],
    "val_loss": [
        1.0454514026641846,
        1.3884423971176147,
        1.2375191450119019,
        1.2189664840698242,
        1.275883674621582,
        1.2757307291030884,
        1.1657291650772095,
        1.1702228784561157,
        1.2319880723953247,
        1.2703185081481934
    ],
    "communication_cost": 25.957305908203125,
    "size_model": 12.978652954101562
}