{
    "train_accuracy": [
        0.7688022255897522,
        0.7994428873062134,
        0.8147632479667664,
        0.8272980451583862,
        0.8328690528869629,
        0.8551532030105591,
        0.8704735636711121,
        0.8718662858009338,
        0.8955431580543518,
        0.8885793685913086
    ],
    "val_accuracy": [
        0.7792207598686218,
        0.7792207598686218,
        0.7792207598686218,
        0.7662337422370911,
        0.7727272510528564,
        0.7662337422370911,
        0.7727272510528564,
        0.7727272510528564,
        0.7597402334213257,
        0.7792207598686218
    ],
    "train_loss": [
        0.7800484299659729,
        0.6601595282554626,
        0.6234328746795654,
        0.59340500831604,
        0.5699859261512756,
        0.5332906246185303,
        0.50201815366745,
        0.48751741647720337,
        0.4517294466495514,
        0.43568670749664307
    ],
    "val_loss": [
        0.7055782079696655,
        0.682209849357605,
        0.6755349636077881,
        0.6781664490699768,
        0.6894102096557617,
        0.695323646068573,
        0.7032204866409302,
        0.6936590671539307,
        0.7327115535736084,
        0.7366706728935242
    ],
    "communication_cost": 25.957305908203125,
    "size_model": 12.978652954101562
}