{
    "train_accuracy": [
        0.7130919098854065,
        0.7576601505279541,
        0.7841225862503052,
        0.796657383441925,
        0.8022283911705017,
        0.8217270374298096,
        0.8384401202201843,
        0.8481894135475159,
        0.8662952780723572,
        0.8760445713996887
    ],
    "val_accuracy": [
        0.7077922224998474,
        0.7532467246055603,
        0.7467532753944397,
        0.7142857313156128,
        0.7272727489471436,
        0.7207792401313782,
        0.7142857313156128,
        0.7142857313156128,
        0.7402597665786743,
        0.7402597665786743
    ],
    "train_loss": [
        0.8788302540779114,
        0.7767019271850586,
        0.7230097651481628,
        0.6763442158699036,
        0.6650014519691467,
        0.6397313475608826,
        0.6047734618186951,
        0.5647881031036377,
        0.5268304944038391,
        0.4912942349910736
    ],
    "val_loss": [
        0.7994544506072998,
        0.777592122554779,
        0.7752407193183899,
        0.7924672365188599,
        0.8062859177589417,
        0.8060520887374878,
        0.8293358087539673,
        0.8372531533241272,
        0.8375805020332336,
        0.8711808323860168
    ],
    "communication_cost": 25.957305908203125,
    "size_model": 12.978652954101562
}