{
    "train_accuracy": [
        0.2827298045158386,
        0.34122562408447266,
        0.3913649022579193,
        0.47910863161087036,
        0.5403899550437927,
        0.5766016840934753,
        0.6044568419456482,
        0.6476323008537292,
        0.6392757892608643,
        0.6671309471130371
    ],
    "val_accuracy": [
        0.2792207896709442,
        0.29870128631591797,
        0.48051947355270386,
        0.5,
        0.5584415793418884,
        0.6038960814476013,
        0.6558441519737244,
        0.6753246784210205,
        0.7077922224998474,
        0.7077922224998474
    ],
    "train_loss": [
        1.5828784704208374,
        1.5615485906600952,
        1.4988863468170166,
        1.3467360734939575,
        1.2397394180297852,
        1.1692951917648315,
        1.1010260581970215,
        1.0430243015289307,
        1.0213899612426758,
        0.9774622321128845
    ],
    "val_loss": [
        1.5813626050949097,
        1.5617083311080933,
        1.4505033493041992,
        1.2851437330245972,
        1.1986674070358276,
        1.1226043701171875,
        1.059593915939331,
        1.0126547813415527,
        0.9832325577735901,
        0.9467097520828247
    ],
    "communication_cost": 25.957305908203125,
    "size_model": 12.978652954101562
}