{
    "train_accuracy": [
        0.28551530838012695,
        0.3133704662322998,
        0.4401114284992218,
        0.5097492933273315,
        0.5710306167602539,
        0.5682451128959656,
        0.6030640602111816,
        0.6337047219276428,
        0.6337047219276428,
        0.6671309471130371
    ],
    "val_accuracy": [
        0.2467532455921173,
        0.38311687111854553,
        0.41558441519737244,
        0.5129870176315308,
        0.4220779240131378,
        0.5714285969734192,
        0.6168830990791321,
        0.6298701167106628,
        0.6233766078948975,
        0.6233766078948975
    ],
    "train_loss": [
        1.5750652551651,
        1.5435739755630493,
        1.4498569965362549,
        1.297462821006775,
        1.1986005306243896,
        1.1897143125534058,
        1.1206541061401367,
        1.0514113903045654,
        1.015342354774475,
        0.9366169571876526
    ],
    "val_loss": [
        1.5788590908050537,
        1.5308517217636108,
        1.4279404878616333,
        1.2811458110809326,
        1.377333164215088,
        1.2266526222229004,
        1.0864700078964233,
        1.036002516746521,
        1.0091326236724854,
        1.0266571044921875
    ],
    "communication_cost": 25.957305908203125,
    "size_model": 12.978652954101562
}