{
    "train_accuracy": [
        0.7548746466636658,
        0.7924790978431702,
        0.8286908268928528,
        0.8537604212760925,
        0.8649024963378906,
        0.8649024963378906,
        0.8969359397888184,
        0.9164345264434814,
        0.9275766015052795,
        0.926183819770813
    ],
    "val_accuracy": [
        0.7792207598686218,
        0.7727272510528564,
        0.7727272510528564,
        0.7597402334213257,
        0.7337662577629089,
        0.8051947951316833,
        0.7532467246055603,
        0.7337662577629089,
        0.7402597665786743,
        0.7532467246055603
    ],
    "train_loss": [
        0.8113848567008972,
        0.670183002948761,
        0.5824776291847229,
        0.5250537991523743,
        0.49147531390190125,
        0.48108547925949097,
        0.42959532141685486,
        0.39951568841934204,
        0.3712713420391083,
        0.3521825075149536
    ],
    "val_loss": [
        0.7545760273933411,
        0.7545656561851501,
        0.8162092566490173,
        0.7847687602043152,
        0.8426066637039185,
        0.7731990814208984,
        0.8852933645248413,
        0.9110695719718933,
        0.9050706028938293,
        0.8344420194625854
    ],
    "communication_cost": 25.957305908203125,
    "size_model": 12.978652954101562
}