{
    "train_accuracy": [
        0.5863509774208069,
        0.6128133535385132,
        0.6518105864524841,
        0.655988872051239,
        0.679665744304657,
        0.7116991877555847,
        0.7298049926757812,
        0.7325905561447144,
        0.7479108572006226,
        0.7562674283981323
    ],
    "val_accuracy": [
        0.6168830990791321,
        0.6428571343421936,
        0.649350643157959,
        0.649350643157959,
        0.6753246784210205,
        0.6623376607894897,
        0.6428571343421936,
        0.6883116960525513,
        0.701298713684082,
        0.6948052048683167
    ],
    "train_loss": [
        1.0928853750228882,
        1.0395914316177368,
        0.9866002202033997,
        0.9595330357551575,
        0.91825932264328,
        0.8762539625167847,
        0.8487523198127747,
        0.8256516456604004,
        0.8178987503051758,
        0.774202823638916
    ],
    "val_loss": [
        1.1368494033813477,
        1.0746896266937256,
        1.0403486490249634,
        1.0038464069366455,
        0.9778264760971069,
        0.9716158509254456,
        0.9933658242225647,
        0.9488345980644226,
        0.9086554646492004,
        0.8967157602310181
    ],
    "communication_cost": 25.957305908203125,
    "size_model": 12.978652954101562
}