{
    "1": {
        "loss": 1.221598893404007,
        "loss_val": 1.1183509826660156,
        "loss_test": 1.221598893404007,
        "val_accuracy": 0.6412337571382523,
        "test_accuracy": 0.5612903237342834,
        "test_f1-score": 0.536947469546413,
        "CV": 0.03448272566449493
    },
    "2": {
        "loss": 0.9724703729152679,
        "loss_val": 0.919224351644516,
        "loss_test": 0.9724703729152679,
        "val_accuracy": 0.691558450460434,
        "test_accuracy": 0.6693548262119293,
        "test_f1-score": 0.6568530338395593,
        "CV": 0.04885092360083296
    },
    "3": {
        "loss": 0.9158130288124084,
        "loss_val": 0.8422651141881943,
        "loss_test": 0.9158130288124084,
        "val_accuracy": 0.7256493717432022,
        "test_accuracy": 0.7032258063554764,
        "test_f1-score": 0.6987853134001423,
        "CV": 0.07453245917349391
    },
    "4": {
        "loss": 0.9043638557195663,
        "loss_val": 0.829894095659256,
        "loss_test": 0.9043638557195663,
        "val_accuracy": 0.7467532455921173,
        "test_accuracy": 0.7258064448833466,
        "test_f1-score": 0.7225265727801525,
        "CV": 0.05239921603559536
    },
    "5": {
        "loss": 0.8869739770889282,
        "loss_val": 0.7760895788669586,
        "loss_test": 0.8869739770889282,
        "val_accuracy": 0.7759740203619003,
        "test_accuracy": 0.7483870983123779,
        "test_f1-score": 0.7483539994941701,
        "CV": 0.06593558881017512
    }
}