{
    "train_accuracy": [
        0.7520891427993774,
        0.785515308380127,
        0.8008356690406799,
        0.8133704662322998,
        0.8300835490226746,
        0.8509749174118042,
        0.8579387068748474,
        0.8816155791282654,
        0.8844011425971985,
        0.9038997292518616
    ],
    "val_accuracy": [
        0.7077922224998474,
        0.7207792401313782,
        0.701298713684082,
        0.7207792401313782,
        0.7207792401313782,
        0.7142857313156128,
        0.7142857313156128,
        0.7207792401313782,
        0.701298713684082,
        0.7077922224998474
    ],
    "train_loss": [
        0.7894580960273743,
        0.6933202147483826,
        0.662034273147583,
        0.6332074999809265,
        0.5819926261901855,
        0.5527949929237366,
        0.5292193293571472,
        0.49182450771331787,
        0.4544823467731476,
        0.42373764514923096
    ],
    "val_loss": [
        0.8692924380302429,
        0.8688363432884216,
        0.879993200302124,
        0.8900359272956848,
        0.9107532501220703,
        0.9105223417282104,
        0.9069034457206726,
        0.9580472707748413,
        0.9719036221504211,
        1.0122873783111572
    ],
    "communication_cost": 25.957305908203125,
    "size_model": 12.978652954101562
}