{
    "train_accuracy": [
        0.7465181350708008,
        0.7896935939788818,
        0.8022283911705017,
        0.8175487518310547,
        0.8217270374298096,
        0.8342618346214294,
        0.8523676991462708,
        0.8690807819366455,
        0.8844011425971985,
        0.8844011425971985
    ],
    "val_accuracy": [
        0.7207792401313782,
        0.7272727489471436,
        0.7142857313156128,
        0.7272727489471436,
        0.7077922224998474,
        0.7207792401313782,
        0.7337662577629089,
        0.7532467246055603,
        0.7272727489471436,
        0.7337662577629089
    ],
    "train_loss": [
        0.7998473048210144,
        0.7109278440475464,
        0.6641899943351746,
        0.6272255182266235,
        0.6137561202049255,
        0.5678123235702515,
        0.5274479985237122,
        0.5109601616859436,
        0.49917134642601013,
        0.4574531316757202
    ],
    "val_loss": [
        0.8136275410652161,
        0.8175352215766907,
        0.800899088382721,
        0.7942185401916504,
        0.8044455051422119,
        0.8205858469009399,
        0.8107664585113525,
        0.8287163376808167,
        0.8342292904853821,
        0.848244309425354
    ],
    "communication_cost": 25.957305908203125,
    "size_model": 12.978652954101562
}