{
    "train_accuracy": [
        0.6155988574028015,
        0.6448467969894409,
        0.6378830075263977,
        0.6657381653785706,
        0.6922005414962769,
        0.7005571126937866,
        0.7298049926757812,
        0.7242339849472046,
        0.714484691619873,
        0.7465181350708008
    ],
    "val_accuracy": [
        0.6558441519737244,
        0.7077922224998474,
        0.6688311696052551,
        0.6948052048683167,
        0.6883116960525513,
        0.6688311696052551,
        0.6818181872367859,
        0.6818181872367859,
        0.6883116960525513,
        0.701298713684082
    ],
    "train_loss": [
        1.0856355428695679,
        1.0087512731552124,
        1.0437541007995605,
        1.0153353214263916,
        0.9505218863487244,
        0.9186325073242188,
        0.8886142373085022,
        0.8748177289962769,
        0.856916606426239,
        0.8196414709091187
    ],
    "val_loss": [
        1.0080344676971436,
        0.9643371105194092,
        1.0262248516082764,
        0.960870623588562,
        0.9292466640472412,
        0.939828634262085,
        0.9171783924102783,
        0.9162940382957458,
        0.912773609161377,
        0.8945749402046204
    ],
    "communication_cost": 25.957305908203125,
    "size_model": 12.978652954101562
}