{
    "train_accuracy": [
        0.7200556993484497,
        0.7576601505279541,
        0.7743732333183289,
        0.7883008122444153,
        0.7896935939788818,
        0.7910863757133484,
        0.8091921806335449,
        0.7994428873062134,
        0.820334255695343,
        0.8105849623680115
    ],
    "val_accuracy": [
        0.6948052048683167,
        0.6948052048683167,
        0.7142857313156128,
        0.7077922224998474,
        0.701298713684082,
        0.701298713684082,
        0.6948052048683167,
        0.701298713684082,
        0.7142857313156128,
        0.6753246784210205
    ],
    "train_loss": [
        0.8610233068466187,
        0.7857807278633118,
        0.748205304145813,
        0.7261238694190979,
        0.7082340121269226,
        0.6993380188941956,
        0.6612483263015747,
        0.6768642663955688,
        0.6166498064994812,
        0.6050248146057129
    ],
    "val_loss": [
        0.9104323983192444,
        0.9255246520042419,
        0.9100825190544128,
        0.916692852973938,
        0.9152722954750061,
        0.9091053605079651,
        0.9053999781608582,
        0.9014597535133362,
        0.9319919943809509,
        0.9238462448120117
    ],
    "communication_cost": 25.957305908203125,
    "size_model": 12.978652954101562
}