{
    "train_accuracy": [
        0.8105849623680115,
        0.8133704662322998,
        0.8551532030105591,
        0.8537604212760925,
        0.8983286619186401,
        0.9052924513816833,
        0.902506947517395,
        0.9220055937767029,
        0.926183819770813,
        0.917827308177948
    ],
    "val_accuracy": [
        0.6883116960525513,
        0.7337662577629089,
        0.6883116960525513,
        0.6948052048683167,
        0.6948052048683167,
        0.6883116960525513,
        0.6883116960525513,
        0.6753246784210205,
        0.7077922224998474,
        0.6753246784210205
    ],
    "train_loss": [
        0.705997884273529,
        0.6199169158935547,
        0.5615683794021606,
        0.5387827157974243,
        0.47511592507362366,
        0.4481530487537384,
        0.4217950403690338,
        0.3877863883972168,
        0.3759526014328003,
        0.37820112705230713
    ],
    "val_loss": [
        0.9120112657546997,
        0.8996050953865051,
        0.9417654275894165,
        0.9661757349967957,
        1.0046051740646362,
        1.0359545946121216,
        1.0324175357818604,
        1.0741485357284546,
        1.0492244958877563,
        1.0940704345703125
    ],
    "communication_cost": 25.957305908203125,
    "size_model": 12.978652954101562
}