{
    "train_accuracy": [
        0.6183844208717346,
        0.6685236692428589,
        0.6699164509773254,
        0.6922005414962769,
        0.7047353982925415,
        0.7437325716018677,
        0.7479108572006226,
        0.7952646017074585,
        0.7883008122444153,
        0.8133704662322998
    ],
    "val_accuracy": [
        0.6623376607894897,
        0.6428571343421936,
        0.6688311696052551,
        0.701298713684082,
        0.701298713684082,
        0.7142857313156128,
        0.7272727489471436,
        0.7077922224998474,
        0.7337662577629089,
        0.701298713684082
    ],
    "train_loss": [
        1.0732938051223755,
        0.957633376121521,
        0.9462125301361084,
        0.900205671787262,
        0.8315762281417847,
        0.8069613575935364,
        0.7667473554611206,
        0.7131639122962952,
        0.6867271065711975,
        0.6589486598968506
    ],
    "val_loss": [
        1.027864694595337,
        1.050473690032959,
        0.9859597086906433,
        0.9209198355674744,
        0.8940866589546204,
        0.8833704590797424,
        0.8831444978713989,
        0.9263838529586792,
        0.8817359805107117,
        0.9083528518676758
    ],
    "communication_cost": 25.957305908203125,
    "size_model": 12.978652954101562
}