{
    "train_accuracy": [
        0.6086350679397583,
        0.6462395787239075,
        0.6587743759155273,
        0.6671309471130371,
        0.6824512481689453,
        0.722841203212738,
        0.7270194888114929,
        0.7520891427993774,
        0.7506963610649109,
        0.7715877294540405
    ],
    "val_accuracy": [
        0.6038960814476013,
        0.6168830990791321,
        0.6103895902633667,
        0.5974025726318359,
        0.5844155550003052,
        0.6103895902633667,
        0.6103895902633667,
        0.6168830990791321,
        0.6298701167106628,
        0.6168830990791321
    ],
    "train_loss": [
        1.1025147438049316,
        1.0061466693878174,
        0.9774436950683594,
        0.9376203417778015,
        0.8922513723373413,
        0.8642045855522156,
        0.8303803205490112,
        0.7738445401191711,
        0.7919338941574097,
        0.7326775193214417
    ],
    "val_loss": [
        1.0858217477798462,
        1.061667799949646,
        1.0550510883331299,
        1.040061354637146,
        1.0602917671203613,
        1.0486984252929688,
        1.0206491947174072,
        1.0654670000076294,
        1.0695339441299438,
        1.0100691318511963
    ],
    "communication_cost": 25.957305908203125,
    "size_model": 12.978652954101562
}