{
    "train_accuracy": [
        0.7729805111885071,
        0.7980501651763916,
        0.8286908268928528,
        0.8370473384857178,
        0.8635097742080688,
        0.8690807819366455,
        0.8746517896652222,
        0.8983286619186401,
        0.9094707369804382,
        0.9220055937767029
    ],
    "val_accuracy": [
        0.6818181872367859,
        0.6818181872367859,
        0.6948052048683167,
        0.6948052048683167,
        0.6948052048683167,
        0.7077922224998474,
        0.7142857313156128,
        0.7142857313156128,
        0.7337662577629089,
        0.7402597665786743
    ],
    "train_loss": [
        0.7329107522964478,
        0.6348134875297546,
        0.5856380462646484,
        0.5611342191696167,
        0.5180651545524597,
        0.4984739124774933,
        0.4671609699726105,
        0.4349587559700012,
        0.39866939187049866,
        0.36942076683044434
    ],
    "val_loss": [
        0.8643725514411926,
        0.926579475402832,
        0.8869726061820984,
        0.9248943328857422,
        0.9347813725471497,
        0.8874221444129944,
        0.8727446794509888,
        0.8296740651130676,
        0.8270361423492432,
        0.8540770411491394
    ],
    "communication_cost": 25.957305908203125,
    "size_model": 12.978652954101562
}