{
    "train_accuracy": [
        0.7994428873062134,
        0.8537604212760925,
        0.8774373531341553,
        0.8927576541900635,
        0.89415043592453,
        0.9192200303077698,
        0.9359331727027893,
        0.9470751881599426,
        0.9498607516288757,
        0.9275766015052795
    ],
    "val_accuracy": [
        0.7727272510528564,
        0.7727272510528564,
        0.7662337422370911,
        0.7662337422370911,
        0.7532467246055603,
        0.7662337422370911,
        0.7792207598686218,
        0.7857142686843872,
        0.7272727489471436,
        0.7337662577629089
    ],
    "train_loss": [
        0.6944618821144104,
        0.5520429611206055,
        0.4921369254589081,
        0.4458077847957611,
        0.4289504885673523,
        0.3791958689689636,
        0.3497956097126007,
        0.3174257278442383,
        0.3112679719924927,
        0.3587115705013275
    ],
    "val_loss": [
        0.7198248505592346,
        0.7991958260536194,
        0.7917366623878479,
        0.7826871275901794,
        0.7972756028175354,
        0.8332988023757935,
        0.8430014252662659,
        0.8014430403709412,
        1.078073501586914,
        0.795129656791687
    ],
    "communication_cost": 25.957305908203125,
    "size_model": 12.978652954101562
}