{
    "train_accuracy": [
        0.6699164509773254,
        0.7325905561447144,
        0.7646239399909973,
        0.7799443006515503,
        0.7827298045158386,
        0.7827298045158386,
        0.8022283911705017,
        0.8091921806335449,
        0.8259052634239197,
        0.811977744102478
    ],
    "val_accuracy": [
        0.6623376607894897,
        0.6753246784210205,
        0.6688311696052551,
        0.6753246784210205,
        0.6688311696052551,
        0.6753246784210205,
        0.6753246784210205,
        0.6818181872367859,
        0.6753246784210205,
        0.6883116960525513
    ],
    "train_loss": [
        0.9168453812599182,
        0.8255212903022766,
        0.7625125646591187,
        0.7377059459686279,
        0.7170727849006653,
        0.7009549140930176,
        0.6733260750770569,
        0.6560477018356323,
        0.6292409896850586,
        0.6448013782501221
    ],
    "val_loss": [
        0.9528407454490662,
        0.926465630531311,
        0.9634858965873718,
        0.9784969687461853,
        0.9959944486618042,
        0.9322086572647095,
        0.93346107006073,
        0.9099398255348206,
        0.9022461771965027,
        0.9198626279830933
    ],
    "communication_cost": 25.957305908203125,
    "size_model": 12.978652954101562
}