{
    "train_accuracy": [
        0.26601672172546387,
        0.30779942870140076,
        0.44568246603012085,
        0.4846796691417694,
        0.5417827367782593,
        0.5598886013031006,
        0.5668523907661438,
        0.6169916391372681,
        0.6267409324645996,
        0.6448467969894409
    ],
    "val_accuracy": [
        0.31168830394744873,
        0.350649356842041,
        0.4935064911842346,
        0.4935064911842346,
        0.551948070526123,
        0.5844155550003052,
        0.5974025726318359,
        0.5909090638160706,
        0.6103895902633667,
        0.6038960814476013
    ],
    "train_loss": [
        1.5840766429901123,
        1.5614352226257324,
        1.4621479511260986,
        1.3175288438796997,
        1.1957272291183472,
        1.146592378616333,
        1.1071865558624268,
        1.0559099912643433,
        1.0251872539520264,
        0.9982907772064209
    ],
    "val_loss": [
        1.5778720378875732,
        1.5488547086715698,
        1.362000823020935,
        1.2514351606369019,
        1.193537950515747,
        1.1958657503128052,
        1.1675623655319214,
        1.1409882307052612,
        1.1203616857528687,
        1.1124716997146606
    ],
    "communication_cost": 25.957305908203125,
    "size_model": 12.978652954101562
}