{
    "train_accuracy": [
        0.2799443006515503,
        0.31894150376319885,
        0.4066852331161499,
        0.5139275789260864,
        0.5139275789260864,
        0.5501392483711243,
        0.582172691822052,
        0.5961002707481384,
        0.6295264363288879,
        0.6476323008537292
    ],
    "val_accuracy": [
        0.29870128631591797,
        0.350649356842041,
        0.33766233921051025,
        0.41558441519737244,
        0.4350649416446686,
        0.5064935088157654,
        0.4935064911842346,
        0.5389610528945923,
        0.5259740352630615,
        0.5064935088157654
    ],
    "train_loss": [
        1.5843812227249146,
        1.560921549797058,
        1.4811069965362549,
        1.3278814554214478,
        1.2152228355407715,
        1.150879979133606,
        1.0974161624908447,
        1.0700825452804565,
        1.034416675567627,
        1.0125850439071655
    ],
    "val_loss": [
        1.5800442695617676,
        1.5552796125411987,
        1.5194520950317383,
        1.4152427911758423,
        1.3984333276748657,
        1.321579933166504,
        1.314409852027893,
        1.2688461542129517,
        1.273547649383545,
        1.2630341053009033
    ],
    "communication_cost": 25.957305908203125,
    "size_model": 12.978652954101562
}