{
    "train_accuracy": [
        0.6991643309593201,
        0.7409470677375793,
        0.7465181350708008,
        0.777158796787262,
        0.7813370227813721,
        0.8105849623680115,
        0.8314763307571411,
        0.8342618346214294,
        0.8426184058189392,
        0.8565459847450256
    ],
    "val_accuracy": [
        0.6948052048683167,
        0.7142857313156128,
        0.6883116960525513,
        0.7142857313156128,
        0.7142857313156128,
        0.6948052048683167,
        0.7077922224998474,
        0.7207792401313782,
        0.701298713684082,
        0.7142857313156128
    ],
    "train_loss": [
        0.9031361937522888,
        0.785243570804596,
        0.7517679929733276,
        0.7093726992607117,
        0.6872974038124084,
        0.6610068082809448,
        0.6231892108917236,
        0.578558087348938,
        0.5904571413993835,
        0.5701376795768738
    ],
    "val_loss": [
        0.8813285231590271,
        0.8323208689689636,
        0.851322591304779,
        0.8617516160011292,
        0.8688328862190247,
        0.8749418258666992,
        0.8681318759918213,
        0.8820165395736694,
        0.8768125176429749,
        0.8896680474281311
    ],
    "communication_cost": 25.957305908203125,
    "size_model": 12.978652954101562
}