{
    "train_accuracy": [
        0.6838440299034119,
        0.7130919098854065,
        0.7465181350708008,
        0.7479108572006226,
        0.7590529322624207,
        0.7688022255897522,
        0.7785515189170837,
        0.7938718795776367,
        0.7938718795776367,
        0.8091921806335449
    ],
    "val_accuracy": [
        0.6753246784210205,
        0.7077922224998474,
        0.701298713684082,
        0.6948052048683167,
        0.701298713684082,
        0.701298713684082,
        0.701298713684082,
        0.6948052048683167,
        0.6883116960525513,
        0.6688311696052551
    ],
    "train_loss": [
        0.9547703266143799,
        0.8773199915885925,
        0.8125883340835571,
        0.811102569103241,
        0.7747291922569275,
        0.7381524443626404,
        0.7235241532325745,
        0.6903716921806335,
        0.6909080743789673,
        0.6465651392936707
    ],
    "val_loss": [
        0.9376346468925476,
        0.8534094095230103,
        0.8708063960075378,
        0.8804105520248413,
        0.8664095997810364,
        0.8606055378913879,
        0.862633466720581,
        0.8415991067886353,
        0.9150963425636292,
        0.8970144987106323
    ],
    "communication_cost": 25.957305908203125,
    "size_model": 12.978652954101562
}