{
    "train_accuracy": [
        0.7837837934494019,
        0.8851351141929626,
        0.8851351141929626,
        0.8851351141929626,
        0.8851351141929626,
        0.8851351141929626,
        0.8918918967247009,
        0.8851351141929626,
        0.8851351141929626,
        0.8851351141929626
    ],
    "val_accuracy": [
        0.8125,
        0.8125,
        0.8125,
        0.8125,
        0.8125,
        0.8125,
        0.8125,
        0.8125,
        0.8125,
        0.8125
    ],
    "train_loss": [
        0.6506849527359009,
        0.524378776550293,
        0.45835551619529724,
        0.46230795979499817,
        0.4576561450958252,
        0.4584038257598877,
        0.4198307991027832,
        0.44823625683784485,
        0.4519903361797333,
        0.4425014853477478
    ],
    "val_loss": [
        0.775327742099762,
        0.6303237080574036,
        0.6009000539779663,
        0.6018157601356506,
        0.5977579355239868,
        0.5825753211975098,
        0.5993221998214722,
        0.5881348252296448,
        0.5765964388847351,
        0.5906577110290527
    ],
    "communication_cost": 25.957305908203125,
    "size_model": 12.978652954101562
}