{
    "train_accuracy": [
        0.7709497213363647,
        0.9329608678817749,
        0.9329608678817749,
        0.9329608678817749,
        0.9329608678817749,
        0.9329608678817749,
        0.9329608678817749,
        0.9329608678817749,
        0.9329608678817749,
        0.9329608678817749
    ],
    "val_accuracy": [
        0.9210526347160339,
        0.9210526347160339,
        0.9210526347160339,
        0.9210526347160339,
        0.9210526347160339,
        0.9210526347160339,
        0.9210526347160339,
        0.9210526347160339,
        0.9210526347160339,
        0.9210526347160339
    ],
    "train_loss": [
        1.5448291301727295,
        1.3515766859054565,
        0.8986481428146362,
        0.5481371879577637,
        0.5620336532592773,
        0.47475770115852356,
        0.46511366963386536,
        0.46085360646247864,
        0.46803712844848633,
        0.4522651433944702
    ],
    "val_loss": [
        1.5163410902023315,
        1.3113963603973389,
        0.8195989727973938,
        0.5356361269950867,
        0.5212438702583313,
        0.5995711088180542,
        0.658681333065033,
        0.5965429544448853,
        0.537372350692749,
        0.5320875644683838
    ],
    "communication_cost": 25.957305908203125,
    "size_model": 12.978652954101562
}