{
    "train_accuracy": [
        0.9563106894493103,
        0.9975728392601013,
        0.9975728392601013,
        0.9975728392601013,
        0.9975728392601013,
        0.9975728392601013,
        0.9975728392601013,
        0.9975728392601013,
        0.9975728392601013,
        0.9975728392601013
    ],
    "val_accuracy": [
        1.0,
        1.0,
        1.0,
        1.0,
        1.0,
        1.0,
        1.0,
        1.0,
        1.0,
        1.0
    ],
    "train_loss": [
        0.2413102686405182,
        0.15635710954666138,
        0.15177074074745178,
        0.14440633356571198,
        0.1400911808013916,
        0.1374351978302002,
        0.13995185494422913,
        0.13863934576511383,
        0.13745488226413727,
        0.1355481594800949
    ],
    "val_loss": [
        0.12287821620702744,
        0.12168142944574356,
        0.12227187305688858,
        0.12729574739933014,
        0.13973268866539001,
        0.14200513064861298,
        0.13934899866580963,
        0.13794821500778198,
        0.13798260688781738,
        0.13752835988998413
    ],
    "communication_cost": 25.957305908203125,
    "size_model": 12.978652954101562
}