{
    "train_accuracy": [
        0.8884353637695312,
        0.922448992729187,
        0.9374149441719055,
        0.9428571462631226,
        0.9333333373069763,
        0.9455782175064087,
        0.9510204195976257,
        0.9442176818847656,
        0.9537414908409119,
        0.9442176818847656
    ],
    "val_accuracy": [
        0.8797468543052673,
        0.8417721390724182,
        0.8481012582778931,
        0.8481012582778931,
        0.8417721390724182,
        0.8481012582778931,
        0.8481012582778931,
        0.8670886158943176,
        0.8544303774833679,
        0.8734177350997925
    ],
    "train_loss": [
        0.4408937096595764,
        0.30919718742370605,
        0.2908462882041931,
        0.281264990568161,
        0.28642570972442627,
        0.2770180106163025,
        0.27060630917549133,
        0.2724357545375824,
        0.26448768377304077,
        0.26244696974754333
    ],
    "val_loss": [
        0.48543781042099,
        0.49699512124061584,
        0.493333637714386,
        0.48694464564323425,
        0.4922771751880646,
        0.48523175716400146,
        0.47124138474464417,
        0.46822527050971985,
        0.4693121612071991,
        0.45130592584609985
    ],
    "communication_cost": 25.957305908203125,
    "size_model": 12.978652954101562
}