{
    "train_accuracy": [
        0.6418918967247009,
        0.8851351141929626,
        0.8851351141929626,
        0.8851351141929626,
        0.8851351141929626,
        0.8851351141929626,
        0.8851351141929626,
        0.8851351141929626,
        0.8851351141929626,
        0.8851351141929626
    ],
    "val_accuracy": [
        0.8125,
        0.8125,
        0.8125,
        0.8125,
        0.8125,
        0.8125,
        0.8125,
        0.8125,
        0.8125,
        0.8125
    ],
    "train_loss": [
        1.2058407068252563,
        0.5957412123680115,
        0.5876426100730896,
        0.5393904447555542,
        0.5102013349533081,
        0.5141282081604004,
        0.5110782980918884,
        0.5295826196670532,
        0.49628743529319763,
        0.5172654986381531
    ],
    "val_loss": [
        1.0466405153274536,
        0.7597320675849915,
        0.7010404467582703,
        0.6861640810966492,
        0.6794490218162537,
        0.6612622737884521,
        0.6567853093147278,
        0.6612823605537415,
        0.655076265335083,
        0.6487571597099304
    ],
    "communication_cost": 25.957305908203125,
    "size_model": 12.978652954101562
}