{
    "train_accuracy": [
        0.6983240246772766,
        0.9329608678817749,
        0.9329608678817749,
        0.9329608678817749,
        0.9329608678817749,
        0.9329608678817749,
        0.9329608678817749,
        0.9329608678817749,
        0.9329608678817749,
        0.9329608678817749
    ],
    "val_accuracy": [
        0.9210526347160339,
        0.9210526347160339,
        0.9210526347160339,
        0.9210526347160339,
        0.9210526347160339,
        0.9210526347160339,
        0.9210526347160339,
        0.9210526347160339,
        0.9210526347160339,
        0.9210526347160339
    ],
    "train_loss": [
        1.1138399839401245,
        0.5077440142631531,
        0.4591909945011139,
        0.3989662230014801,
        0.44078779220581055,
        0.42278093099594116,
        0.40858229994773865,
        0.40229567885398865,
        0.4231671094894409,
        0.41108375787734985
    ],
    "val_loss": [
        0.885017991065979,
        0.5349310040473938,
        0.5167149901390076,
        0.5875471830368042,
        0.5532330274581909,
        0.5224063992500305,
        0.5410707592964172,
        0.5538510084152222,
        0.5375954508781433,
        0.5361514091491699
    ],
    "communication_cost": 25.957305908203125,
    "size_model": 12.978652954101562
}