{
    "train_accuracy": [
        0.9830096960067749,
        0.9975728392601013,
        0.9975728392601013,
        0.9975728392601013,
        0.9975728392601013,
        0.9975728392601013,
        0.9975728392601013,
        0.9975728392601013,
        0.9975728392601013,
        0.9975728392601013
    ],
    "val_accuracy": [
        1.0,
        1.0,
        1.0,
        1.0,
        1.0,
        1.0,
        1.0,
        1.0,
        1.0,
        1.0
    ],
    "train_loss": [
        0.2647457420825958,
        0.1698162853717804,
        0.16636306047439575,
        0.1587957739830017,
        0.15428461134433746,
        0.15291963517665863,
        0.1529800444841385,
        0.1487506926059723,
        0.14938043057918549,
        0.1483999788761139
    ],
    "val_loss": [
        0.14135894179344177,
        0.1377943903207779,
        0.1396336555480957,
        0.15203270316123962,
        0.16587761044502258,
        0.15844915807247162,
        0.15162156522274017,
        0.15293008089065552,
        0.15177907049655914,
        0.150188148021698
    ],
    "communication_cost": 25.957305908203125,
    "size_model": 12.978652954101562
}