{
    "train_accuracy": [
        0.796954333782196,
        0.824365496635437,
        0.8355330228805542,
        0.8436548113822937,
        0.8467004895210266,
        0.8558375835418701,
        0.8527919054031372,
        0.8538070917129517,
        0.8649746179580688,
        0.8710659742355347
    ],
    "val_accuracy": [
        0.8388625383377075,
        0.829383909702301,
        0.8341231942176819,
        0.829383909702301,
        0.8436018824577332,
        0.829383909702301,
        0.829383909702301,
        0.8341231942176819,
        0.8151658773422241,
        0.8199052214622498
    ],
    "train_loss": [
        0.7040562033653259,
        0.6175206899642944,
        0.5906090140342712,
        0.586156964302063,
        0.564881443977356,
        0.5538648962974548,
        0.5365743637084961,
        0.5306476354598999,
        0.5093333125114441,
        0.4809264838695526
    ],
    "val_loss": [
        0.6751379370689392,
        0.6361011862754822,
        0.621252715587616,
        0.6261200904846191,
        0.5981442332267761,
        0.605240523815155,
        0.5995867848396301,
        0.601582407951355,
        0.6161996722221375,
        0.5986586213111877
    ],
    "communication_cost": 25.957305908203125,
    "size_model": 12.978652954101562
}