{
    "train_accuracy": [
        0.8100558519363403,
        0.9329608678817749,
        0.9329608678817749,
        0.9329608678817749,
        0.9329608678817749,
        0.9329608678817749,
        0.9329608678817749,
        0.9329608678817749,
        0.9329608678817749,
        0.9329608678817749
    ],
    "val_accuracy": [
        0.9210526347160339,
        0.9210526347160339,
        0.9210526347160339,
        0.9210526347160339,
        0.9210526347160339,
        0.9210526347160339,
        0.9210526347160339,
        0.9210526347160339,
        0.9210526347160339,
        0.9210526347160339
    ],
    "train_loss": [
        0.7472383975982666,
        0.40912461280822754,
        0.38869455456733704,
        0.3965437412261963,
        0.3900514245033264,
        0.3996868431568146,
        0.3928813338279724,
        0.38261857628822327,
        0.39097505807876587,
        0.3907012939453125
    ],
    "val_loss": [
        0.5438159108161926,
        0.4549688398838043,
        0.5077856183052063,
        0.4744558334350586,
        0.45694833993911743,
        0.48359569907188416,
        0.48458489775657654,
        0.47125816345214844,
        0.48025116324424744,
        0.47118914127349854
    ],
    "communication_cost": 25.957305908203125,
    "size_model": 12.978652954101562
}