{
    "train_accuracy": [
        0.8985507488250732,
        0.9396135210990906,
        0.9468598961830139,
        0.9516907930374146,
        0.9420289993286133,
        0.9492753744125366,
        0.9516907930374146,
        0.9516907930374146,
        0.9492753744125366,
        0.9541062712669373
    ],
    "val_accuracy": [
        0.6741573214530945,
        0.8314606547355652,
        0.8314606547355652,
        0.8314606547355652,
        0.8314606547355652,
        0.8202247023582458,
        0.8089887499809265,
        0.8089887499809265,
        0.8089887499809265,
        0.8089887499809265
    ],
    "train_loss": [
        0.460409939289093,
        0.3559103012084961,
        0.3397369682788849,
        0.3325900137424469,
        0.32983964681625366,
        0.3285219073295593,
        0.32279279828071594,
        0.31262657046318054,
        0.3040754795074463,
        0.29931366443634033
    ],
    "val_loss": [
        0.7997758984565735,
        0.5651038289070129,
        0.5384264588356018,
        0.5532482266426086,
        0.5634110569953918,
        0.5866397023200989,
        0.6130396127700806,
        0.6430626511573792,
        0.6631662845611572,
        0.6798842549324036
    ],
    "communication_cost": 25.957305908203125,
    "size_model": 12.978652954101562
}