{
    "train_accuracy": [
        0.8526570200920105,
        0.9251207709312439,
        0.9227052927017212,
        0.9202898740768433,
        0.9420289993286133,
        0.9492753744125366,
        0.9468598961830139,
        0.9396135210990906,
        0.9516907930374146,
        0.9492753744125366
    ],
    "val_accuracy": [
        0.7528089880943298,
        0.7752808928489685,
        0.7752808928489685,
        0.7640449404716492,
        0.7865168452262878,
        0.7752808928489685,
        0.7865168452262878,
        0.7865168452262878,
        0.7865168452262878,
        0.7865168452262878
    ],
    "train_loss": [
        0.566720187664032,
        0.40748652815818787,
        0.4057670533657074,
        0.39936020970344543,
        0.37102651596069336,
        0.34657272696495056,
        0.34919095039367676,
        0.3497563302516937,
        0.3353956937789917,
        0.3434055745601654
    ],
    "val_loss": [
        0.760129451751709,
        0.5802133083343506,
        0.6285579800605774,
        0.7189555764198303,
        0.6976606845855713,
        0.6144999861717224,
        0.6520091891288757,
        0.6552944183349609,
        0.6543139219284058,
        0.6449814438819885
    ],
    "communication_cost": 25.957305908203125,
    "size_model": 12.978652954101562
}