{
    "train_accuracy": [
        0.8108108043670654,
        0.8851351141929626,
        0.8851351141929626,
        0.8918918967247009,
        0.8851351141929626,
        0.8783783912658691,
        0.8986486196517944,
        0.8851351141929626,
        0.8986486196517944,
        0.8851351141929626
    ],
    "val_accuracy": [
        0.8125,
        0.8125,
        0.8125,
        0.8125,
        0.8125,
        0.8125,
        0.8125,
        0.8125,
        0.8125,
        0.8125
    ],
    "train_loss": [
        0.6428133845329285,
        0.5202245116233826,
        0.46051663160324097,
        0.43122631311416626,
        0.41726428270339966,
        0.42356938123703003,
        0.38733166456222534,
        0.3987032473087311,
        0.4071041941642761,
        0.37657105922698975
    ],
    "val_loss": [
        0.6718668937683105,
        0.5821957588195801,
        0.5648419857025146,
        0.5633941888809204,
        0.5541225075721741,
        0.5332775712013245,
        0.5297490358352661,
        0.5308150053024292,
        0.5209373831748962,
        0.5181856751441956
    ],
    "communication_cost": 25.957305908203125,
    "size_model": 12.978652954101562
}