{
    "train_accuracy": [
        0.7567567825317383,
        0.8851351141929626,
        0.8851351141929626,
        0.8851351141929626,
        0.8851351141929626,
        0.8851351141929626,
        0.8851351141929626,
        0.8851351141929626,
        0.8851351141929626,
        0.8851351141929626
    ],
    "val_accuracy": [
        0.8125,
        0.8125,
        0.8125,
        0.8125,
        0.8125,
        0.8125,
        0.8125,
        0.8125,
        0.8125,
        0.8125
    ],
    "train_loss": [
        1.5532255172729492,
        1.4225637912750244,
        1.1303743124008179,
        0.7257100939750671,
        0.682242751121521,
        0.698830246925354,
        0.6136870980262756,
        0.5880783200263977,
        0.5970066785812378,
        0.5727112889289856
    ],
    "val_loss": [
        1.5385384559631348,
        1.4243651628494263,
        1.1609587669372559,
        0.8489440083503723,
        0.8253552317619324,
        0.7753317356109619,
        0.7811979055404663,
        0.798009991645813,
        0.7696794867515564,
        0.7306949496269226
    ],
    "communication_cost": 25.957305908203125,
    "size_model": 12.978652954101562
}