{
    "train_accuracy": [
        0.9223300814628601,
        0.9975728392601013,
        0.9975728392601013,
        0.9975728392601013,
        0.9975728392601013,
        0.9975728392601013,
        0.9975728392601013,
        0.9975728392601013,
        0.9975728392601013,
        0.9975728392601013
    ],
    "val_accuracy": [
        1.0,
        1.0,
        1.0,
        1.0,
        1.0,
        1.0,
        1.0,
        1.0,
        1.0,
        1.0
    ],
    "train_loss": [
        1.410293459892273,
        0.45849931240081787,
        0.24470259249210358,
        0.23832909762859344,
        0.22468796372413635,
        0.21277682483196259,
        0.2081349641084671,
        0.1983288824558258,
        0.1977047175168991,
        0.1942133903503418
    ],
    "val_loss": [
        1.1982172727584839,
        0.20793919265270233,
        0.19433332979679108,
        0.1910732239484787,
        0.18925787508487701,
        0.19299478828907013,
        0.20582062005996704,
        0.21288885176181793,
        0.20481018722057343,
        0.19835428893566132
    ],
    "communication_cost": 25.957305908203125,
    "size_model": 12.978652954101562
}