{
    "train_accuracy": [
        0.75,
        0.8851351141929626,
        0.8851351141929626,
        0.8851351141929626,
        0.8851351141929626,
        0.8851351141929626,
        0.8851351141929626,
        0.8851351141929626,
        0.8851351141929626,
        0.8851351141929626
    ],
    "val_accuracy": [
        0.8125,
        0.8125,
        0.8125,
        0.8125,
        0.8125,
        0.8125,
        0.8125,
        0.8125,
        0.8125,
        0.8125
    ],
    "train_loss": [
        0.7927989363670349,
        0.5481418967247009,
        0.5103238821029663,
        0.507576048374176,
        0.4746793806552887,
        0.5070638060569763,
        0.512026309967041,
        0.47083210945129395,
        0.49229174852371216,
        0.4798937737941742
    ],
    "val_loss": [
        0.7866628170013428,
        0.6836162805557251,
        0.6413750052452087,
        0.6432356238365173,
        0.643508791923523,
        0.6422159075737,
        0.6397046446800232,
        0.6383223533630371,
        0.637481153011322,
        0.6349756121635437
    ],
    "communication_cost": 25.957305908203125,
    "size_model": 12.978652954101562
}