{
    "train_accuracy": [
        0.8961352705955505,
        0.9420289993286133,
        0.9420289993286133,
        0.9444444179534912,
        0.9420289993286133,
        0.9541062712669373,
        0.9589372277259827,
        0.9541062712669373,
        0.9492753744125366,
        0.9468598961830139
    ],
    "val_accuracy": [
        0.6067415475845337,
        0.8426966071128845,
        0.898876428604126,
        0.9101123809814453,
        0.8876404762268066,
        0.898876428604126,
        0.8876404762268066,
        0.8876404762268066,
        0.898876428604126,
        0.898876428604126
    ],
    "train_loss": [
        0.4508291780948639,
        0.323282927274704,
        0.33075574040412903,
        0.31810203194618225,
        0.31273719668388367,
        0.29154324531555176,
        0.28710609674453735,
        0.27852651476860046,
        0.28347453474998474,
        0.29939088225364685
    ],
    "val_loss": [
        0.9057720303535461,
        0.5744873881340027,
        0.43808674812316895,
        0.41666027903556824,
        0.45242762565612793,
        0.4802526533603668,
        0.4721694588661194,
        0.47434207797050476,
        0.46654990315437317,
        0.4357685446739197
    ],
    "communication_cost": 25.957305908203125,
    "size_model": 12.978652954101562
}