{
    "train_accuracy": [
        0.7874395847320557,
        0.8454106450080872,
        0.8454106450080872,
        0.8454106450080872,
        0.8454106450080872,
        0.8454106450080872,
        0.8454106450080872,
        0.8454106450080872,
        0.8454106450080872,
        0.8454106450080872
    ],
    "val_accuracy": [
        0.8651685118675232,
        0.8651685118675232,
        0.8651685118675232,
        0.8651685118675232,
        0.8651685118675232,
        0.8651685118675232,
        0.8651685118675232,
        0.8651685118675232,
        0.8651685118675232,
        0.8651685118675232
    ],
    "train_loss": [
        1.449494481086731,
        0.8822045922279358,
        0.7093619108200073,
        0.7055123448371887,
        0.6704649329185486,
        0.6409739851951599,
        0.6259468793869019,
        0.5951579809188843,
        0.5639999508857727,
        0.5286514163017273
    ],
    "val_loss": [
        1.2770947217941284,
        0.7148404717445374,
        0.8147211074829102,
        0.7376706600189209,
        0.7271325588226318,
        0.7209992408752441,
        0.7023918032646179,
        0.6804214715957642,
        0.6724087595939636,
        0.6733469367027283
    ],
    "communication_cost": 25.957305908203125,
    "size_model": 12.978652954101562
}