{
    "train_accuracy": [
        0.878911554813385,
        0.9156462550163269,
        0.9265305995941162,
        0.9374149441719055,
        0.9319728016853333,
        0.9319728016853333,
        0.9319728016853333,
        0.9442176818847656,
        0.9442176818847656,
        0.9374149441719055
    ],
    "val_accuracy": [
        0.8227847814559937,
        0.8734177350997925,
        0.8417721390724182,
        0.8481012582778931,
        0.8417721390724182,
        0.8481012582778931,
        0.8544303774833679,
        0.8544303774833679,
        0.8481012582778931,
        0.8544303774833679
    ],
    "train_loss": [
        0.510542631149292,
        0.34623709321022034,
        0.3348836600780487,
        0.31362295150756836,
        0.30881252884864807,
        0.3113788962364197,
        0.29662296175956726,
        0.2878871262073517,
        0.28790462017059326,
        0.2831847667694092
    ],
    "val_loss": [
        0.5381961464881897,
        0.5197149515151978,
        0.5276592373847961,
        0.5166361331939697,
        0.5122806429862976,
        0.5180054903030396,
        0.5007859468460083,
        0.49222058057785034,
        0.487469881772995,
        0.4820312261581421
    ],
    "communication_cost": 25.957305908203125,
    "size_model": 12.978652954101562
}