{
    "train_accuracy": [
        0.8233502507209778,
        0.8436548113822937,
        0.8548223376274109,
        0.8548223376274109,
        0.8720812201499939,
        0.8710659742355347,
        0.8781725764274597,
        0.8812182545661926,
        0.8923857808113098,
        0.8913705348968506
    ],
    "val_accuracy": [
        0.829383909702301,
        0.8530805706977844,
        0.8625592589378357,
        0.8672986030578613,
        0.8625592589378357,
        0.8578199148178101,
        0.8672986030578613,
        0.8625592589378357,
        0.8530805706977844,
        0.8436018824577332
    ],
    "train_loss": [
        0.6085663437843323,
        0.5369876623153687,
        0.513500452041626,
        0.5017421841621399,
        0.47653883695602417,
        0.47219622135162354,
        0.452913761138916,
        0.44080662727355957,
        0.43075788021087646,
        0.423630028963089
    ],
    "val_loss": [
        0.6383314728736877,
        0.5835058689117432,
        0.5766927003860474,
        0.5603021383285522,
        0.5678344964981079,
        0.5661227703094482,
        0.5573725700378418,
        0.5804393291473389,
        0.6017816066741943,
        0.5990073084831238
    ],
    "communication_cost": 25.957305908203125,
    "size_model": 12.978652954101562
}