{
    "train_accuracy": [
        0.7309644818305969,
        0.7817258834838867,
        0.7979695200920105,
        0.8050761222839355,
        0.807106614112854,
        0.8091370463371277,
        0.8152284026145935,
        0.8253806829452515,
        0.8223350048065186,
        0.8294416069984436
    ],
    "val_accuracy": [
        0.829383909702301,
        0.7867298722267151,
        0.7867298722267151,
        0.7914692163467407,
        0.7962085604667664,
        0.7914692163467407,
        0.8056871891021729,
        0.8009478449821472,
        0.8104265332221985,
        0.8056871891021729
    ],
    "train_loss": [
        0.9360410571098328,
        0.7820316553115845,
        0.7131457924842834,
        0.6952230930328369,
        0.6712018251419067,
        0.6646572351455688,
        0.6521269083023071,
        0.6369697451591492,
        0.62360018491745,
        0.6101704835891724
    ],
    "val_loss": [
        0.8407324552536011,
        0.7864102721214294,
        0.7574962377548218,
        0.7302697896957397,
        0.7182214856147766,
        0.7161074876785278,
        0.6986386179924011,
        0.690633237361908,
        0.6812617778778076,
        0.6832666397094727
    ],
    "communication_cost": 25.957305908203125,
    "size_model": 12.978652954101562
}