{
    "train_accuracy": [
        0.9684466123580933,
        0.9975728392601013,
        0.9975728392601013,
        0.9975728392601013,
        0.9975728392601013,
        0.9975728392601013,
        0.9975728392601013,
        0.9975728392601013,
        0.9975728392601013,
        0.9975728392601013
    ],
    "val_accuracy": [
        1.0,
        1.0,
        1.0,
        1.0,
        1.0,
        1.0,
        1.0,
        1.0,
        1.0,
        1.0
    ],
    "train_loss": [
        0.23466919362545013,
        0.16423840820789337,
        0.15973138809204102,
        0.1461728811264038,
        0.1418740302324295,
        0.14229273796081543,
        0.1432369500398636,
        0.14018291234970093,
        0.1380818486213684,
        0.13565365970134735
    ],
    "val_loss": [
        0.12896700203418732,
        0.1273372769355774,
        0.1290704607963562,
        0.13904930651187897,
        0.14692282676696777,
        0.14198201894760132,
        0.1384827345609665,
        0.14026211202144623,
        0.13867633044719696,
        0.1360899806022644
    ],
    "communication_cost": 25.957305908203125,
    "size_model": 12.978652954101562
}