{
    "train_accuracy": [
        0.8212290406227112,
        0.9329608678817749,
        0.9329608678817749,
        0.9329608678817749,
        0.9329608678817749,
        0.9329608678817749,
        0.9329608678817749,
        0.9329608678817749,
        0.9329608678817749,
        0.9329608678817749
    ],
    "val_accuracy": [
        0.9210526347160339,
        0.9210526347160339,
        0.9210526347160339,
        0.9210526347160339,
        0.9210526347160339,
        0.9210526347160339,
        0.9210526347160339,
        0.9210526347160339,
        0.9210526347160339,
        0.9210526347160339
    ],
    "train_loss": [
        0.6450749635696411,
        0.39455482363700867,
        0.3775230646133423,
        0.38836613297462463,
        0.3682362735271454,
        0.3673350214958191,
        0.3536860942840576,
        0.3814004957675934,
        0.3746143579483032,
        0.36220255494117737
    ],
    "val_loss": [
        0.4603365957736969,
        0.4327412545681,
        0.4766535460948944,
        0.4459172785282135,
        0.44389814138412476,
        0.4534788131713867,
        0.4420211613178253,
        0.42769381403923035,
        0.42624592781066895,
        0.42631426453590393
    ],
    "communication_cost": 25.957305908203125,
    "size_model": 12.978652954101562
}