{
    "train_accuracy": [
        0.9020408391952515,
        0.9265305995941162,
        0.9442176818847656,
        0.9442176818847656,
        0.9455782175064087,
        0.9482993483543396,
        0.9496598839759827,
        0.956462562084198,
        0.956462562084198,
        0.9482993483543396
    ],
    "val_accuracy": [
        0.8607594966888428,
        0.8544303774833679,
        0.8607594966888428,
        0.8544303774833679,
        0.8670886158943176,
        0.8670886158943176,
        0.8734177350997925,
        0.8797468543052673,
        0.892405092716217,
        0.892405092716217
    ],
    "train_loss": [
        0.39758577942848206,
        0.30077916383743286,
        0.28272607922554016,
        0.2714250981807709,
        0.2682359218597412,
        0.2586885094642639,
        0.2538108229637146,
        0.2508017420768738,
        0.24404945969581604,
        0.2506076991558075
    ],
    "val_loss": [
        0.44851386547088623,
        0.47478413581848145,
        0.47204849123954773,
        0.45779722929000854,
        0.46081283688545227,
        0.4477604329586029,
        0.436366468667984,
        0.4318142533302307,
        0.42775312066078186,
        0.41645678877830505
    ],
    "communication_cost": 25.957305908203125,
    "size_model": 12.978652954101562
}