{
    "train_accuracy": [
        0.5807106494903564,
        0.6020304560661316,
        0.6223350167274475,
        0.7563451528549194,
        0.7939086556434631,
        0.8010152578353882,
        0.8111675381660461,
        0.8152284026145935,
        0.8192893266677856,
        0.8182741403579712
    ],
    "val_accuracy": [
        0.6161137223243713,
        0.6161137223243713,
        0.7156398296356201,
        0.8151658773422241,
        0.8151658773422241,
        0.8199052214622498,
        0.8056871891021729,
        0.7962085604667664,
        0.8151658773422241,
        0.8056871891021729
    ],
    "train_loss": [
        1.3369449377059937,
        1.1680691242218018,
        1.1028047800064087,
        0.9400914907455444,
        0.7862358093261719,
        0.7510058283805847,
        0.7220767736434937,
        0.7005201578140259,
        0.6798997521400452,
        0.6659261584281921
    ],
    "val_loss": [
        1.2812960147857666,
        1.241758108139038,
        1.1462583541870117,
        0.8764472603797913,
        0.813591718673706,
        0.7747576236724854,
        0.761288583278656,
        0.7492071986198425,
        0.7299540638923645,
        0.7235954999923706
    ],
    "communication_cost": 25.957305908203125,
    "size_model": 12.978652954101562
}