{
    "train_accuracy": [
        0.893203854560852,
        0.9975728392601013,
        0.9975728392601013,
        0.9975728392601013,
        0.9975728392601013,
        0.9975728392601013,
        0.9975728392601013,
        0.9975728392601013,
        0.9975728392601013,
        0.9975728392601013
    ],
    "val_accuracy": [
        1.0,
        1.0,
        1.0,
        1.0,
        1.0,
        1.0,
        1.0,
        1.0,
        1.0,
        1.0
    ],
    "train_loss": [
        0.6258517503738403,
        0.19180433452129364,
        0.1989791840314865,
        0.18663963675498962,
        0.1699381023645401,
        0.17296621203422546,
        0.172238290309906,
        0.16745153069496155,
        0.16343528032302856,
        0.16370336711406708
    ],
    "val_loss": [
        0.21085196733474731,
        0.15771783888339996,
        0.15640093386173248,
        0.16105026006698608,
        0.17568551003932953,
        0.1888592392206192,
        0.18818046152591705,
        0.18509162962436676,
        0.17982006072998047,
        0.179298996925354
    ],
    "communication_cost": 25.957305908203125,
    "size_model": 12.978652954101562
}