{
    "train_accuracy": [
        0.8435373902320862,
        0.9115646481513977,
        0.9115646481513977,
        0.922448992729187,
        0.922448992729187,
        0.9238095283508301,
        0.9333333373069763,
        0.9346938729286194,
        0.9319728016853333,
        0.9374149441719055
    ],
    "val_accuracy": [
        0.8481012582778931,
        0.8481012582778931,
        0.8417721390724182,
        0.8607594966888428,
        0.8607594966888428,
        0.8607594966888428,
        0.8544303774833679,
        0.8607594966888428,
        0.8544303774833679,
        0.8417721390724182
    ],
    "train_loss": [
        0.7496350407600403,
        0.4650770127773285,
        0.3954944908618927,
        0.34611424803733826,
        0.32765620946884155,
        0.3269076943397522,
        0.32024139165878296,
        0.30714407563209534,
        0.31168049573898315,
        0.29734861850738525
    ],
    "val_loss": [
        0.678913950920105,
        0.6008368134498596,
        0.5666856169700623,
        0.5608260631561279,
        0.5564919710159302,
        0.5501863360404968,
        0.5474213361740112,
        0.534167468547821,
        0.5292390584945679,
        0.5164865255355835
    ],
    "communication_cost": 25.957305908203125,
    "size_model": 12.978652954101562
}