{
    "train_accuracy": [
        0.7560386657714844,
        0.8454106450080872,
        0.8502415418624878,
        0.8816425204277039,
        0.9299516677856445,
        0.9420289993286133,
        0.9420289993286133,
        0.9444444179534912,
        0.9444444179534912,
        0.9444444179534912
    ],
    "val_accuracy": [
        0.8651685118675232,
        0.8651685118675232,
        0.8651685118675232,
        0.9101123809814453,
        0.898876428604126,
        0.8651685118675232,
        0.8764045238494873,
        0.8876404762268066,
        0.9101123809814453,
        0.8539325594902039
    ],
    "train_loss": [
        0.9314789175987244,
        0.6044337153434753,
        0.5448794364929199,
        0.49071523547172546,
        0.4328025281429291,
        0.4144877791404724,
        0.3993874192237854,
        0.38896432518959045,
        0.3788210451602936,
        0.37119635939598083
    ],
    "val_loss": [
        0.6893680095672607,
        0.6796711087226868,
        0.6487560868263245,
        0.6053200960159302,
        0.5869755148887634,
        0.5884530544281006,
        0.5835179090499878,
        0.5639376044273376,
        0.534223735332489,
        0.5530214905738831
    ],
    "communication_cost": 25.957305908203125,
    "size_model": 12.978652954101562
}