{
    "train_accuracy": [
        0.7888324856758118,
        0.8223350048065186,
        0.824365496635437,
        0.8314720988273621,
        0.8294416069984436,
        0.8335025310516357,
        0.8507614135742188,
        0.8467004895210266,
        0.8507614135742188,
        0.8558375835418701
    ],
    "val_accuracy": [
        0.7914692163467407,
        0.8388625383377075,
        0.8246445655822754,
        0.8388625383377075,
        0.8341231942176819,
        0.8436018824577332,
        0.8530805706977844,
        0.8530805706977844,
        0.8436018824577332,
        0.8483412265777588
    ],
    "train_loss": [
        0.7454861402511597,
        0.6500138640403748,
        0.630094051361084,
        0.6134930849075317,
        0.6114221811294556,
        0.5826531052589417,
        0.5632559061050415,
        0.5665529370307922,
        0.542654812335968,
        0.5292915105819702
    ],
    "val_loss": [
        0.7480196356773376,
        0.6551933884620667,
        0.6508762240409851,
        0.6329132914543152,
        0.6247422099113464,
        0.6186976432800293,
        0.6020272970199585,
        0.5996274352073669,
        0.6060996055603027,
        0.5865042805671692
    ],
    "communication_cost": 25.957305908203125,
    "size_model": 12.978652954101562
}