{
    "1": {
        "loss": 1.542628184273863,
        "loss_val": 1.532644617730851,
        "loss_test": 1.542628184273863,
        "val_accuracy": 0.2692034819580145,
        "test_accuracy": 0.242326329657823,
        "test_f1-score": 0.08651966466909594,
        "CV": 1.7352809477093565
    },
    "2": {
        "loss": 1.2563681506186193,
        "loss_val": 1.2279994568647592,
        "loss_test": 1.2563681506186193,
        "val_accuracy": 0.5521597228884119,
        "test_accuracy": 0.5169628526600188,
        "test_f1-score": 0.3277770346658584,
        "CV": 0.9706433240196506
    },
    "3": {
        "loss": 1.08494109810843,
        "loss_val": 1.0552937395160533,
        "loss_test": 1.08494109810843,
        "val_accuracy": 0.6187727796049225,
        "test_accuracy": 0.5993537962532967,
        "test_f1-score": 0.3868240468191122,
        "CV": 0.7373088651090304
    },
    "4": {
        "loss": 1.0405205906111512,
        "loss_val": 0.9982480159291158,
        "loss_test": 1.0405205906111512,
        "val_accuracy": 0.6705138130603969,
        "test_accuracy": 0.6171243871067182,
        "test_f1-score": 0.37248285655530655,
        "CV": 0.7684929478091601
    },
    "5": {
        "loss": 0.9930966640905339,
        "loss_val": 0.9553697255585998,
        "loss_test": 0.9930966640905339,
        "val_accuracy": 0.6803016919696852,
        "test_accuracy": 0.6413570281376938,
        "test_f1-score": 0.3956636722030287,
        "CV": 0.723044772884334
    }
}