{
    "train_accuracy": [
        0.8156424760818481,
        0.9329608678817749,
        0.9329608678817749,
        0.9329608678817749,
        0.9329608678817749,
        0.9329608678817749,
        0.9329608678817749,
        0.9329608678817749,
        0.9329608678817749,
        0.9329608678817749
    ],
    "val_accuracy": [
        0.9210526347160339,
        0.9210526347160339,
        0.9210526347160339,
        0.9210526347160339,
        0.9210526347160339,
        0.9210526347160339,
        0.9210526347160339,
        0.9210526347160339,
        0.9210526347160339,
        0.9210526347160339
    ],
    "train_loss": [
        0.6476799249649048,
        0.4096066355705261,
        0.37445902824401855,
        0.41340598464012146,
        0.39114704728126526,
        0.3636949360370636,
        0.36850622296333313,
        0.3771199584007263,
        0.3592044711112976,
        0.34431448578834534
    ],
    "val_loss": [
        0.48069849610328674,
        0.44109785556793213,
        0.48917680978775024,
        0.44993218779563904,
        0.4389634430408478,
        0.4437902271747589,
        0.44264182448387146,
        0.4311056137084961,
        0.42001575231552124,
        0.4133651852607727
    ],
    "communication_cost": 25.957305908203125,
    "size_model": 12.978652954101562
}