{
    "train_accuracy": [
        0.8925170302391052,
        0.9115646481513977,
        0.9115646481513977,
        0.9115646481513977,
        0.9115646481513977,
        0.9102040529251099,
        0.9088435173034668,
        0.9102040529251099,
        0.9088435173034668,
        0.9197278618812561
    ],
    "val_accuracy": [
        0.8481012582778931,
        0.8481012582778931,
        0.8481012582778931,
        0.8481012582778931,
        0.8481012582778931,
        0.8481012582778931,
        0.8417721390724182,
        0.8227847814559937,
        0.8291139006614685,
        0.8481012582778931
    ],
    "train_loss": [
        1.1202952861785889,
        0.586189866065979,
        0.5332592725753784,
        0.5042716264724731,
        0.4629250466823578,
        0.42820870876312256,
        0.39312994480133057,
        0.3821205198764801,
        0.3552897274494171,
        0.34423398971557617
    ],
    "val_loss": [
        0.7972494959831238,
        0.758971095085144,
        0.710385262966156,
        0.6718791127204895,
        0.6243008375167847,
        0.5587950348854065,
        0.5485106110572815,
        0.5558515787124634,
        0.537253201007843,
        0.516110897064209
    ],
    "communication_cost": 25.957305908203125,
    "size_model": 12.978652954101562
}