{
    "train_accuracy": [
        0.6312154531478882,
        0.669889509677887,
        0.7071823477745056,
        0.7044199109077454,
        0.7237569093704224,
        0.7555248737335205,
        0.7707182168960571,
        0.7886740565299988,
        0.7859116196632385,
        0.8038673996925354
    ],
    "val_accuracy": [
        0.5032258033752441,
        0.5548387169837952,
        0.5032258033752441,
        0.4838709533214569,
        0.5612903237342834,
        0.6064516305923462,
        0.5870967507362366,
        0.5612903237342834,
        0.522580623626709,
        0.4903225898742676
    ],
    "train_loss": [
        0.9302622079849243,
        0.8909178972244263,
        0.8098894953727722,
        0.7899181842803955,
        0.7813578248023987,
        0.7510984539985657,
        0.6885448694229126,
        0.650906503200531,
        0.6308355331420898,
        0.6205412149429321
    ],
    "val_loss": [
        1.2816731929779053,
        1.1379368305206299,
        1.2537922859191895,
        1.3452924489974976,
        1.162943720817566,
        1.0239341259002686,
        1.1480307579040527,
        1.3046761751174927,
        1.423352599143982,
        1.5383738279342651
    ],
    "communication_cost": 25.957305908203125,
    "size_model": 12.978652954101562
}