{
    "train_accuracy": [
        0.9077490568161011,
        0.9280442595481873,
        0.9418818950653076,
        0.9446494579315186,
        0.9501845240592957,
        0.9409593939781189,
        0.9594095945358276,
        0.9538745284080505,
        0.9603320956230164,
        0.9501845240592957
    ],
    "val_accuracy": [
        0.8965517282485962,
        0.875,
        0.8793103694915771,
        0.875,
        0.857758641242981,
        0.8706896305084229,
        0.8620689511299133,
        0.8534482717514038,
        0.8620689511299133,
        0.8620689511299133
    ],
    "train_loss": [
        0.3821457624435425,
        0.3204517662525177,
        0.30399033427238464,
        0.2916942238807678,
        0.2743569016456604,
        0.2863834798336029,
        0.2572404444217682,
        0.2579745054244995,
        0.2421194314956665,
        0.24348390102386475
    ],
    "val_loss": [
        0.4347328543663025,
        0.5158718228340149,
        0.5104374289512634,
        0.5433652400970459,
        0.5653876066207886,
        0.5482243895530701,
        0.527202844619751,
        0.547913670539856,
        0.5258047580718994,
        0.5304175615310669
    ],
    "communication_cost": 25.957305908203125,
    "size_model": 12.978652954101562
}