{
    "train_accuracy": [
        0.7189440727233887,
        0.79347825050354,
        0.8105590343475342,
        0.804347813129425,
        0.8307453393936157,
        0.8276397585868835,
        0.8322981595993042,
        0.840062141418457,
        0.8307453393936157,
        0.8385093212127686
    ],
    "val_accuracy": [
        0.7898550629615784,
        0.760869562625885,
        0.760869562625885,
        0.760869562625885,
        0.760869562625885,
        0.782608687877655,
        0.760869562625885,
        0.760869562625885,
        0.7898550629615784,
        0.782608687877655
    ],
    "train_loss": [
        0.8183482885360718,
        0.6739839911460876,
        0.6325051188468933,
        0.6192229390144348,
        0.5855483412742615,
        0.5663295388221741,
        0.5716641545295715,
        0.5447961091995239,
        0.5577215552330017,
        0.5454297065734863
    ],
    "val_loss": [
        0.7399269938468933,
        0.757912814617157,
        0.7238352298736572,
        0.7151289582252502,
        0.7079002857208252,
        0.6656543016433716,
        0.692840039730072,
        0.6592071652412415,
        0.6178168058395386,
        0.6354372501373291
    ],
    "communication_cost": 25.957305908203125,
    "size_model": 12.978652954101562
}