{
    "train_accuracy": [
        0.892988920211792,
        0.9132841229438782,
        0.919741690158844,
        0.9234317541122437,
        0.9225092530250549,
        0.9234317541122437,
        0.9308118224143982,
        0.9354243278503418,
        0.9354243278503418,
        0.9400368928909302
    ],
    "val_accuracy": [
        0.8232758641242981,
        0.818965494632721,
        0.8275862336158752,
        0.8275862336158752,
        0.806034505367279,
        0.8017241358757019,
        0.8275862336158752,
        0.8146551847457886,
        0.806034505367279,
        0.818965494632721
    ],
    "train_loss": [
        0.44678646326065063,
        0.37313342094421387,
        0.3638956546783447,
        0.36394646763801575,
        0.3564402461051941,
        0.3463399112224579,
        0.3316532373428345,
        0.3299635052680969,
        0.32691776752471924,
        0.3073326051235199
    ],
    "val_loss": [
        0.5758653879165649,
        0.6085692048072815,
        0.5988922715187073,
        0.5947102904319763,
        0.6280474066734314,
        0.6456992626190186,
        0.5984588265419006,
        0.6394702792167664,
        0.6436550617218018,
        0.6212940812110901
    ],
    "communication_cost": 25.957305908203125,
    "size_model": 12.978652954101562
}