{
    "train_accuracy": [
        0.8846863508224487,
        0.9225092530250549,
        0.9234317541122437,
        0.9261992573738098,
        0.9326568245887756,
        0.9345018267631531,
        0.9317343235015869,
        0.9381918907165527,
        0.9418818950653076,
        0.946494460105896
    ],
    "val_accuracy": [
        0.8146551847457886,
        0.857758641242981,
        0.857758641242981,
        0.8491379022598267,
        0.8491379022598267,
        0.857758641242981,
        0.857758641242981,
        0.8448275923728943,
        0.8318965435028076,
        0.875
    ],
    "train_loss": [
        0.4446207880973816,
        0.34640952944755554,
        0.3395519554615021,
        0.33607029914855957,
        0.32083001732826233,
        0.31087929010391235,
        0.30228349566459656,
        0.2979191541671753,
        0.28656917810440063,
        0.2757113575935364
    ],
    "val_loss": [
        0.5851192474365234,
        0.5325027704238892,
        0.5392143130302429,
        0.5609074831008911,
        0.5433239936828613,
        0.5102243423461914,
        0.5255351662635803,
        0.5531271696090698,
        0.5555726885795593,
        0.5018015503883362
    ],
    "communication_cost": 25.957305908203125,
    "size_model": 12.978652954101562
}