{
    "train_accuracy": [
        0.6919431090354919,
        0.7725118398666382,
        0.8009478449821472,
        0.8080568909645081,
        0.829383909702301,
        0.8388625383377075,
        0.8436018824577332,
        0.8578199148178101,
        0.850710928440094,
        0.8649289011955261
    ],
    "val_accuracy": [
        0.7555555701255798,
        0.7444444298744202,
        0.7666666507720947,
        0.7111111283302307,
        0.7444444298744202,
        0.7555555701255798,
        0.7333333492279053,
        0.7666666507720947,
        0.7555555701255798,
        0.7666666507720947
    ],
    "train_loss": [
        0.8433691263198853,
        0.6603536605834961,
        0.6152039170265198,
        0.604852020740509,
        0.5800592303276062,
        0.5465747117996216,
        0.5408486723899841,
        0.510542631149292,
        0.5181054472923279,
        0.5099901556968689
    ],
    "val_loss": [
        0.7331276535987854,
        0.7735936641693115,
        0.7893190979957581,
        0.8299712538719177,
        0.8072672486305237,
        0.8046826124191284,
        0.8215272426605225,
        0.7397142052650452,
        0.7675034999847412,
        0.7443467974662781
    ],
    "communication_cost": 25.957305908203125,
    "size_model": 12.978652954101562
}