{
    "train_accuracy": [
        0.6014760136604309,
        0.6863468885421753,
        0.8330258131027222,
        0.8745387196540833,
        0.9003689885139465,
        0.910516619682312,
        0.9132841229438782,
        0.9114391207695007,
        0.9114391207695007,
        0.919741690158844
    ],
    "val_accuracy": [
        0.6465517282485962,
        0.7112069129943848,
        0.8706896305084229,
        0.857758641242981,
        0.8663793206214905,
        0.8663793206214905,
        0.8663793206214905,
        0.8793103694915771,
        0.8706896305084229,
        0.8793103694915771
    ],
    "train_loss": [
        1.0762075185775757,
        0.836292028427124,
        0.6282519102096558,
        0.5234277844429016,
        0.4659267067909241,
        0.44373181462287903,
        0.42495396733283997,
        0.41631510853767395,
        0.41580721735954285,
        0.4020978808403015
    ],
    "val_loss": [
        0.8987928628921509,
        0.8529927730560303,
        0.5726549625396729,
        0.5732111930847168,
        0.5535717010498047,
        0.5343568325042725,
        0.5361462235450745,
        0.519984781742096,
        0.5206812024116516,
        0.5032725930213928
    ],
    "communication_cost": 25.957305908203125,
    "size_model": 12.978652954101562
}