{
    "train_accuracy": [
        0.7890995144844055,
        0.8388625383377075,
        0.8720378875732422,
        0.8625592589378357,
        0.8862559199333191,
        0.8767772316932678,
        0.8957346081733704,
        0.9052132964134216,
        0.900473952293396,
        0.9170616269111633
    ],
    "val_accuracy": [
        0.7555555701255798,
        0.7666666507720947,
        0.7666666507720947,
        0.7555555701255798,
        0.7555555701255798,
        0.7555555701255798,
        0.7555555701255798,
        0.7555555701255798,
        0.7555555701255798,
        0.7444444298744202
    ],
    "train_loss": [
        0.6458476781845093,
        0.5295893549919128,
        0.5005275011062622,
        0.48371100425720215,
        0.44265809655189514,
        0.420756071805954,
        0.4149481952190399,
        0.3989366292953491,
        0.3702908456325531,
        0.34842172265052795
    ],
    "val_loss": [
        0.6452016830444336,
        0.6378830671310425,
        0.6870911717414856,
        0.6798328757286072,
        0.7052662372589111,
        0.7180839776992798,
        0.770200788974762,
        0.7062550783157349,
        0.6985979080200195,
        0.7191652059555054
    ],
    "communication_cost": 25.957305908203125,
    "size_model": 12.978652954101562
}