{
    "train_accuracy": [
        0.6279621124267578,
        0.7014217972755432,
        0.7203791737556458,
        0.7511848211288452,
        0.7677724957466125,
        0.8080568909645081,
        0.7938388586044312,
        0.8080568909645081,
        0.8009478449821472,
        0.8127962350845337
    ],
    "val_accuracy": [
        0.6888889074325562,
        0.7222222089767456,
        0.7444444298744202,
        0.7444444298744202,
        0.7555555701255798,
        0.7222222089767456,
        0.7333333492279053,
        0.7444444298744202,
        0.7222222089767456,
        0.7111111283302307
    ],
    "train_loss": [
        0.9784999489784241,
        0.8055317401885986,
        0.7616053819656372,
        0.7228301167488098,
        0.6818539500236511,
        0.6498399376869202,
        0.6382091045379639,
        0.6190850734710693,
        0.5926258563995361,
        0.5779514312744141
    ],
    "val_loss": [
        0.8370922803878784,
        0.853955090045929,
        0.8483039140701294,
        0.8241984844207764,
        0.8131030797958374,
        0.8053566813468933,
        0.7960410118103027,
        0.7771024703979492,
        0.7904664874076843,
        0.7789326906204224
    ],
    "communication_cost": 25.957305908203125,
    "size_model": 12.978652954101562
}