{
    "train_accuracy": [
        0.6671270728111267,
        0.7127071619033813,
        0.7541436553001404,
        0.7817679643630981,
        0.7762430906295776,
        0.7928176522254944,
        0.8135359287261963,
        0.8383978009223938,
        0.8328729271888733,
        0.8632596731185913
    ],
    "val_accuracy": [
        0.5483871102333069,
        0.6129032373428345,
        0.5677419304847717,
        0.5612903237342834,
        0.5419355034828186,
        0.5806451439857483,
        0.5677419304847717,
        0.5548387169837952,
        0.5870967507362366,
        0.6129032373428345
    ],
    "train_loss": [
        0.8658544421195984,
        0.8024680614471436,
        0.7118293642997742,
        0.6748967170715332,
        0.659552276134491,
        0.6256247162818909,
        0.5868513584136963,
        0.5534510612487793,
        0.5400689244270325,
        0.4968079626560211
    ],
    "val_loss": [
        1.3149608373641968,
        1.0425825119018555,
        1.2208762168884277,
        1.2975246906280518,
        1.3548184633255005,
        1.2969075441360474,
        1.294237494468689,
        1.3496029376983643,
        1.2651910781860352,
        1.2720577716827393
    ],
    "communication_cost": 25.957305908203125,
    "size_model": 12.978652954101562
}