{
    "train_accuracy": [
        0.804347813129425,
        0.850931704044342,
        0.850931704044342,
        0.8602484464645386,
        0.8586956262588501,
        0.8711180090904236,
        0.8602484464645386,
        0.8819875717163086,
        0.8835403919219971,
        0.899068295955658
    ],
    "val_accuracy": [
        0.8188405632972717,
        0.7898550629615784,
        0.804347813129425,
        0.8188405632972717,
        0.8115941882133484,
        0.8188405632972717,
        0.8115941882133484,
        0.7753623127937317,
        0.8260869383811951,
        0.8188405632972717
    ],
    "train_loss": [
        0.5998707413673401,
        0.5234314799308777,
        0.4866228699684143,
        0.4664156436920166,
        0.45865774154663086,
        0.4439740777015686,
        0.4436846971511841,
        0.4444860517978668,
        0.4123908579349518,
        0.37840500473976135
    ],
    "val_loss": [
        0.6127726435661316,
        0.6376197934150696,
        0.6080685257911682,
        0.5963653922080994,
        0.5984584093093872,
        0.5890016555786133,
        0.6125153303146362,
        0.6491961479187012,
        0.5977969169616699,
        0.6006704568862915
    ],
    "communication_cost": 25.957305908203125,
    "size_model": 12.978652954101562
}