{
    "1": {
        "loss": 1.4638164746356896,
        "loss_val": 1.4682349064816183,
        "loss_test": 1.4638164746356896,
        "val_accuracy": 0.3076424791758973,
        "test_accuracy": 0.31987076158814365,
        "test_f1-score": 0.1922372039614364,
        "CV": 0.3791580700240735
    },
    "2": {
        "loss": 1.3798947164815925,
        "loss_val": 1.3905557054117539,
        "loss_test": 1.3798947164815925,
        "val_accuracy": 0.4678540525172562,
        "test_accuracy": 0.4717285886816139,
        "test_f1-score": 0.31013265208635976,
        "CV": 0.7800404560566216
    },
    "3": {
        "loss": 1.3904122776669332,
        "loss_val": 1.3240947103269267,
        "loss_test": 1.3904122776669332,
        "val_accuracy": 0.5525735825637238,
        "test_accuracy": 0.5444264967048689,
        "test_f1-score": 0.36923480569857764,
        "CV": 0.5628525620950157
    },
    "4": {
        "loss": 1.3741805698836949,
        "loss_val": 1.3343554134322677,
        "loss_test": 1.3741805698836949,
        "val_accuracy": 0.5900751447639095,
        "test_accuracy": 0.5686591388432005,
        "test_f1-score": 0.3750465563254065,
        "CV": 0.5440915900051303
    },
    "5": {
        "loss": 1.2226619022343195,
        "loss_val": 1.2171041519653432,
        "loss_test": 1.2226619022343195,
        "val_accuracy": 0.6079602652682241,
        "test_accuracy": 0.6106623723164128,
        "test_f1-score": 0.4021093978884818,
        "CV": 0.4914942427700032
    }
}