{
    "train_accuracy": [
        0.47375690937042236,
        0.5234806537628174,
        0.5290055274963379,
        0.5455800890922546,
        0.5842541456222534,
        0.5939226746559143,
        0.6063535809516907,
        0.639502763748169,
        0.65055251121521,
        0.6823204159736633
    ],
    "val_accuracy": [
        0.47741934657096863,
        0.35483869910240173,
        0.44516128301620483,
        0.4516128897666931,
        0.38064515590667725,
        0.40645161271095276,
        0.42580646276474,
        0.43870967626571655,
        0.43225806951522827,
        0.522580623626709
    ],
    "train_loss": [
        1.2626632452011108,
        1.1697918176651,
        1.1417865753173828,
        1.0823047161102295,
        1.023807406425476,
        1.0105291604995728,
        0.9752317667007446,
        0.9531148672103882,
        0.9224065542221069,
        0.9106156229972839
    ],
    "val_loss": [
        1.3901313543319702,
        1.4380253553390503,
        1.336005449295044,
        1.3076258897781372,
        1.4231036901474,
        1.4010579586029053,
        1.383375644683838,
        1.4010506868362427,
        1.408643364906311,
        1.2244938611984253
    ],
    "communication_cost": 25.957305908203125,
    "size_model": 12.978652954101562
}