{
    "train_accuracy": [
        0.4905213415622711,
        0.5829383730888367,
        0.5829383730888367,
        0.5924170613288879,
        0.6184834241867065,
        0.6113743782043457,
        0.6421800851821899,
        0.6635071039199829,
        0.6587677597999573,
        0.6753554344177246
    ],
    "val_accuracy": [
        0.5666666626930237,
        0.6000000238418579,
        0.6555555462837219,
        0.6555555462837219,
        0.644444465637207,
        0.6222222447395325,
        0.6333333253860474,
        0.6333333253860474,
        0.644444465637207,
        0.6222222447395325
    ],
    "train_loss": [
        1.4434728622436523,
        0.9868891835212708,
        0.9618133902549744,
        0.9555766582489014,
        0.9333903789520264,
        0.9046832919120789,
        0.8930512070655823,
        0.8714106678962708,
        0.8610305190086365,
        0.8448857069015503
    ],
    "val_loss": [
        1.2767583131790161,
        0.9218798875808716,
        0.9925169944763184,
        1.012434720993042,
        0.9620682001113892,
        0.9496934413909912,
        0.9371535181999207,
        0.9267574548721313,
        0.922189474105835,
        0.9069461226463318
    ],
    "communication_cost": 25.957305908203125,
    "size_model": 12.978652954101562
}