{
    "train_accuracy": [
        0.4157458543777466,
        0.3522099554538727,
        0.4323204457759857,
        0.4254143536090851,
        0.42817679047584534,
        0.4461326003074646,
        0.46823203563690186,
        0.5262430906295776,
        0.5359116196632385,
        0.5662983655929565
    ],
    "val_accuracy": [
        0.47096773982048035,
        0.522580623626709,
        0.47096773982048035,
        0.47096773982048035,
        0.47096773982048035,
        0.47096773982048035,
        0.57419353723526,
        0.47741934657096863,
        0.40645161271095276,
        0.3870967626571655
    ],
    "train_loss": [
        1.4781121015548706,
        1.4111350774765015,
        1.3723746538162231,
        1.355722188949585,
        1.308801293373108,
        1.2382432222366333,
        1.223095417022705,
        1.1499048471450806,
        1.1224991083145142,
        1.0854748487472534
    ],
    "val_loss": [
        1.4110636711120605,
        1.4163312911987305,
        1.3954124450683594,
        1.385169267654419,
        1.3814656734466553,
        1.3916350603103638,
        1.2770291566848755,
        1.3133511543273926,
        1.337544322013855,
        1.3500182628631592
    ],
    "communication_cost": 25.957305908203125,
    "size_model": 12.978652954101562
}