{
    "train_accuracy": [
        0.638198733329773,
        0.6723602414131165,
        0.6770186424255371,
        0.6863353848457336,
        0.6739130616188049,
        0.6832298040390015,
        0.6847826242446899,
        0.6987577676773071,
        0.7142857313156128,
        0.7127329111099243
    ],
    "val_accuracy": [
        0.695652186870575,
        0.695652186870575,
        0.695652186870575,
        0.6884058117866516,
        0.6884058117866516,
        0.6884058117866516,
        0.6594203114509583,
        0.6811594367027283,
        0.7028985619544983,
        0.739130437374115
    ],
    "train_loss": [
        1.302127480506897,
        0.9799597859382629,
        0.9617722630500793,
        0.9455773234367371,
        0.9199684262275696,
        0.8864961266517639,
        0.8692720532417297,
        0.8582099080085754,
        0.8324033617973328,
        0.8092550039291382
    ],
    "val_loss": [
        1.0490529537200928,
        1.0535839796066284,
        1.0376938581466675,
        1.0433677434921265,
        1.0302850008010864,
        1.0073119401931763,
        0.985245943069458,
        0.962655782699585,
        0.9175357222557068,
        0.8525897264480591
    ],
    "communication_cost": 25.957305908203125,
    "size_model": 12.978652954101562
}