{
    "train_accuracy": [
        0.7488151788711548,
        0.8270142078399658,
        0.8222748637199402,
        0.8459715843200684,
        0.8459715843200684,
        0.8578199148178101,
        0.8601895570755005,
        0.8672986030578613,
        0.8767772316932678,
        0.879146933555603
    ],
    "val_accuracy": [
        0.7666666507720947,
        0.7777777910232544,
        0.800000011920929,
        0.8111110925674438,
        0.800000011920929,
        0.800000011920929,
        0.8111110925674438,
        0.7888888716697693,
        0.8111110925674438,
        0.7666666507720947
    ],
    "train_loss": [
        0.7199633717536926,
        0.5729867815971375,
        0.5609714388847351,
        0.5333525538444519,
        0.5152848958969116,
        0.4960375130176544,
        0.4631234407424927,
        0.4605385959148407,
        0.43443533778190613,
        0.4242984354496002
    ],
    "val_loss": [
        0.7018411159515381,
        0.6867752075195312,
        0.7089157700538635,
        0.6747836470603943,
        0.6772165298461914,
        0.6748253703117371,
        0.6458585262298584,
        0.6864227056503296,
        0.6490618586540222,
        0.704390287399292
    ],
    "communication_cost": 25.957305908203125,
    "size_model": 12.978652954101562
}