{
    "train_accuracy": [
        0.6428571343421936,
        0.7096273303031921,
        0.75,
        0.7748447060585022,
        0.7888198494911194,
        0.804347813129425,
        0.8198757767677307,
        0.8260869383811951,
        0.8167701959609985,
        0.8167701959609985
    ],
    "val_accuracy": [
        0.7318840622901917,
        0.804347813129425,
        0.7898550629615784,
        0.7971014380455017,
        0.7971014380455017,
        0.782608687877655,
        0.782608687877655,
        0.782608687877655,
        0.782608687877655,
        0.782608687877655
    ],
    "train_loss": [
        0.9623356461524963,
        0.8303770422935486,
        0.75974440574646,
        0.6971660256385803,
        0.6632019877433777,
        0.6484607458114624,
        0.625467836856842,
        0.6053769588470459,
        0.6228211522102356,
        0.6118815541267395
    ],
    "val_loss": [
        0.909188449382782,
        0.8764773011207581,
        0.7974172830581665,
        0.7287719249725342,
        0.7164327502250671,
        0.7148218750953674,
        0.7146825790405273,
        0.6821674108505249,
        0.6892682313919067,
        0.6876943707466125
    ],
    "communication_cost": 25.957305908203125,
    "size_model": 12.978652954101562
}