{
    "train_accuracy": [
        0.5814917087554932,
        0.6229282021522522,
        0.6477900743484497,
        0.6616021990776062,
        0.6767956018447876,
        0.700276255607605,
        0.7320442199707031,
        0.7154695987701416,
        0.7361878156661987,
        0.7720994353294373
    ],
    "val_accuracy": [
        0.44516128301620483,
        0.5096774101257324,
        0.4838709533214569,
        0.42580646276474,
        0.4516128897666931,
        0.4516128897666931,
        0.47096773982048035,
        0.5354838967323303,
        0.5548387169837952,
        0.5354838967323303
    ],
    "train_loss": [
        1.0322113037109375,
        0.9625429511070251,
        0.9151431918144226,
        0.8613645434379578,
        0.8545565009117126,
        0.8273913264274597,
        0.8082167506217957,
        0.8001874089241028,
        0.7612729668617249,
        0.7084828615188599
    ],
    "val_loss": [
        1.3261656761169434,
        1.2453322410583496,
        1.2817429304122925,
        1.4788957834243774,
        1.3929567337036133,
        1.3820652961730957,
        1.3406037092208862,
        1.2015262842178345,
        1.192243218421936,
        1.2813254594802856
    ],
    "communication_cost": 25.957305908203125,
    "size_model": 12.978652954101562
}