{
    "train_accuracy": [
        0.7872670888900757,
        0.8322981595993042,
        0.8447204828262329,
        0.8369565010070801,
        0.861801266670227,
        0.8555900454521179,
        0.8649068474769592,
        0.8649068474769592,
        0.8835403919219971,
        0.8742235898971558
    ],
    "val_accuracy": [
        0.7898550629615784,
        0.7681159377098083,
        0.7971014380455017,
        0.7753623127937317,
        0.7753623127937317,
        0.782608687877655,
        0.7753623127937317,
        0.7753623127937317,
        0.7753623127937317,
        0.7681159377098083
    ],
    "train_loss": [
        0.6698228120803833,
        0.5666433572769165,
        0.5389528274536133,
        0.5460900068283081,
        0.5126733779907227,
        0.5012744069099426,
        0.4827187657356262,
        0.4724161922931671,
        0.4467260241508484,
        0.44395971298217773
    ],
    "val_loss": [
        0.6674887537956238,
        0.7052636742591858,
        0.6538997292518616,
        0.6530860066413879,
        0.6774302124977112,
        0.6654079556465149,
        0.6589087843894958,
        0.6642069816589355,
        0.647851824760437,
        0.6616408228874207
    ],
    "communication_cost": 25.957305908203125,
    "size_model": 12.978652954101562
}