{
    "train_accuracy": [
        0.8265682458877563,
        0.892988920211792,
        0.9040590524673462,
        0.9049815535545349,
        0.9114391207695007,
        0.9271217584609985,
        0.919741690158844,
        0.9234317541122437,
        0.9252767562866211,
        0.9308118224143982
    ],
    "val_accuracy": [
        0.7974137663841248,
        0.8405172228813171,
        0.8405172228813171,
        0.8405172228813171,
        0.8318965435028076,
        0.857758641242981,
        0.8491379022598267,
        0.8448275923728943,
        0.8663793206214905,
        0.8706896305084229
    ],
    "train_loss": [
        0.6486785411834717,
        0.4414263963699341,
        0.4184742569923401,
        0.4172743558883667,
        0.4059269428253174,
        0.37568268179893494,
        0.3848027288913727,
        0.3753592073917389,
        0.3576708436012268,
        0.3468756079673767
    ],
    "val_loss": [
        0.644303023815155,
        0.6079228520393372,
        0.5991635322570801,
        0.6124756932258606,
        0.6048459410667419,
        0.5571342706680298,
        0.5800151824951172,
        0.5738057494163513,
        0.5443873405456543,
        0.5347699522972107
    ],
    "communication_cost": 25.957305908203125,
    "size_model": 12.978652954101562
}