{
    "train_accuracy": [
        0.6780487895011902,
        0.7707316875457764,
        0.7707316875457764,
        0.7707316875457764,
        0.7707316875457764,
        0.7707316875457764,
        0.7707316875457764,
        0.7707316875457764,
        0.7707316875457764,
        0.7756097316741943
    ],
    "val_accuracy": [
        0.75,
        0.75,
        0.75,
        0.75,
        0.75,
        0.75,
        0.75,
        0.75,
        0.75,
        0.75
    ],
    "train_loss": [
        1.4984315633773804,
        1.135833978652954,
        0.8814722299575806,
        0.8282853364944458,
        0.7982769012451172,
        0.7917531132698059,
        0.8123007416725159,
        0.7799772620201111,
        0.7545405626296997,
        0.7652283906936646
    ],
    "val_loss": [
        1.4308147430419922,
        1.0402823686599731,
        0.8863871097564697,
        0.9032043218612671,
        0.8690112829208374,
        0.8493843078613281,
        0.8685824871063232,
        0.8622332215309143,
        0.8426649570465088,
        0.8467387557029724
    ],
    "communication_cost": 25.957305908203125,
    "size_model": 12.978652954101562
}