{
    "train_accuracy": [
        0.6705882549285889,
        0.699999988079071,
        0.699999988079071,
        0.699999988079071,
        0.699999988079071,
        0.7029411792755127,
        0.7029411792755127,
        0.7176470756530762,
        0.7176470756530762,
        0.7147058844566345
    ],
    "val_accuracy": [
        0.6438356041908264,
        0.6438356041908264,
        0.6438356041908264,
        0.6438356041908264,
        0.6438356041908264,
        0.6301369667053223,
        0.6164383292198181,
        0.6301369667053223,
        0.6712328791618347,
        0.6849315166473389
    ],
    "train_loss": [
        1.119580864906311,
        1.0122500658035278,
        1.0005370378494263,
        0.973773181438446,
        0.9430105686187744,
        0.9161243438720703,
        0.8884192109107971,
        0.8549408912658691,
        0.8503201603889465,
        0.8165897130966187
    ],
    "val_loss": [
        1.100239872932434,
        1.072703242301941,
        1.0683343410491943,
        1.0422313213348389,
        1.007634162902832,
        0.9885339736938477,
        0.9678943753242493,
        0.9507524967193604,
        0.9462065100669861,
        0.9419596195220947
    ],
    "communication_cost": 25.957305908203125,
    "size_model": 12.978652954101562
}