{
    "train_accuracy": [
        0.6655844449996948,
        0.6655844449996948,
        0.7110389471054077,
        0.7435064911842346,
        0.7272727489471436,
        0.7370129823684692,
        0.7272727489471436,
        0.7597402334213257,
        0.7467532753944397,
        0.7370129823684692
    ],
    "val_accuracy": [
        0.6060606241226196,
        0.5909090638160706,
        0.6060606241226196,
        0.6818181872367859,
        0.6666666865348816,
        0.6666666865348816,
        0.6515151262283325,
        0.6363636255264282,
        0.6515151262283325,
        0.6363636255264282
    ],
    "train_loss": [
        0.9747365713119507,
        0.9295641183853149,
        0.8992000222206116,
        0.8269773125648499,
        0.8118531107902527,
        0.7775707244873047,
        0.7805739641189575,
        0.7781886458396912,
        0.7633376121520996,
        0.762932538986206
    ],
    "val_loss": [
        1.0889049768447876,
        1.1098285913467407,
        1.0095837116241455,
        0.9325382113456726,
        0.9329525828361511,
        0.9521673917770386,
        0.9690077304840088,
        1.0203359127044678,
        1.0245530605316162,
        1.0277987718582153
    ],
    "communication_cost": 25.957305908203125,
    "size_model": 12.978652954101562
}