{
    "train_accuracy": [
        0.6710526347160339,
        0.7280701994895935,
        0.7368420958518982,
        0.7456140518188477,
        0.7587719559669495,
        0.7763158082962036,
        0.8070175647735596,
        0.7938596606254578,
        0.8070175647735596,
        0.8114035129547119
    ],
    "val_accuracy": [
        0.6530612111091614,
        0.6938775777816772,
        0.6326530575752258,
        0.6938775777816772,
        0.7142857313156128,
        0.7142857313156128,
        0.6734693646430969,
        0.6734693646430969,
        0.7142857313156128,
        0.7142857313156128
    ],
    "train_loss": [
        1.0251390933990479,
        0.8950626254081726,
        0.855870246887207,
        0.8059545755386353,
        0.788243293762207,
        0.7790639996528625,
        0.7436843514442444,
        0.7072979211807251,
        0.6916553974151611,
        0.7037073969841003
    ],
    "val_loss": [
        1.0162990093231201,
        1.0332376956939697,
        0.9753768444061279,
        0.9343640208244324,
        0.9045755863189697,
        0.877777099609375,
        0.8711057901382446,
        0.855804443359375,
        0.8502795696258545,
        0.8389770984649658
    ],
    "communication_cost": 25.957305908203125,
    "size_model": 12.978652954101562
}