{
    "train_accuracy": [
        0.5394737124443054,
        0.7149122953414917,
        0.7149122953414917,
        0.7149122953414917,
        0.7149122953414917,
        0.7149122953414917,
        0.7149122953414917,
        0.7149122953414917,
        0.7149122953414917,
        0.7149122953414917
    ],
    "val_accuracy": [
        0.6326530575752258,
        0.6326530575752258,
        0.6326530575752258,
        0.6326530575752258,
        0.6326530575752258,
        0.6326530575752258,
        0.6326530575752258,
        0.6326530575752258,
        0.6326530575752258,
        0.6326530575752258
    ],
    "train_loss": [
        1.5484519004821777,
        1.2943156957626343,
        1.1803054809570312,
        1.0966936349868774,
        1.1144578456878662,
        1.083850622177124,
        1.0831269025802612,
        1.0821521282196045,
        1.0742276906967163,
        1.0722877979278564
    ],
    "val_loss": [
        1.503388524055481,
        1.3024708032608032,
        1.279451608657837,
        1.2998957633972168,
        1.2708481550216675,
        1.2611215114593506,
        1.2648303508758545,
        1.2533464431762695,
        1.246847152709961,
        1.2464418411254883
    ],
    "communication_cost": 25.957305908203125,
    "size_model": 12.978652954101562
}