{
    "train_accuracy": [
        0.7804877758026123,
        0.8829268217086792,
        0.8585366010665894,
        0.8682926893234253,
        0.8682926893234253,
        0.8975609540939331,
        0.8926829099655151,
        0.9219512343406677,
        0.8975609540939331,
        0.9024389982223511
    ],
    "val_accuracy": [
        0.8409090638160706,
        0.7954545617103577,
        0.8409090638160706,
        0.8181818127632141,
        0.8181818127632141,
        0.7954545617103577,
        0.8409090638160706,
        0.8409090638160706,
        0.7954545617103577,
        0.7954545617103577
    ],
    "train_loss": [
        0.7195773720741272,
        0.5639880895614624,
        0.5485543608665466,
        0.5042368173599243,
        0.48419299721717834,
        0.45492812991142273,
        0.4362678825855255,
        0.42850613594055176,
        0.4321681559085846,
        0.4326421916484833
    ],
    "val_loss": [
        0.68646240234375,
        0.6219043135643005,
        0.6435487866401672,
        0.6372732520103455,
        0.6185281872749329,
        0.6638475656509399,
        0.6093706488609314,
        0.5704678297042847,
        0.638923168182373,
        0.6088722944259644
    ],
    "communication_cost": 25.957305908203125,
    "size_model": 12.978652954101562
}