{
    "train_accuracy": [
        0.7825421094894409,
        0.8055130243301392,
        0.8300153017044067,
        0.8192955851554871,
        0.8361408710479736,
        0.8422664403915405,
        0.8591117858886719,
        0.8713629245758057,
        0.8698315620422363,
        0.8774884939193726
    ],
    "val_accuracy": [
        0.7285714149475098,
        0.7714285850524902,
        0.7571428418159485,
        0.75,
        0.75,
        0.7571428418159485,
        0.7571428418159485,
        0.75,
        0.75,
        0.7714285850524902
    ],
    "train_loss": [
        0.6589014530181885,
        0.5895982980728149,
        0.5667628645896912,
        0.5449934005737305,
        0.5314892530441284,
        0.5043107867240906,
        0.48967623710632324,
        0.46934667229652405,
        0.4491157531738281,
        0.4317816197872162
    ],
    "val_loss": [
        0.8397006392478943,
        0.8056111335754395,
        0.8660093545913696,
        0.8942760825157166,
        0.9108579754829407,
        0.892325222492218,
        0.8913450837135315,
        0.907188892364502,
        0.8882083296775818,
        0.8273050785064697
    ],
    "communication_cost": 25.957305908203125,
    "size_model": 12.978652954101562
}