{
    "train_accuracy": [
        0.7402597665786743,
        0.7402597665786743,
        0.798701286315918,
        0.7922077775001526,
        0.7922077775001526,
        0.8246753215789795,
        0.8214285969734192,
        0.8279221057891846,
        0.850649356842041,
        0.8538960814476013
    ],
    "val_accuracy": [
        0.7272727489471436,
        0.7878788113594055,
        0.8333333134651184,
        0.8333333134651184,
        0.7878788113594055,
        0.7575757503509521,
        0.7727272510528564,
        0.8181818127632141,
        0.7727272510528564,
        0.7878788113594055
    ],
    "train_loss": [
        0.8553191423416138,
        0.814279317855835,
        0.7230209112167358,
        0.6968362331390381,
        0.6900053024291992,
        0.6670317053794861,
        0.6325216293334961,
        0.5929592251777649,
        0.5661009550094604,
        0.5621321797370911
    ],
    "val_loss": [
        0.8402338027954102,
        0.8229084610939026,
        0.7139869928359985,
        0.7148176431655884,
        0.7762760519981384,
        0.822717547416687,
        0.7478069067001343,
        0.6863460540771484,
        0.6783351898193359,
        0.6744751334190369
    ],
    "communication_cost": 25.957305908203125,
    "size_model": 12.978652954101562
}