{
    "train_accuracy": [
        0.6411764621734619,
        0.699999988079071,
        0.699999988079071,
        0.699999988079071,
        0.699999988079071,
        0.699999988079071,
        0.699999988079071,
        0.699999988079071,
        0.699999988079071,
        0.699999988079071
    ],
    "val_accuracy": [
        0.6438356041908264,
        0.6438356041908264,
        0.6438356041908264,
        0.6438356041908264,
        0.6438356041908264,
        0.6438356041908264,
        0.6438356041908264,
        0.6438356041908264,
        0.6438356041908264,
        0.6438356041908264
    ],
    "train_loss": [
        1.4500747919082642,
        1.1532752513885498,
        1.0982345342636108,
        1.0547614097595215,
        1.0523370504379272,
        1.054258942604065,
        1.0362226963043213,
        1.0148048400878906,
        0.9929023385047913,
        0.9827024340629578
    ],
    "val_loss": [
        1.3322972059249878,
        1.1533766984939575,
        1.1368073225021362,
        1.0938727855682373,
        1.0987921953201294,
        1.0818052291870117,
        1.0744059085845947,
        1.0573009252548218,
        1.0351346731185913,
        1.0204927921295166
    ],
    "communication_cost": 25.957305908203125,
    "size_model": 12.978652954101562
}