{
    "train_accuracy": [
        0.5744680762290955,
        0.5780141949653625,
        0.5921986103057861,
        0.585106372833252,
        0.5780141949653625,
        0.588652491569519,
        0.6241135001182556,
        0.6808510422706604,
        0.7092198729515076,
        0.758865237236023
    ],
    "val_accuracy": [
        0.49180328845977783,
        0.49180328845977783,
        0.49180328845977783,
        0.49180328845977783,
        0.49180328845977783,
        0.49180328845977783,
        0.5245901346206665,
        0.5573770403862,
        0.6721311211585999,
        0.6557376980781555
    ],
    "train_loss": [
        1.4495952129364014,
        1.1559052467346191,
        1.0929089784622192,
        1.0835952758789062,
        1.079587697982788,
        1.061801791191101,
        1.0320205688476562,
        1.0111663341522217,
        0.9718945026397705,
        0.9216335415840149
    ],
    "val_loss": [
        1.3858410120010376,
        1.123917818069458,
        1.0949233770370483,
        1.1354336738586426,
        1.1336822509765625,
        1.0992308855056763,
        1.067313551902771,
        1.0488585233688354,
        0.998029351234436,
        0.9482369422912598
    ],
    "communication_cost": 25.957305908203125,
    "size_model": 12.978652954101562
}