{
    "train_accuracy": [
        0.8333333134651184,
        0.847517728805542,
        0.8617021441459656,
        0.868794322013855,
        0.8829787373542786,
        0.8971630930900574,
        0.8971630930900574,
        0.9078013896942139,
        0.914893627166748,
        0.9290780425071716
    ],
    "val_accuracy": [
        0.8524590134620667,
        0.9016393423080444,
        0.9016393423080444,
        0.9016393423080444,
        0.8852459192276001,
        0.9016393423080444,
        0.9016393423080444,
        0.9016393423080444,
        0.9016393423080444,
        0.9016393423080444
    ],
    "train_loss": [
        0.6473371386528015,
        0.5563687682151794,
        0.5135260820388794,
        0.48933836817741394,
        0.4602700173854828,
        0.4367360770702362,
        0.42209678888320923,
        0.39117294549942017,
        0.38732823729515076,
        0.3640850782394409
    ],
    "val_loss": [
        0.5650821328163147,
        0.48579540848731995,
        0.471423476934433,
        0.5048124194145203,
        0.46512022614479065,
        0.44306665658950806,
        0.4254305958747864,
        0.4307422935962677,
        0.4099321961402893,
        0.3989050090312958
    ],
    "communication_cost": 25.957305908203125,
    "size_model": 12.978652954101562
}