{
    "1": {
        "loss": 1.505802792051564,
        "loss_val": 1.5066683444040025,
        "loss_test": 1.505802792051564,
        "val_accuracy": 0.35881238944240623,
        "test_accuracy": 0.3542673149522568,
        "test_f1-score": 0.2407681713974533,
        "CV": 0.42987601591112773
    },
    "2": {
        "loss": 1.2014107761751627,
        "loss_val": 1.191115243135443,
        "loss_test": 1.2014107761751627,
        "val_accuracy": 0.6007545903780994,
        "test_accuracy": 0.5797101451194997,
        "test_f1-score": 0.4181125776829807,
        "CV": 0.46348116757833374
    },
    "3": {
        "loss": 1.186088865985809,
        "loss_val": 1.1475242757374922,
        "loss_test": 1.186088865985809,
        "val_accuracy": 0.6055793714216174,
        "test_accuracy": 0.5539452481576979,
        "test_f1-score": 0.39053013338519826,
        "CV": 0.5720173783469141
    },
    "4": {
        "loss": 1.0774864335566903,
        "loss_val": 1.0123942789056257,
        "loss_test": 1.0774864335566903,
        "val_accuracy": 0.6542926209944266,
        "test_accuracy": 0.6215780958077374,
        "test_f1-score": 0.44635095545050163,
        "CV": 0.5129010200330777
    },
    "5": {
        "loss": 1.0130189531475258,
        "loss_val": 1.0335114061736446,
        "loss_test": 1.0130189531475258,
        "val_accuracy": 0.6527292755298953,
        "test_accuracy": 0.6489532995915067,
        "test_f1-score": 0.4717595093774824,
        "CV": 0.4840109074721649
    }
}