{
    "train_accuracy": [
        0.7503828406333923,
        0.7672281861305237,
        0.7611026167869568,
        0.7901991009712219,
        0.7978560328483582,
        0.8131699562072754,
        0.7901991009712219,
        0.7978560328483582,
        0.8330780863761902,
        0.8346095085144043
    ],
    "val_accuracy": [
        0.7142857313156128,
        0.7357142567634583,
        0.75,
        0.7428571581840515,
        0.7642857432365417,
        0.800000011920929,
        0.7642857432365417,
        0.7642857432365417,
        0.7857142686843872,
        0.7857142686843872
    ],
    "train_loss": [
        0.7826539874076843,
        0.6851595640182495,
        0.6630802154541016,
        0.6446418762207031,
        0.6267257332801819,
        0.5987463593482971,
        0.6105693578720093,
        0.5860815644264221,
        0.5690704584121704,
        0.5490617752075195
    ],
    "val_loss": [
        0.8381495475769043,
        0.8473005294799805,
        0.815039336681366,
        0.8021690249443054,
        0.7637448906898499,
        0.7290933132171631,
        0.7409119606018066,
        0.7547903060913086,
        0.7657391428947449,
        0.7600781321525574
    ],
    "communication_cost": 25.957305908203125,
    "size_model": 12.978652954101562
}