{
    "train_accuracy": [
        0.5744680762290955,
        0.7092198729515076,
        0.7872340679168701,
        0.8404255509376526,
        0.847517728805542,
        0.8617021441459656,
        0.8546099066734314,
        0.8439716100692749,
        0.8156028389930725,
        0.826241135597229
    ],
    "val_accuracy": [
        0.5901639461517334,
        0.6065573692321777,
        0.7377049326896667,
        0.7868852615356445,
        0.7868852615356445,
        0.7377049326896667,
        0.7049180269241333,
        0.6721311211585999,
        0.6393442749977112,
        0.6065573692321777
    ],
    "train_loss": [
        1.1385477781295776,
        0.9478009939193726,
        0.8313026428222656,
        0.7166793346405029,
        0.6627030372619629,
        0.6139634251594543,
        0.6113834977149963,
        0.6230737566947937,
        0.6558994650840759,
        0.666219174861908
    ],
    "val_loss": [
        1.029004693031311,
        0.9158945679664612,
        0.8320682644844055,
        0.7373553514480591,
        0.7200692892074585,
        0.7487404346466064,
        0.7667680382728577,
        0.818273663520813,
        0.8849747180938721,
        0.9267081022262573
    ],
    "communication_cost": 25.957305908203125,
    "size_model": 12.978652954101562
}