{
    "train_accuracy": [
        0.7707316875457764,
        0.8439024686813354,
        0.8195121884346008,
        0.8634146451950073,
        0.8634146451950073,
        0.8780487775802612,
        0.8682926893234253,
        0.8926829099655151,
        0.8975609540939331,
        0.9073171019554138
    ],
    "val_accuracy": [
        0.75,
        0.75,
        0.75,
        0.7727272510528564,
        0.7272727489471436,
        0.7727272510528564,
        0.7727272510528564,
        0.7272727489471436,
        0.7045454382896423,
        0.7272727489471436
    ],
    "train_loss": [
        0.7725220918655396,
        0.656410276889801,
        0.6407031416893005,
        0.5836893320083618,
        0.5546395778656006,
        0.5142577290534973,
        0.5163844227790833,
        0.468758225440979,
        0.4659278988838196,
        0.44018304347991943
    ],
    "val_loss": [
        0.7915652990341187,
        0.7842394113540649,
        0.776780366897583,
        0.7564976215362549,
        0.8116607666015625,
        0.7903041839599609,
        0.7835394144058228,
        0.8276431560516357,
        0.8369694352149963,
        0.8075441718101501
    ],
    "communication_cost": 25.957305908203125,
    "size_model": 12.978652954101562
}