{
    "train_accuracy": [
        0.7512195110321045,
        0.7658536434173584,
        0.785365879535675,
        0.800000011920929,
        0.8146341443061829,
        0.8048780560493469,
        0.800000011920929,
        0.800000011920929,
        0.8390243649482727,
        0.8146341443061829
    ],
    "val_accuracy": [
        0.75,
        0.75,
        0.75,
        0.7727272510528564,
        0.75,
        0.75,
        0.7727272510528564,
        0.7727272510528564,
        0.7727272510528564,
        0.7954545617103577
    ],
    "train_loss": [
        0.9926954507827759,
        0.7744668126106262,
        0.7375104427337646,
        0.7407074570655823,
        0.7027198076248169,
        0.6818198561668396,
        0.6686875224113464,
        0.6807923316955566,
        0.6483831405639648,
        0.6436669826507568
    ],
    "val_loss": [
        0.8595889806747437,
        0.8278139233589172,
        0.8039108514785767,
        0.8276888132095337,
        0.8138684630393982,
        0.8107668161392212,
        0.7974817752838135,
        0.8013333678245544,
        0.7866718173027039,
        0.7928583025932312
    ],
    "communication_cost": 25.957305908203125,
    "size_model": 12.978652954101562
}