{
    "train_accuracy": [
        0.5469255447387695,
        0.5873786211013794,
        0.606796145439148,
        0.6343042254447937,
        0.6650485396385193,
        0.708737850189209,
        0.7249190807342529,
        0.7346278429031372,
        0.7411003112792969,
        0.7572815418243408
    ],
    "val_accuracy": [
        0.61654132604599,
        0.61654132604599,
        0.61654132604599,
        0.6766917109489441,
        0.7744361162185669,
        0.7518796920776367,
        0.7744361162185669,
        0.7969924807548523,
        0.8120300769805908,
        0.7819548845291138
    ],
    "train_loss": [
        1.4020981788635254,
        1.1590667963027954,
        1.1027292013168335,
        1.0409444570541382,
        0.9764506816864014,
        0.9399930834770203,
        0.8970741629600525,
        0.8535600900650024,
        0.8106169700622559,
        0.7811577320098877
    ],
    "val_loss": [
        1.1493464708328247,
        1.1310187578201294,
        1.0867105722427368,
        1.0402910709381104,
        1.0051347017288208,
        0.9639061689376831,
        0.9155735373497009,
        0.8687655329704285,
        0.8466330170631409,
        0.8006538152694702
    ],
    "communication_cost": 25.957305908203125,
    "size_model": 12.978652954101562
}