{
    "train_accuracy": [
        0.606796145439148,
        0.700647234916687,
        0.7427184581756592,
        0.7653721570968628,
        0.7815533876419067,
        0.7928802371025085,
        0.7815533876419067,
        0.7783171534538269,
        0.8122977614402771,
        0.8122977614402771
    ],
    "val_accuracy": [
        0.7894737124443054,
        0.7819548845291138,
        0.7593985199928284,
        0.7894737124443054,
        0.7744361162185669,
        0.7744361162185669,
        0.7819548845291138,
        0.7819548845291138,
        0.7819548845291138,
        0.7819548845291138
    ],
    "train_loss": [
        1.143408179283142,
        0.9193295240402222,
        0.8311347961425781,
        0.757290244102478,
        0.7406195402145386,
        0.7007368206977844,
        0.6932370066642761,
        0.6937478184700012,
        0.6313049793243408,
        0.6451091170310974
    ],
    "val_loss": [
        0.961850643157959,
        0.9110242128372192,
        0.862060546875,
        0.8048384189605713,
        0.8019084334373474,
        0.777681827545166,
        0.7609485387802124,
        0.7415244579315186,
        0.7212650179862976,
        0.707387387752533
    ],
    "communication_cost": 25.957305908203125,
    "size_model": 12.978652954101562
}