{
    "train_accuracy": [
        0.7734627723693848,
        0.7815533876419067,
        0.791262149810791,
        0.8139158487319946,
        0.8171520829200745,
        0.8187702298164368,
        0.8171520829200745,
        0.8381876945495605,
        0.8398058414459229,
        0.844660222530365
    ],
    "val_accuracy": [
        0.7293233275413513,
        0.7744361162185669,
        0.7443609237670898,
        0.7518796920776367,
        0.7894737124443054,
        0.7518796920776367,
        0.7969924807548523,
        0.7819548845291138,
        0.7969924807548523,
        0.7894737124443054
    ],
    "train_loss": [
        0.7912330627441406,
        0.708446741104126,
        0.7143333554267883,
        0.6392789483070374,
        0.616632878780365,
        0.6238738894462585,
        0.5812937617301941,
        0.5690261125564575,
        0.5478174686431885,
        0.541871190071106
    ],
    "val_loss": [
        0.7710785865783691,
        0.7245374917984009,
        0.743045449256897,
        0.7023178935050964,
        0.6705314517021179,
        0.68650883436203,
        0.6329840421676636,
        0.6273818016052246,
        0.6037823557853699,
        0.6052030920982361
    ],
    "communication_cost": 25.957305908203125,
    "size_model": 12.978652954101562
}