{
    "train_accuracy": [
        0.6882352828979492,
        0.7176470756530762,
        0.7382352948188782,
        0.7176470756530762,
        0.7529411911964417,
        0.7323529124259949,
        0.7529411911964417,
        0.779411792755127,
        0.7882353067398071,
        0.7852941155433655
    ],
    "val_accuracy": [
        0.6027397513389587,
        0.6438356041908264,
        0.6712328791618347,
        0.698630154132843,
        0.6712328791618347,
        0.6849315166473389,
        0.698630154132843,
        0.698630154132843,
        0.698630154132843,
        0.6849315166473389
    ],
    "train_loss": [
        0.9639440178871155,
        0.8716423511505127,
        0.8279737830162048,
        0.8202874660491943,
        0.7952762246131897,
        0.779667854309082,
        0.7855274081230164,
        0.7629788517951965,
        0.7336508631706238,
        0.7040653228759766
    ],
    "val_loss": [
        1.0922136306762695,
        0.987848162651062,
        0.9238207936286926,
        0.8981098532676697,
        0.8868345618247986,
        0.8669762015342712,
        0.8869742751121521,
        0.8726916909217834,
        0.8672053217887878,
        0.869756817817688
    ],
    "communication_cost": 25.957305908203125,
    "size_model": 12.978652954101562
}