{
    "train_accuracy": [
        0.6567796468734741,
        0.7033898234367371,
        0.7245762944221497,
        0.7627118825912476,
        0.7838982939720154,
        0.7669491767883301,
        0.8008474707603455,
        0.805084764957428,
        0.8008474707603455,
        0.8220338821411133
    ],
    "val_accuracy": [
        0.6274510025978088,
        0.6470588445663452,
        0.7843137383460999,
        0.8039215803146362,
        0.7450980544090271,
        0.7450980544090271,
        0.686274528503418,
        0.7254902124404907,
        0.7058823704719543,
        0.7058823704719543
    ],
    "train_loss": [
        0.9072310328483582,
        0.7864512205123901,
        0.743995189666748,
        0.7137169241905212,
        0.6432868838310242,
        0.6224998235702515,
        0.6097328066825867,
        0.5994139909744263,
        0.5762614607810974,
        0.5606851577758789
    ],
    "val_loss": [
        0.9330289959907532,
        0.9475150108337402,
        0.8950929045677185,
        0.8741205334663391,
        0.8643916845321655,
        0.8500508069992065,
        0.8568527102470398,
        0.8455324172973633,
        0.8421823978424072,
        0.8288676142692566
    ],
    "communication_cost": 25.957305908203125,
    "size_model": 12.978652954101562
}