{
    "train_accuracy": [
        0.4237288236618042,
        0.5127118825912476,
        0.5169491767883301,
        0.5,
        0.5127118825912476,
        0.4957627058029175,
        0.48728814721107483,
        0.4830508530139923,
        0.5211864113807678,
        0.5677965879440308
    ],
    "val_accuracy": [
        0.6078431606292725,
        0.6078431606292725,
        0.6470588445663452,
        0.6078431606292725,
        0.6274510025978088,
        0.6274510025978088,
        0.6666666865348816,
        0.6470588445663452,
        0.6666666865348816,
        0.6666666865348816
    ],
    "train_loss": [
        1.5323787927627563,
        1.3098499774932861,
        1.137842059135437,
        1.1131130456924438,
        1.0819281339645386,
        1.0930453538894653,
        1.0720455646514893,
        1.0887800455093384,
        1.063077688217163,
        1.0498147010803223
    ],
    "val_loss": [
        1.470116376876831,
        1.2262182235717773,
        1.1484264135360718,
        1.1274163722991943,
        1.161378264427185,
        1.1346296072006226,
        1.1162879467010498,
        1.1146024465560913,
        1.1133570671081543,
        1.1135549545288086
    ],
    "communication_cost": 25.957305908203125,
    "size_model": 12.978652954101562
}