{
    "train_accuracy": [
        0.530701756477356,
        0.7149122953414917,
        0.7149122953414917,
        0.7149122953414917,
        0.7149122953414917,
        0.7149122953414917,
        0.719298243522644,
        0.7280701994895935,
        0.7280701994895935,
        0.7412280440330505
    ],
    "val_accuracy": [
        0.6326530575752258,
        0.6326530575752258,
        0.6326530575752258,
        0.6326530575752258,
        0.6326530575752258,
        0.6326530575752258,
        0.6326530575752258,
        0.6326530575752258,
        0.6326530575752258,
        0.6530612111091614
    ],
    "train_loss": [
        1.2905784845352173,
        1.066760540008545,
        1.0466125011444092,
        1.0279065370559692,
        1.0187567472457886,
        0.9801297783851624,
        0.9698106050491333,
        0.9467746019363403,
        0.9367870688438416,
        0.8948812484741211
    ],
    "val_loss": [
        1.2109383344650269,
        1.2190263271331787,
        1.228007435798645,
        1.1890168190002441,
        1.1891038417816162,
        1.1719776391983032,
        1.1568104028701782,
        1.1363059282302856,
        1.1270506381988525,
        1.0954070091247559
    ],
    "communication_cost": 25.957305908203125,
    "size_model": 12.978652954101562
}