{
    "train_accuracy": [
        0.7907801270484924,
        0.8439716100692749,
        0.8333333134651184,
        0.8333333134651184,
        0.826241135597229,
        0.8510638475418091,
        0.8617021441459656,
        0.8758864998817444,
        0.8617021441459656,
        0.8617021441459656
    ],
    "val_accuracy": [
        0.8360655903816223,
        0.8360655903816223,
        0.7540983557701111,
        0.6721311211585999,
        0.8196721076965332,
        0.8524590134620667,
        0.8360655903816223,
        0.8032786846160889,
        0.7704917788505554,
        0.8360655903816223
    ],
    "train_loss": [
        0.7623041868209839,
        0.6426886320114136,
        0.6300551891326904,
        0.6447893381118774,
        0.6255537271499634,
        0.58977872133255,
        0.5545913577079773,
        0.5398157835006714,
        0.5525936484336853,
        0.5522595047950745
    ],
    "val_loss": [
        0.6807529926300049,
        0.6382136344909668,
        0.7326681017875671,
        0.8489911556243896,
        0.668523907661438,
        0.5902315974235535,
        0.6227959990501404,
        0.6728544235229492,
        0.7040863633155823,
        0.6386193633079529
    ],
    "communication_cost": 25.957305908203125,
    "size_model": 12.978652954101562
}