{
    "train_accuracy": [
        0.7236841917037964,
        0.7982456088066101,
        0.8026315569877625,
        0.7938596606254578,
        0.8157894611358643,
        0.8421052694320679,
        0.8333333134651184,
        0.8552631735801697,
        0.8815789222717285,
        0.8771929740905762
    ],
    "val_accuracy": [
        0.7346938848495483,
        0.7142857313156128,
        0.6938775777816772,
        0.6938775777816772,
        0.7142857313156128,
        0.7346938848495483,
        0.7346938848495483,
        0.7551020383834839,
        0.6938775777816772,
        0.7346938848495483
    ],
    "train_loss": [
        0.9189304709434509,
        0.7152902483940125,
        0.6916736960411072,
        0.6563700437545776,
        0.6401292681694031,
        0.6013680696487427,
        0.5978493690490723,
        0.5585577487945557,
        0.5239571928977966,
        0.5256879329681396
    ],
    "val_loss": [
        0.8401774168014526,
        0.8921768665313721,
        0.8545021414756775,
        0.8377739787101746,
        0.8418655395507812,
        0.8407859206199646,
        0.8309808969497681,
        0.8408684134483337,
        0.8730829358100891,
        0.8734161257743835
    ],
    "communication_cost": 25.957305908203125,
    "size_model": 12.978652954101562
}