{
    "train_accuracy": [
        0.8085758090019226,
        0.852986216545105,
        0.8468606472015381,
        0.845329225063324,
        0.8667687773704529,
        0.8897396922111511,
        0.895865261554718,
        0.8836140632629395,
        0.8897396922111511,
        0.8989280462265015
    ],
    "val_accuracy": [
        0.7428571581840515,
        0.7428571581840515,
        0.7214285731315613,
        0.7428571581840515,
        0.7428571581840515,
        0.75,
        0.7357142567634583,
        0.7428571581840515,
        0.7285714149475098,
        0.7285714149475098
    ],
    "train_loss": [
        0.6096332669258118,
        0.5389298796653748,
        0.5186973214149475,
        0.5104438066482544,
        0.4836972653865814,
        0.44883981347084045,
        0.4507962763309479,
        0.43837520480155945,
        0.409633070230484,
        0.4150944948196411
    ],
    "val_loss": [
        0.8682006001472473,
        0.9278743267059326,
        1.003002643585205,
        0.9181801080703735,
        0.8957465291023254,
        0.9145593047142029,
        0.9672842025756836,
        0.9843841791152954,
        1.083467721939087,
        1.0706181526184082
    ],
    "communication_cost": 25.957305908203125,
    "size_model": 12.978652954101562
}