{
    "train_accuracy": [
        0.672281801700592,
        0.7503828406333923,
        0.784073531627655,
        0.7978560328483582,
        0.7794793248176575,
        0.803981602191925,
        0.8101071715354919,
        0.8085758090019226,
        0.8192955851554871,
        0.8238897323608398
    ],
    "val_accuracy": [
        0.6714285612106323,
        0.7214285731315613,
        0.7357142567634583,
        0.7428571581840515,
        0.7571428418159485,
        0.7642857432365417,
        0.7785714268684387,
        0.7857142686843872,
        0.7785714268684387,
        0.7857142686843872
    ],
    "train_loss": [
        1.0307718515396118,
        0.7574158906936646,
        0.6778920292854309,
        0.6491198539733887,
        0.6528285145759583,
        0.6234599947929382,
        0.6158604621887207,
        0.613328754901886,
        0.5895007252693176,
        0.5796674489974976
    ],
    "val_loss": [
        0.9191533923149109,
        0.87359619140625,
        0.8565245866775513,
        0.8158063888549805,
        0.8164864182472229,
        0.7798381447792053,
        0.7463366389274597,
        0.7553099393844604,
        0.7389888167381287,
        0.705258309841156
    ],
    "communication_cost": 25.957305908203125,
    "size_model": 12.978652954101562
}