{
    "train_accuracy": [
        0.3636363744735718,
        0.37337663769721985,
        0.37337663769721985,
        0.4318181872367859,
        0.48376622796058655,
        0.5162337422370911,
        0.5616883039474487,
        0.5324675440788269,
        0.5941558480262756,
        0.6038960814476013
    ],
    "val_accuracy": [
        0.24242424964904785,
        0.3333333432674408,
        0.3636363744735718,
        0.42424243688583374,
        0.43939393758773804,
        0.40909090638160706,
        0.4848484992980957,
        0.5151515007019043,
        0.6060606241226196,
        0.6666666865348816
    ],
    "train_loss": [
        1.5268505811691284,
        1.3791817426681519,
        1.357318639755249,
        1.322355031967163,
        1.281391978263855,
        1.255798101425171,
        1.2092397212982178,
        1.190197467803955,
        1.1246405839920044,
        1.0914422273635864
    ],
    "val_loss": [
        1.4712148904800415,
        1.3197959661483765,
        1.3096747398376465,
        1.3108853101730347,
        1.2825591564178467,
        1.2489566802978516,
        1.2230993509292603,
        1.193434238433838,
        1.133353352546692,
        1.0863592624664307
    ],
    "communication_cost": 25.957305908203125,
    "size_model": 12.978652954101562
}