{
    "train_accuracy": [
        0.7470588088035583,
        0.770588219165802,
        0.8029412031173706,
        0.8264706134796143,
        0.8264706134796143,
        0.8176470398902893,
        0.8382353186607361,
        0.8382353186607361,
        0.8441176414489746,
        0.8500000238418579
    ],
    "val_accuracy": [
        0.6712328791618347,
        0.7123287916183472,
        0.6849315166473389,
        0.698630154132843,
        0.6712328791618347,
        0.6849315166473389,
        0.7123287916183472,
        0.698630154132843,
        0.698630154132843,
        0.6849315166473389
    ],
    "train_loss": [
        0.804042398929596,
        0.710704505443573,
        0.6501592397689819,
        0.6227814555168152,
        0.5850409269332886,
        0.5845234990119934,
        0.5612202286720276,
        0.5240928530693054,
        0.5050804018974304,
        0.4738599956035614
    ],
    "val_loss": [
        0.8529164791107178,
        0.8838948011398315,
        0.8171187043190002,
        0.819945752620697,
        0.8023827075958252,
        0.7784444689750671,
        0.7817569971084595,
        0.7756884098052979,
        0.7574716806411743,
        0.7509322762489319
    ],
    "communication_cost": 25.957305908203125,
    "size_model": 12.978652954101562
}