{
    "train_accuracy": [
        0.5296609997749329,
        0.47033897042274475,
        0.5508474707603455,
        0.5381355881690979,
        0.5974576473236084,
        0.5805084705352783,
        0.6271186470985413,
        0.6271186470985413,
        0.6440678238868713,
        0.6228813529014587
    ],
    "val_accuracy": [
        0.3137255012989044,
        0.6470588445663452,
        0.5490196347236633,
        0.6274510025978088,
        0.5882353186607361,
        0.6666666865348816,
        0.6078431606292725,
        0.686274528503418,
        0.5490196347236633,
        0.5686274766921997
    ],
    "train_loss": [
        1.159205675125122,
        1.1186249256134033,
        1.0243531465530396,
        1.0420243740081787,
        1.0055344104766846,
        1.0169496536254883,
        0.9860464334487915,
        0.9702139496803284,
        0.9412951469421387,
        0.9539254903793335
    ],
    "val_loss": [
        1.1569815874099731,
        1.0691314935684204,
        1.1211646795272827,
        1.090962529182434,
        1.088902235031128,
        1.0692020654678345,
        1.0688987970352173,
        1.0566163063049316,
        1.054378628730774,
        1.0457614660263062
    ],
    "communication_cost": 25.957305908203125,
    "size_model": 12.978652954101562
}