{
    "train_accuracy": [
        0.5889830589294434,
        0.6440678238868713,
        0.6864407062530518,
        0.6906779408454895,
        0.6864407062530518,
        0.6991525292396545,
        0.7203390002250671,
        0.7796609997749329,
        0.758474588394165,
        0.7838982939720154
    ],
    "val_accuracy": [
        0.5686274766921997,
        0.6274510025978088,
        0.6078431606292725,
        0.6470588445663452,
        0.6666666865348816,
        0.7058823704719543,
        0.6274510025978088,
        0.6470588445663452,
        0.7058823704719543,
        0.7058823704719543
    ],
    "train_loss": [
        1.0259441137313843,
        0.8930639624595642,
        0.8382192850112915,
        0.838093101978302,
        0.8161243796348572,
        0.7608355283737183,
        0.7346568703651428,
        0.7055254578590393,
        0.6813583374023438,
        0.6875983476638794
    ],
    "val_loss": [
        0.9496045708656311,
        0.9662302136421204,
        0.9864458441734314,
        0.9403575658798218,
        0.9309900403022766,
        0.9209105372428894,
        0.9285140037536621,
        0.918292760848999,
        0.8817054629325867,
        0.8781793713569641
    ],
    "communication_cost": 25.957305908203125,
    "size_model": 12.978652954101562
}