{
    "train_accuracy": [
        0.44716691970825195,
        0.48085758090019226,
        0.5068912506103516,
        0.5681470036506653,
        0.7289433479309082,
        0.7442572712898254,
        0.7901991009712219,
        0.7810107469558716,
        0.7917304635047913,
        0.8055130243301392
    ],
    "val_accuracy": [
        0.5285714268684387,
        0.6285714507102966,
        0.5571428537368774,
        0.6642857193946838,
        0.6857143044471741,
        0.6857143044471741,
        0.699999988079071,
        0.7214285731315613,
        0.7357142567634583,
        0.7285714149475098
    ],
    "train_loss": [
        1.38056218624115,
        1.2111607789993286,
        1.184627652168274,
        1.121344804763794,
        0.9004411697387695,
        0.7939794063568115,
        0.7041572332382202,
        0.6779835224151611,
        0.6644140481948853,
        0.6444464325904846
    ],
    "val_loss": [
        1.2770249843597412,
        1.2272430658340454,
        1.2139822244644165,
        1.1019833087921143,
        0.8752155900001526,
        0.9748335480690002,
        0.8992674946784973,
        0.8794223070144653,
        0.8437803983688354,
        0.8614499568939209
    ],
    "communication_cost": 25.957305908203125,
    "size_model": 12.978652954101562
}