{
    "train_accuracy": [
        0.7896440029144287,
        0.807443380355835,
        0.8155339956283569,
        0.8398058414459229,
        0.8462783098220825,
        0.8640776872634888,
        0.852750837802887,
        0.8656957745552063,
        0.8721683025360107,
        0.8996763825416565
    ],
    "val_accuracy": [
        0.8195488452911377,
        0.8270676732063293,
        0.8195488452911377,
        0.8195488452911377,
        0.8195488452911377,
        0.8195488452911377,
        0.8120300769805908,
        0.8045112490653992,
        0.8045112490653992,
        0.8045112490653992
    ],
    "train_loss": [
        0.6645869016647339,
        0.6356557607650757,
        0.5654853582382202,
        0.5245646834373474,
        0.5147735476493835,
        0.5066972970962524,
        0.49893254041671753,
        0.4866303503513336,
        0.46988651156425476,
        0.4288395345211029
    ],
    "val_loss": [
        0.6116065382957458,
        0.5940623879432678,
        0.5930317640304565,
        0.5811524987220764,
        0.560699999332428,
        0.5621504187583923,
        0.5715634822845459,
        0.5780814290046692,
        0.5792256593704224,
        0.575433075428009
    ],
    "communication_cost": 25.957305908203125,
    "size_model": 12.978652954101562
}