{
    "train_accuracy": [
        0.6883116960525513,
        0.7435064911842346,
        0.7629870176315308,
        0.7564935088157654,
        0.7662337422370911,
        0.7792207598686218,
        0.798701286315918,
        0.7954545617103577,
        0.801948070526123,
        0.8279221057891846
    ],
    "val_accuracy": [
        0.6515151262283325,
        0.7424242496490479,
        0.7424242496490479,
        0.7575757503509521,
        0.7575757503509521,
        0.7121211886405945,
        0.7424242496490479,
        0.7575757503509521,
        0.8030303120613098,
        0.8030303120613098
    ],
    "train_loss": [
        0.898841381072998,
        0.8385238647460938,
        0.7586921453475952,
        0.7425971031188965,
        0.7052910327911377,
        0.6843159794807434,
        0.6726301908493042,
        0.65436190366745,
        0.6305795907974243,
        0.6056568026542664
    ],
    "val_loss": [
        0.9941328763961792,
        0.8760186433792114,
        0.7808616161346436,
        0.7903279662132263,
        0.8214278817176819,
        0.796506941318512,
        0.7701719403266907,
        0.7343423366546631,
        0.7199490666389465,
        0.6950191259384155
    ],
    "communication_cost": 25.957305908203125,
    "size_model": 12.978652954101562
}