{
    "train_accuracy": [
        0.5932203531265259,
        0.6737288236618042,
        0.5974576473236084,
        0.6483050584793091,
        0.6991525292396545,
        0.6822034120559692,
        0.694915235042572,
        0.6525423526763916,
        0.6822034120559692,
        0.7033898234367371
    ],
    "val_accuracy": [
        0.6666666865348816,
        0.5686274766921997,
        0.7254902124404907,
        0.7058823704719543,
        0.7254902124404907,
        0.7647058963775635,
        0.7647058963775635,
        0.7450980544090271,
        0.7843137383460999,
        0.7254902124404907
    ],
    "train_loss": [
        1.0251893997192383,
        0.919888436794281,
        0.93833327293396,
        0.8714264631271362,
        0.8475500345230103,
        0.8390070796012878,
        0.8018672466278076,
        0.811259925365448,
        0.7796328663825989,
        0.7779115438461304
    ],
    "val_loss": [
        0.9838009476661682,
        1.0419763326644897,
        1.0312649011611938,
        0.9667506217956543,
        0.9765034317970276,
        0.9490339159965515,
        0.9089381694793701,
        0.9344857335090637,
        0.8831647038459778,
        0.920795202255249
    ],
    "communication_cost": 25.957305908203125,
    "size_model": 12.978652954101562
}