{
    "train_accuracy": [
        0.6535087823867798,
        0.75,
        0.7850877046585083,
        0.7894737124443054,
        0.7938596606254578,
        0.7894737124443054,
        0.8114035129547119,
        0.8070175647735596,
        0.8157894611358643,
        0.8201754093170166
    ],
    "val_accuracy": [
        0.6938775777816772,
        0.6734693646430969,
        0.6938775777816772,
        0.6530612111091614,
        0.6530612111091614,
        0.6530612111091614,
        0.6530612111091614,
        0.6530612111091614,
        0.6734693646430969,
        0.6938775777816772
    ],
    "train_loss": [
        1.0512763261795044,
        0.7874974012374878,
        0.7691119909286499,
        0.7241904139518738,
        0.6965677738189697,
        0.6965041160583496,
        0.6559858918190002,
        0.6233694553375244,
        0.5968503952026367,
        0.608370840549469
    ],
    "val_loss": [
        0.9820438027381897,
        0.997529149055481,
        0.9885685443878174,
        0.9571667313575745,
        0.9551175236701965,
        0.9646359086036682,
        0.9709383845329285,
        0.9715186953544617,
        0.9788663983345032,
        0.9965718984603882
    ],
    "communication_cost": 25.957305908203125,
    "size_model": 12.978652954101562
}