{
    "train_accuracy": [
        0.8014184236526489,
        0.847517728805542,
        0.8510638475418091,
        0.8581560254096985,
        0.8510638475418091,
        0.8758864998817444,
        0.8723404407501221,
        0.868794322013855,
        0.8794326186180115,
        0.890070915222168
    ],
    "val_accuracy": [
        0.7704917788505554,
        0.8196721076965332,
        0.8524590134620667,
        0.8524590134620667,
        0.8524590134620667,
        0.8524590134620667,
        0.8524590134620667,
        0.8524590134620667,
        0.868852436542511,
        0.868852436542511
    ],
    "train_loss": [
        0.6970424652099609,
        0.579530656337738,
        0.554185688495636,
        0.5322046279907227,
        0.5338988304138184,
        0.4986037015914917,
        0.5047646760940552,
        0.4909898042678833,
        0.4724509119987488,
        0.45404917001724243
    ],
    "val_loss": [
        0.7182239294052124,
        0.6606073975563049,
        0.6390917301177979,
        0.6366193294525146,
        0.6243847608566284,
        0.6183017492294312,
        0.6010945439338684,
        0.6246829628944397,
        0.6090959906578064,
        0.6283543109893799
    ],
    "communication_cost": 25.957305908203125,
    "size_model": 12.978652954101562
}