{
    "train_accuracy": [
        0.5097402334213257,
        0.6201298832893372,
        0.6136363744735718,
        0.6525974273681641,
        0.6688311696052551,
        0.7045454382896423,
        0.6883116960525513,
        0.7077922224998474,
        0.701298713684082,
        0.7175324559211731
    ],
    "val_accuracy": [
        0.6060606241226196,
        0.6818181872367859,
        0.469696968793869,
        0.42424243688583374,
        0.560606062412262,
        0.6060606241226196,
        0.560606062412262,
        0.560606062412262,
        0.5151515007019043,
        0.5454545617103577
    ],
    "train_loss": [
        1.3219209909439087,
        1.1385586261749268,
        1.1030856370925903,
        1.027574062347412,
        0.9909361004829407,
        0.9236217141151428,
        0.887010931968689,
        0.8872664570808411,
        0.8823249340057373,
        0.8519490957260132
    ],
    "val_loss": [
        1.240036964416504,
        1.133499026298523,
        1.2075672149658203,
        1.2536667585372925,
        1.1240423917770386,
        1.0500798225402832,
        1.0667675733566284,
        1.085376262664795,
        1.1669392585754395,
        1.1386919021606445
    ],
    "communication_cost": 25.957305908203125,
    "size_model": 12.978652954101562
}