{
    "train_accuracy": [
        0.7382352948188782,
        0.7647058963775635,
        0.7764706015586853,
        0.7823529243469238,
        0.7970588207244873,
        0.8117647171020508,
        0.8088235259056091,
        0.8117647171020508,
        0.8294117450714111,
        0.8441176414489746
    ],
    "val_accuracy": [
        0.6164383292198181,
        0.6027397513389587,
        0.6301369667053223,
        0.6712328791618347,
        0.6301369667053223,
        0.6712328791618347,
        0.6575342416763306,
        0.6712328791618347,
        0.6712328791618347,
        0.6712328791618347
    ],
    "train_loss": [
        0.8235508799552917,
        0.7288708090782166,
        0.7247451543807983,
        0.7039198875427246,
        0.6748697757720947,
        0.6423115134239197,
        0.6338144540786743,
        0.6046795845031738,
        0.5753064751625061,
        0.5361257195472717
    ],
    "val_loss": [
        0.9702445268630981,
        0.9233917593955994,
        0.902493417263031,
        0.8999660015106201,
        0.8997279405593872,
        0.8678222298622131,
        0.9059785008430481,
        0.8768697381019592,
        0.8627758622169495,
        0.8532192707061768
    ],
    "communication_cost": 25.957305908203125,
    "size_model": 12.978652954101562
}