{
    "train_accuracy": [
        0.8146341443061829,
        0.8829268217086792,
        0.9073171019554138,
        0.9024389982223511,
        0.8975609540939331,
        0.8975609540939331,
        0.9024389982223511,
        0.9121951460838318,
        0.9170731902122498,
        0.9121951460838318
    ],
    "val_accuracy": [
        0.7272727489471436,
        0.7727272510528564,
        0.7954545617103577,
        0.7272727489471436,
        0.75,
        0.7272727489471436,
        0.7272727489471436,
        0.7272727489471436,
        0.7727272510528564,
        0.7727272510528564
    ],
    "train_loss": [
        0.6097428202629089,
        0.5044821500778198,
        0.4823377728462219,
        0.4403510093688965,
        0.43020904064178467,
        0.40963634848594666,
        0.3973126709461212,
        0.3709675073623657,
        0.3526451587677002,
        0.34869521856307983
    ],
    "val_loss": [
        0.7657983899116516,
        0.7643483877182007,
        0.7404685616493225,
        0.8086137771606445,
        0.7422071099281311,
        0.7871506214141846,
        0.7670379877090454,
        0.7661899328231812,
        0.7364006638526917,
        0.7438600659370422
    ],
    "communication_cost": 25.957305908203125,
    "size_model": 12.978652954101562
}