{
    "train_accuracy": [
        0.7864077687263489,
        0.7977346181869507,
        0.8139158487319946,
        0.8333333134651184,
        0.8236246109008789,
        0.8414239287376404,
        0.8462783098220825,
        0.8624595403671265,
        0.844660222530365,
        0.8624595403671265
    ],
    "val_accuracy": [
        0.7593985199928284,
        0.7368420958518982,
        0.7593985199928284,
        0.7443609237670898,
        0.7669172883033752,
        0.7669172883033752,
        0.7894737124443054,
        0.7894737124443054,
        0.7819548845291138,
        0.7744361162185669
    ],
    "train_loss": [
        0.7242200374603271,
        0.6416945457458496,
        0.6062334775924683,
        0.5892786979675293,
        0.5826020836830139,
        0.5610436201095581,
        0.520331084728241,
        0.4991022050380707,
        0.5077280402183533,
        0.49113142490386963
    ],
    "val_loss": [
        0.7312338352203369,
        0.7087305188179016,
        0.6949714422225952,
        0.6790098547935486,
        0.654386579990387,
        0.6498945951461792,
        0.6310789585113525,
        0.6069061756134033,
        0.6143273115158081,
        0.615078330039978
    ],
    "communication_cost": 25.957305908203125,
    "size_model": 12.978652954101562
}